[0.000000] (-) TimerEvent: {}
[0.000372] (speech_to_text_interfaces) JobQueued: {'identifier': 'speech_to_text_interfaces', 'dependencies': OrderedDict()}
[0.001064] (speech_to_text_pkg) JobQueued: {'identifier': 'speech_to_text_pkg', 'dependencies': OrderedDict({'speech_to_text_interfaces': '/home/dredre/DevStuff/scrollDiary/speechToText/ros2Workspace/install/speech_to_text_interfaces'})}
[0.001923] (speech_to_text_interfaces) JobStarted: {'identifier': 'speech_to_text_interfaces'}
[0.021377] (speech_to_text_interfaces) JobProgress: {'identifier': 'speech_to_text_interfaces', 'progress': 'cmake'}
[0.022356] (speech_to_text_interfaces) JobProgress: {'identifier': 'speech_to_text_interfaces', 'progress': 'build'}
[0.023245] (speech_to_text_interfaces) Command: {'cmd': ['/usr/local/bin/cmake', '--build', '/home/dredre/DevStuff/scrollDiary/speechToText/ros2Workspace/build/speech_to_text_interfaces', '--', '-j4', '-l4'], 'cwd': '/home/dredre/DevStuff/scrollDiary/speechToText/ros2Workspace/build/speech_to_text_interfaces', 'env': OrderedDict({'LESSOPEN': '| /usr/bin/lesspipe %s', 'USER': 'dredre', 'GZ_CONFIG_PATH': '/opt/ros/jazzy/opt/sdformat_vendor/share/gz', 'XDG_SESSION_TYPE': 'wayland', 'CLUTTER_DISABLE_MIPMAPPED_TEXT': '1', 'SHLVL': '1', 'LD_LIBRARY_PATH': '/opt/ros/jazzy/opt/sdformat_vendor/lib:/opt/ros/jazzy/opt/rviz_ogre_vendor/lib:/opt/ros/jazzy/lib/aarch64-linux-gnu:/opt/ros/jazzy/opt/gz_math_vendor/lib:/opt/ros/jazzy/opt/gz_utils_vendor/lib:/opt/ros/jazzy/opt/gz_tools_vendor/lib:/opt/ros/jazzy/opt/gz_cmake_vendor/lib:/opt/ros/jazzy/lib', 'HOME': '/home/dredre', 'OLDPWD': '/home/dredre', 'DESKTOP_SESSION': 'ubuntu', 'ROS_PYTHON_VERSION': '3', 'GNOME_SHELL_SESSION_MODE': 'ubuntu', 'GTK_MODULES': 'gail:atk-bridge', 'SYSTEMD_EXEC_PID': '2720', 'GSM_SKIP_SSH_AGENT_WORKAROUND': 'true', 'DBUS_SESSION_BUS_ADDRESS': 'unix:path=/run/user/1000/bus', 'COLORTERM': 'truecolor', 'DEBUGINFOD_URLS': 'https://debuginfod.ubuntu.com', 'IM_CONFIG_PHASE': '1', 'WAYLAND_DISPLAY': 'wayland-0', 'ROS_DISTRO': 'jazzy', 'LOGNAME': 'dredre', '_': '/usr/bin/colcon', 'ROS_VERSION': '2', 'MEMORY_PRESSURE_WATCH': '/sys/fs/cgroup/user.slice/user-1000.slice/user@1000.service/session.slice/org.gnome.Shell@wayland.service/memory.pressure', 'XDG_SESSION_CLASS': 'user', 'USERNAME': 'dredre', 'TERM': 'xterm-256color', 'GNOME_DESKTOP_SESSION_ID': 'this-is-deprecated', 'PATH': '/opt/ros/jazzy/opt/gz_tools_vendor/bin:/opt/ros/jazzy/bin:/home/dredre/.local/bin:/usr/local/sbin:/usr/local/bin:/usr/sbin:/usr/bin:/sbin:/bin:/usr/games:/usr/local/games:/snap/bin:/snap/bin:/home/dredre/.local/bin', 'SESSION_MANAGER': 'local/dredre-desktop:@/tmp/.ICE-unix/2689,unix/dredre-desktop:/tmp/.ICE-unix/2689', 'XDG_MENU_PREFIX': 'gnome-', 'GNOME_TERMINAL_SCREEN': '/org/gnome/Terminal/screen/49dbfaeb_d3e7_4c01_b1d4_05be1b8416e4', 'GNOME_SETUP_DISPLAY': ':1', 'XDG_RUNTIME_DIR': '/run/user/1000', 'DISPLAY': ':0', 'LANG': 'C.UTF-8', 'XDG_CURRENT_DESKTOP': 'ubuntu:GNOME', 'XMODIFIERS': '@im=ibus', 'XDG_SESSION_DESKTOP': 'ubuntu', 'XAUTHORITY': '/run/user/1000/.mutter-Xwaylandauth.W3L5L3', 'LS_COLORS': 'rs=0:di=01;34:ln=01;36:mh=00:pi=40;33:so=01;35:do=01;35:bd=40;33;01:cd=40;33;01:or=40;31;01:mi=00:su=37;41:sg=30;43:ca=00:tw=30;42:ow=34;42:st=37;44:ex=01;32:*.tar=01;31:*.tgz=01;31:*.arc=01;31:*.arj=01;31:*.taz=01;31:*.lha=01;31:*.lz4=01;31:*.lzh=01;31:*.lzma=01;31:*.tlz=01;31:*.txz=01;31:*.tzo=01;31:*.t7z=01;31:*.zip=01;31:*.z=01;31:*.dz=01;31:*.gz=01;31:*.lrz=01;31:*.lz=01;31:*.lzo=01;31:*.xz=01;31:*.zst=01;31:*.tzst=01;31:*.bz2=01;31:*.bz=01;31:*.tbz=01;31:*.tbz2=01;31:*.tz=01;31:*.deb=01;31:*.rpm=01;31:*.jar=01;31:*.war=01;31:*.ear=01;31:*.sar=01;31:*.rar=01;31:*.alz=01;31:*.ace=01;31:*.zoo=01;31:*.cpio=01;31:*.7z=01;31:*.rz=01;31:*.cab=01;31:*.wim=01;31:*.swm=01;31:*.dwm=01;31:*.esd=01;31:*.avif=01;35:*.jpg=01;35:*.jpeg=01;35:*.mjpg=01;35:*.mjpeg=01;35:*.gif=01;35:*.bmp=01;35:*.pbm=01;35:*.pgm=01;35:*.ppm=01;35:*.tga=01;35:*.xbm=01;35:*.xpm=01;35:*.tif=01;35:*.tiff=01;35:*.png=01;35:*.svg=01;35:*.svgz=01;35:*.mng=01;35:*.pcx=01;35:*.mov=01;35:*.mpg=01;35:*.mpeg=01;35:*.m2v=01;35:*.mkv=01;35:*.webm=01;35:*.webp=01;35:*.ogm=01;35:*.mp4=01;35:*.m4v=01;35:*.mp4v=01;35:*.vob=01;35:*.qt=01;35:*.nuv=01;35:*.wmv=01;35:*.asf=01;35:*.rm=01;35:*.rmvb=01;35:*.flc=01;35:*.avi=01;35:*.fli=01;35:*.flv=01;35:*.gl=01;35:*.dl=01;35:*.xcf=01;35:*.xwd=01;35:*.yuv=01;35:*.cgm=01;35:*.emf=01;35:*.ogv=01;35:*.ogx=01;35:*.aac=00;36:*.au=00;36:*.flac=00;36:*.m4a=00;36:*.mid=00;36:*.midi=00;36:*.mka=00;36:*.mp3=00;36:*.mpc=00;36:*.ogg=00;36:*.ra=00;36:*.wav=00;36:*.oga=00;36:*.opus=00;36:*.spx=00;36:*.xspf=00;36:*~=00;90:*#=00;90:*.bak=00;90:*.crdownload=00;90:*.dpkg-dist=00;90:*.dpkg-new=00;90:*.dpkg-old=00;90:*.dpkg-tmp=00;90:*.old=00;90:*.orig=00;90:*.part=00;90:*.rej=00;90:*.rpmnew=00;90:*.rpmorig=00;90:*.rpmsave=00;90:*.swp=00;90:*.tmp=00;90:*.ucf-dist=00;90:*.ucf-new=00;90:*.ucf-old=00;90:', 'GNOME_TERMINAL_SERVICE': ':1.101', 'SSH_AUTH_SOCK': '/run/user/1000/keyring/ssh', 'ROS_DOMAIN_ID': '1', 'AMENT_PREFIX_PATH': '/opt/ros/jazzy', 'SHELL': '/bin/bash', 'QT_ACCESSIBILITY': '1', 'GDMSESSION': 'ubuntu', 'LESSCLOSE': '/usr/bin/lesspipe %s %s', 'ROS_AUTOMATIC_DISCOVERY_RANGE': 'SUBNET', 'QT_IM_MODULE': 'ibus', 'PWD': '/home/dredre/DevStuff/scrollDiary/speechToText/ros2Workspace/build/speech_to_text_interfaces', 'XDG_CONFIG_DIRS': '/etc/xdg/xdg-ubuntu:/etc/xdg', 'XDG_DATA_DIRS': '/usr/share/ubuntu:/usr/share/gnome:/usr/local/share/:/usr/share/:/var/lib/snapd/desktop', 'PYTHONPATH': '/opt/ros/jazzy/lib/python3.12/site-packages', 'COLCON': '1', 'MEMORY_PRESSURE_WRITE': 'c29tZSAyMDAwMDAgMjAwMDAwMAA=', 'VTE_VERSION': '7600', 'CMAKE_PREFIX_PATH': '/opt/ros/jazzy/opt/sdformat_vendor:/opt/ros/jazzy/opt/gz_math_vendor:/opt/ros/jazzy/opt/gz_utils_vendor:/opt/ros/jazzy/opt/gz_tools_vendor:/opt/ros/jazzy/opt/gz_cmake_vendor:/opt/ros/jazzy'}), 'shell': False}
[0.094902] (speech_to_text_interfaces) StdoutLine: {'line': b'[  2%] Built target speech_to_text_interfaces__rosidl_generator_type_description\n'}
[0.099868] (-) TimerEvent: {}
[0.114409] (speech_to_text_interfaces) StdoutLine: {'line': b'[  2%] Built target ament_cmake_python_copy_speech_to_text_interfaces\n'}
[0.139549] (speech_to_text_interfaces) StdoutLine: {'line': b'[ 17%] Built target speech_to_text_interfaces__rosidl_generator_c\n'}
[0.149253] (speech_to_text_interfaces) StdoutLine: {'line': b'[ 20%] Built target speech_to_text_interfaces__cpp\n'}
[0.185585] (speech_to_text_interfaces) StdoutLine: {'line': b'[ 29%] Built target speech_to_text_interfaces__rosidl_typesupport_c\n'}
[0.195190] (speech_to_text_interfaces) StdoutLine: {'line': b'[ 38%] Built target speech_to_text_interfaces__rosidl_typesupport_fastrtps_c\n'}
[0.200247] (-) TimerEvent: {}
[0.201641] (speech_to_text_interfaces) StdoutLine: {'line': b'[ 47%] Built target speech_to_text_interfaces__rosidl_typesupport_introspection_c\n'}
[0.244183] (speech_to_text_interfaces) StdoutLine: {'line': b'[ 55%] Built target speech_to_text_interfaces__rosidl_typesupport_fastrtps_cpp\n'}
[0.263764] (speech_to_text_interfaces) StdoutLine: {'line': b'[ 64%] Built target speech_to_text_interfaces__rosidl_typesupport_introspection_cpp\n'}
[0.268189] (speech_to_text_interfaces) StdoutLine: {'line': b'[ 73%] Built target speech_to_text_interfaces__rosidl_typesupport_cpp\n'}
[0.300453] (-) TimerEvent: {}
[0.302589] (speech_to_text_interfaces) StdoutLine: {'line': b'[ 73%] Built target speech_to_text_interfaces\n'}
[0.336570] (speech_to_text_interfaces) StdoutLine: {'line': b'[ 76%] Built target speech_to_text_interfaces__py\n'}
[0.368871] (speech_to_text_interfaces) StdoutLine: {'line': b'[ 82%] Built target speech_to_text_interfaces__rosidl_generator_py\n'}
[0.402570] (-) TimerEvent: {}
[0.411357] (speech_to_text_interfaces) StdoutLine: {'line': b'[ 88%] Built target speech_to_text_interfaces_s__rosidl_typesupport_introspection_c\n'}
[0.441659] (speech_to_text_interfaces) StdoutLine: {'line': b'[ 94%] Built target speech_to_text_interfaces_s__rosidl_typesupport_fastrtps_c\n'}
[0.444922] (speech_to_text_interfaces) StdoutLine: {'line': b'[100%] Built target speech_to_text_interfaces_s__rosidl_typesupport_c\n'}
[0.502697] (-) TimerEvent: {}
[0.603587] (-) TimerEvent: {}
[0.704448] (-) TimerEvent: {}
[0.806569] (-) TimerEvent: {}
[0.860731] (speech_to_text_interfaces) StdoutLine: {'line': b'running egg_info\n'}
[0.901951] (speech_to_text_interfaces) StdoutLine: {'line': b'writing speech_to_text_interfaces.egg-info/PKG-INFO\n'}
[0.902470] (speech_to_text_interfaces) StdoutLine: {'line': b'writing dependency_links to speech_to_text_interfaces.egg-info/dependency_links.txt\n'}
[0.902723] (speech_to_text_interfaces) StdoutLine: {'line': b'writing top-level names to speech_to_text_interfaces.egg-info/top_level.txt\n'}
[0.906651] (-) TimerEvent: {}
[1.006993] (-) TimerEvent: {}
[1.029441] (speech_to_text_interfaces) StdoutLine: {'line': b"reading manifest file 'speech_to_text_interfaces.egg-info/SOURCES.txt'\n"}
[1.031334] (speech_to_text_interfaces) StdoutLine: {'line': b"writing manifest file 'speech_to_text_interfaces.egg-info/SOURCES.txt'\n"}
[1.107162] (-) TimerEvent: {}
[1.161334] (speech_to_text_interfaces) StdoutLine: {'line': b'[100%] Built target ament_cmake_python_build_speech_to_text_interfaces_egg\n'}
[1.182186] (speech_to_text_interfaces) CommandEnded: {'returncode': 0}
[1.183627] (speech_to_text_interfaces) JobProgress: {'identifier': 'speech_to_text_interfaces', 'progress': 'install'}
[1.196808] (speech_to_text_interfaces) Command: {'cmd': ['/usr/local/bin/cmake', '--install', '/home/dredre/DevStuff/scrollDiary/speechToText/ros2Workspace/build/speech_to_text_interfaces'], 'cwd': '/home/dredre/DevStuff/scrollDiary/speechToText/ros2Workspace/build/speech_to_text_interfaces', 'env': OrderedDict({'LESSOPEN': '| /usr/bin/lesspipe %s', 'USER': 'dredre', 'GZ_CONFIG_PATH': '/opt/ros/jazzy/opt/sdformat_vendor/share/gz', 'XDG_SESSION_TYPE': 'wayland', 'CLUTTER_DISABLE_MIPMAPPED_TEXT': '1', 'SHLVL': '1', 'LD_LIBRARY_PATH': '/opt/ros/jazzy/opt/sdformat_vendor/lib:/opt/ros/jazzy/opt/rviz_ogre_vendor/lib:/opt/ros/jazzy/lib/aarch64-linux-gnu:/opt/ros/jazzy/opt/gz_math_vendor/lib:/opt/ros/jazzy/opt/gz_utils_vendor/lib:/opt/ros/jazzy/opt/gz_tools_vendor/lib:/opt/ros/jazzy/opt/gz_cmake_vendor/lib:/opt/ros/jazzy/lib', 'HOME': '/home/dredre', 'OLDPWD': '/home/dredre', 'DESKTOP_SESSION': 'ubuntu', 'ROS_PYTHON_VERSION': '3', 'GNOME_SHELL_SESSION_MODE': 'ubuntu', 'GTK_MODULES': 'gail:atk-bridge', 'SYSTEMD_EXEC_PID': '2720', 'GSM_SKIP_SSH_AGENT_WORKAROUND': 'true', 'DBUS_SESSION_BUS_ADDRESS': 'unix:path=/run/user/1000/bus', 'COLORTERM': 'truecolor', 'DEBUGINFOD_URLS': 'https://debuginfod.ubuntu.com', 'IM_CONFIG_PHASE': '1', 'WAYLAND_DISPLAY': 'wayland-0', 'ROS_DISTRO': 'jazzy', 'LOGNAME': 'dredre', '_': '/usr/bin/colcon', 'ROS_VERSION': '2', 'MEMORY_PRESSURE_WATCH': '/sys/fs/cgroup/user.slice/user-1000.slice/user@1000.service/session.slice/org.gnome.Shell@wayland.service/memory.pressure', 'XDG_SESSION_CLASS': 'user', 'USERNAME': 'dredre', 'TERM': 'xterm-256color', 'GNOME_DESKTOP_SESSION_ID': 'this-is-deprecated', 'PATH': '/opt/ros/jazzy/opt/gz_tools_vendor/bin:/opt/ros/jazzy/bin:/home/dredre/.local/bin:/usr/local/sbin:/usr/local/bin:/usr/sbin:/usr/bin:/sbin:/bin:/usr/games:/usr/local/games:/snap/bin:/snap/bin:/home/dredre/.local/bin', 'SESSION_MANAGER': 'local/dredre-desktop:@/tmp/.ICE-unix/2689,unix/dredre-desktop:/tmp/.ICE-unix/2689', 'XDG_MENU_PREFIX': 'gnome-', 'GNOME_TERMINAL_SCREEN': '/org/gnome/Terminal/screen/49dbfaeb_d3e7_4c01_b1d4_05be1b8416e4', 'GNOME_SETUP_DISPLAY': ':1', 'XDG_RUNTIME_DIR': '/run/user/1000', 'DISPLAY': ':0', 'LANG': 'C.UTF-8', 'XDG_CURRENT_DESKTOP': 'ubuntu:GNOME', 'XMODIFIERS': '@im=ibus', 'XDG_SESSION_DESKTOP': 'ubuntu', 'XAUTHORITY': '/run/user/1000/.mutter-Xwaylandauth.W3L5L3', 'LS_COLORS': 'rs=0:di=01;34:ln=01;36:mh=00:pi=40;33:so=01;35:do=01;35:bd=40;33;01:cd=40;33;01:or=40;31;01:mi=00:su=37;41:sg=30;43:ca=00:tw=30;42:ow=34;42:st=37;44:ex=01;32:*.tar=01;31:*.tgz=01;31:*.arc=01;31:*.arj=01;31:*.taz=01;31:*.lha=01;31:*.lz4=01;31:*.lzh=01;31:*.lzma=01;31:*.tlz=01;31:*.txz=01;31:*.tzo=01;31:*.t7z=01;31:*.zip=01;31:*.z=01;31:*.dz=01;31:*.gz=01;31:*.lrz=01;31:*.lz=01;31:*.lzo=01;31:*.xz=01;31:*.zst=01;31:*.tzst=01;31:*.bz2=01;31:*.bz=01;31:*.tbz=01;31:*.tbz2=01;31:*.tz=01;31:*.deb=01;31:*.rpm=01;31:*.jar=01;31:*.war=01;31:*.ear=01;31:*.sar=01;31:*.rar=01;31:*.alz=01;31:*.ace=01;31:*.zoo=01;31:*.cpio=01;31:*.7z=01;31:*.rz=01;31:*.cab=01;31:*.wim=01;31:*.swm=01;31:*.dwm=01;31:*.esd=01;31:*.avif=01;35:*.jpg=01;35:*.jpeg=01;35:*.mjpg=01;35:*.mjpeg=01;35:*.gif=01;35:*.bmp=01;35:*.pbm=01;35:*.pgm=01;35:*.ppm=01;35:*.tga=01;35:*.xbm=01;35:*.xpm=01;35:*.tif=01;35:*.tiff=01;35:*.png=01;35:*.svg=01;35:*.svgz=01;35:*.mng=01;35:*.pcx=01;35:*.mov=01;35:*.mpg=01;35:*.mpeg=01;35:*.m2v=01;35:*.mkv=01;35:*.webm=01;35:*.webp=01;35:*.ogm=01;35:*.mp4=01;35:*.m4v=01;35:*.mp4v=01;35:*.vob=01;35:*.qt=01;35:*.nuv=01;35:*.wmv=01;35:*.asf=01;35:*.rm=01;35:*.rmvb=01;35:*.flc=01;35:*.avi=01;35:*.fli=01;35:*.flv=01;35:*.gl=01;35:*.dl=01;35:*.xcf=01;35:*.xwd=01;35:*.yuv=01;35:*.cgm=01;35:*.emf=01;35:*.ogv=01;35:*.ogx=01;35:*.aac=00;36:*.au=00;36:*.flac=00;36:*.m4a=00;36:*.mid=00;36:*.midi=00;36:*.mka=00;36:*.mp3=00;36:*.mpc=00;36:*.ogg=00;36:*.ra=00;36:*.wav=00;36:*.oga=00;36:*.opus=00;36:*.spx=00;36:*.xspf=00;36:*~=00;90:*#=00;90:*.bak=00;90:*.crdownload=00;90:*.dpkg-dist=00;90:*.dpkg-new=00;90:*.dpkg-old=00;90:*.dpkg-tmp=00;90:*.old=00;90:*.orig=00;90:*.part=00;90:*.rej=00;90:*.rpmnew=00;90:*.rpmorig=00;90:*.rpmsave=00;90:*.swp=00;90:*.tmp=00;90:*.ucf-dist=00;90:*.ucf-new=00;90:*.ucf-old=00;90:', 'GNOME_TERMINAL_SERVICE': ':1.101', 'SSH_AUTH_SOCK': '/run/user/1000/keyring/ssh', 'ROS_DOMAIN_ID': '1', 'AMENT_PREFIX_PATH': '/opt/ros/jazzy', 'SHELL': '/bin/bash', 'QT_ACCESSIBILITY': '1', 'GDMSESSION': 'ubuntu', 'LESSCLOSE': '/usr/bin/lesspipe %s %s', 'ROS_AUTOMATIC_DISCOVERY_RANGE': 'SUBNET', 'QT_IM_MODULE': 'ibus', 'PWD': '/home/dredre/DevStuff/scrollDiary/speechToText/ros2Workspace/build/speech_to_text_interfaces', 'XDG_CONFIG_DIRS': '/etc/xdg/xdg-ubuntu:/etc/xdg', 'XDG_DATA_DIRS': '/usr/share/ubuntu:/usr/share/gnome:/usr/local/share/:/usr/share/:/var/lib/snapd/desktop', 'PYTHONPATH': '/opt/ros/jazzy/lib/python3.12/site-packages', 'COLCON': '1', 'MEMORY_PRESSURE_WRITE': 'c29tZSAyMDAwMDAgMjAwMDAwMAA=', 'VTE_VERSION': '7600', 'CMAKE_PREFIX_PATH': '/opt/ros/jazzy/opt/sdformat_vendor:/opt/ros/jazzy/opt/gz_math_vendor:/opt/ros/jazzy/opt/gz_utils_vendor:/opt/ros/jazzy/opt/gz_tools_vendor:/opt/ros/jazzy/opt/gz_cmake_vendor:/opt/ros/jazzy'}), 'shell': False}
[1.206032] (speech_to_text_interfaces) StdoutLine: {'line': b'-- Install configuration: ""\n'}
[1.207404] (-) TimerEvent: {}
[1.207627] (speech_to_text_interfaces) StdoutLine: {'line': b'-- Up-to-date: /home/dredre/DevStuff/scrollDiary/speechToText/ros2Workspace/install/speech_to_text_interfaces/share/ament_index/resource_index/rosidl_interfaces/speech_to_text_interfaces\n'}
[1.208258] (speech_to_text_interfaces) StdoutLine: {'line': b'-- Up-to-date: /home/dredre/DevStuff/scrollDiary/speechToText/ros2Workspace/install/speech_to_text_interfaces/share/speech_to_text_interfaces/msg/AudioStamped.json\n'}
[1.208628] (speech_to_text_interfaces) StdoutLine: {'line': b'-- Up-to-date: /home/dredre/DevStuff/scrollDiary/speechToText/ros2Workspace/install/speech_to_text_interfaces/include/speech_to_text_interfaces/speech_to_text_interfaces\n'}
[1.208836] (speech_to_text_interfaces) StdoutLine: {'line': b'-- Up-to-date: /home/dredre/DevStuff/scrollDiary/speechToText/ros2Workspace/install/speech_to_text_interfaces/include/speech_to_text_interfaces/speech_to_text_interfaces/msg\n'}
[1.209021] (speech_to_text_interfaces) StdoutLine: {'line': b'-- Up-to-date: /home/dredre/DevStuff/scrollDiary/speechToText/ros2Workspace/install/speech_to_text_interfaces/include/speech_to_text_interfaces/speech_to_text_interfaces/msg/audio_stamped.h\n'}
[1.209188] (speech_to_text_interfaces) StdoutLine: {'line': b'-- Up-to-date: /home/dredre/DevStuff/scrollDiary/speechToText/ros2Workspace/install/speech_to_text_interfaces/include/speech_to_text_interfaces/speech_to_text_interfaces/msg/rosidl_generator_c__visibility_control.h\n'}
[1.209672] (speech_to_text_interfaces) StdoutLine: {'line': b'-- Up-to-date: /home/dredre/DevStuff/scrollDiary/speechToText/ros2Workspace/install/speech_to_text_interfaces/include/speech_to_text_interfaces/speech_to_text_interfaces/msg/detail\n'}
[1.211613] (speech_to_text_interfaces) StdoutLine: {'line': b'-- Up-to-date: /home/dredre/DevStuff/scrollDiary/speechToText/ros2Workspace/install/speech_to_text_interfaces/include/speech_to_text_interfaces/speech_to_text_interfaces/msg/detail/audio_stamped__struct.h\n'}
[1.212010] (speech_to_text_interfaces) StdoutLine: {'line': b'-- Up-to-date: /home/dredre/DevStuff/scrollDiary/speechToText/ros2Workspace/install/speech_to_text_interfaces/include/speech_to_text_interfaces/speech_to_text_interfaces/msg/detail/audio_stamped__description.c\n'}
[1.213347] (speech_to_text_interfaces) StdoutLine: {'line': b'-- Up-to-date: /home/dredre/DevStuff/scrollDiary/speechToText/ros2Workspace/install/speech_to_text_interfaces/include/speech_to_text_interfaces/speech_to_text_interfaces/msg/detail/audio_stamped__functions.c\n'}
[1.214189] (speech_to_text_interfaces) StdoutLine: {'line': b'-- Up-to-date: /home/dredre/DevStuff/scrollDiary/speechToText/ros2Workspace/install/speech_to_text_interfaces/include/speech_to_text_interfaces/speech_to_text_interfaces/msg/detail/audio_stamped__functions.h\n'}
[1.216913] (speech_to_text_interfaces) StdoutLine: {'line': b'-- Installing: /home/dredre/DevStuff/scrollDiary/speechToText/ros2Workspace/install/speech_to_text_interfaces/include/speech_to_text_interfaces/speech_to_text_interfaces/msg/detail/audio_stamped__type_support.c\n'}
[1.219825] (speech_to_text_interfaces) StdoutLine: {'line': b'-- Up-to-date: /home/dredre/DevStuff/scrollDiary/speechToText/ros2Workspace/install/speech_to_text_interfaces/include/speech_to_text_interfaces/speech_to_text_interfaces/msg/detail/audio_stamped__type_support.h\n'}
[1.221437] (speech_to_text_interfaces) StdoutLine: {'line': b'-- Up-to-date: /home/dredre/DevStuff/scrollDiary/speechToText/ros2Workspace/install/speech_to_text_interfaces/share/speech_to_text_interfaces/environment/library_path.sh\n'}
[1.222577] (speech_to_text_interfaces) StdoutLine: {'line': b'-- Up-to-date: /home/dredre/DevStuff/scrollDiary/speechToText/ros2Workspace/install/speech_to_text_interfaces/share/speech_to_text_interfaces/environment/library_path.dsv\n'}
[1.225200] (speech_to_text_interfaces) StdoutLine: {'line': b'-- Up-to-date: /home/dredre/DevStuff/scrollDiary/speechToText/ros2Workspace/install/speech_to_text_interfaces/lib/libspeech_to_text_interfaces__rosidl_generator_c.so\n'}
[1.226417] (speech_to_text_interfaces) StdoutLine: {'line': b'-- Up-to-date: /home/dredre/DevStuff/scrollDiary/speechToText/ros2Workspace/install/speech_to_text_interfaces/include/speech_to_text_interfaces/speech_to_text_interfaces\n'}
[1.227078] (speech_to_text_interfaces) StdoutLine: {'line': b'-- Up-to-date: /home/dredre/DevStuff/scrollDiary/speechToText/ros2Workspace/install/speech_to_text_interfaces/include/speech_to_text_interfaces/speech_to_text_interfaces/msg\n'}
[1.227368] (speech_to_text_interfaces) StdoutLine: {'line': b'-- Up-to-date: /home/dredre/DevStuff/scrollDiary/speechToText/ros2Workspace/install/speech_to_text_interfaces/include/speech_to_text_interfaces/speech_to_text_interfaces/msg/rosidl_typesupport_fastrtps_c__visibility_control.h\n'}
[1.229903] (speech_to_text_interfaces) StdoutLine: {'line': b'-- Up-to-date: /home/dredre/DevStuff/scrollDiary/speechToText/ros2Workspace/install/speech_to_text_interfaces/include/speech_to_text_interfaces/speech_to_text_interfaces/msg/detail\n'}
[1.230187] (speech_to_text_interfaces) StdoutLine: {'line': b'-- Up-to-date: /home/dredre/DevStuff/scrollDiary/speechToText/ros2Workspace/install/speech_to_text_interfaces/include/speech_to_text_interfaces/speech_to_text_interfaces/msg/detail/audio_stamped__rosidl_typesupport_fastrtps_c.h\n'}
[1.231749] (speech_to_text_interfaces) StdoutLine: {'line': b'-- Up-to-date: /home/dredre/DevStuff/scrollDiary/speechToText/ros2Workspace/install/speech_to_text_interfaces/lib/libspeech_to_text_interfaces__rosidl_typesupport_fastrtps_c.so\n'}
[1.232153] (speech_to_text_interfaces) StdoutLine: {'line': b'-- Up-to-date: /home/dredre/DevStuff/scrollDiary/speechToText/ros2Workspace/install/speech_to_text_interfaces/include/speech_to_text_interfaces/speech_to_text_interfaces\n'}
[1.232389] (speech_to_text_interfaces) StdoutLine: {'line': b'-- Up-to-date: /home/dredre/DevStuff/scrollDiary/speechToText/ros2Workspace/install/speech_to_text_interfaces/include/speech_to_text_interfaces/speech_to_text_interfaces/msg\n'}
[1.232604] (speech_to_text_interfaces) StdoutLine: {'line': b'-- Up-to-date: /home/dredre/DevStuff/scrollDiary/speechToText/ros2Workspace/install/speech_to_text_interfaces/include/speech_to_text_interfaces/speech_to_text_interfaces/msg/rosidl_typesupport_introspection_c__visibility_control.h\n'}
[1.232819] (speech_to_text_interfaces) StdoutLine: {'line': b'-- Up-to-date: /home/dredre/DevStuff/scrollDiary/speechToText/ros2Workspace/install/speech_to_text_interfaces/include/speech_to_text_interfaces/speech_to_text_interfaces/msg/detail\n'}
[1.233044] (speech_to_text_interfaces) StdoutLine: {'line': b'-- Up-to-date: /home/dredre/DevStuff/scrollDiary/speechToText/ros2Workspace/install/speech_to_text_interfaces/include/speech_to_text_interfaces/speech_to_text_interfaces/msg/detail/audio_stamped__rosidl_typesupport_introspection_c.h\n'}
[1.233304] (speech_to_text_interfaces) StdoutLine: {'line': b'-- Installing: /home/dredre/DevStuff/scrollDiary/speechToText/ros2Workspace/install/speech_to_text_interfaces/include/speech_to_text_interfaces/speech_to_text_interfaces/msg/detail/audio_stamped__type_support.c\n'}
[1.236573] (speech_to_text_interfaces) StdoutLine: {'line': b'-- Up-to-date: /home/dredre/DevStuff/scrollDiary/speechToText/ros2Workspace/install/speech_to_text_interfaces/lib/libspeech_to_text_interfaces__rosidl_typesupport_introspection_c.so\n'}
[1.236863] (speech_to_text_interfaces) StdoutLine: {'line': b'-- Up-to-date: /home/dredre/DevStuff/scrollDiary/speechToText/ros2Workspace/install/speech_to_text_interfaces/lib/libspeech_to_text_interfaces__rosidl_typesupport_c.so\n'}
[1.237049] (speech_to_text_interfaces) StdoutLine: {'line': b'-- Up-to-date: /home/dredre/DevStuff/scrollDiary/speechToText/ros2Workspace/install/speech_to_text_interfaces/include/speech_to_text_interfaces/speech_to_text_interfaces\n'}
[1.237233] (speech_to_text_interfaces) StdoutLine: {'line': b'-- Up-to-date: /home/dredre/DevStuff/scrollDiary/speechToText/ros2Workspace/install/speech_to_text_interfaces/include/speech_to_text_interfaces/speech_to_text_interfaces/msg\n'}
[1.237379] (speech_to_text_interfaces) StdoutLine: {'line': b'-- Up-to-date: /home/dredre/DevStuff/scrollDiary/speechToText/ros2Workspace/install/speech_to_text_interfaces/include/speech_to_text_interfaces/speech_to_text_interfaces/msg/rosidl_generator_cpp__visibility_control.hpp\n'}
[1.237603] (speech_to_text_interfaces) StdoutLine: {'line': b'-- Up-to-date: /home/dredre/DevStuff/scrollDiary/speechToText/ros2Workspace/install/speech_to_text_interfaces/include/speech_to_text_interfaces/speech_to_text_interfaces/msg/audio_stamped.hpp\n'}
[1.237840] (speech_to_text_interfaces) StdoutLine: {'line': b'-- Up-to-date: /home/dredre/DevStuff/scrollDiary/speechToText/ros2Workspace/install/speech_to_text_interfaces/include/speech_to_text_interfaces/speech_to_text_interfaces/msg/detail\n'}
[1.238035] (speech_to_text_interfaces) StdoutLine: {'line': b'-- Up-to-date: /home/dredre/DevStuff/scrollDiary/speechToText/ros2Workspace/install/speech_to_text_interfaces/include/speech_to_text_interfaces/speech_to_text_interfaces/msg/detail/audio_stamped__builder.hpp\n'}
[1.238155] (speech_to_text_interfaces) StdoutLine: {'line': b'-- Up-to-date: /home/dredre/DevStuff/scrollDiary/speechToText/ros2Workspace/install/speech_to_text_interfaces/include/speech_to_text_interfaces/speech_to_text_interfaces/msg/detail/audio_stamped__struct.hpp\n'}
[1.238259] (speech_to_text_interfaces) StdoutLine: {'line': b'-- Up-to-date: /home/dredre/DevStuff/scrollDiary/speechToText/ros2Workspace/install/speech_to_text_interfaces/include/speech_to_text_interfaces/speech_to_text_interfaces/msg/detail/audio_stamped__traits.hpp\n'}
[1.238359] (speech_to_text_interfaces) StdoutLine: {'line': b'-- Up-to-date: /home/dredre/DevStuff/scrollDiary/speechToText/ros2Workspace/install/speech_to_text_interfaces/include/speech_to_text_interfaces/speech_to_text_interfaces/msg/detail/audio_stamped__type_support.hpp\n'}
[1.240616] (speech_to_text_interfaces) StdoutLine: {'line': b'-- Up-to-date: /home/dredre/DevStuff/scrollDiary/speechToText/ros2Workspace/install/speech_to_text_interfaces/include/speech_to_text_interfaces/speech_to_text_interfaces\n'}
[1.240879] (speech_to_text_interfaces) StdoutLine: {'line': b'-- Up-to-date: /home/dredre/DevStuff/scrollDiary/speechToText/ros2Workspace/install/speech_to_text_interfaces/include/speech_to_text_interfaces/speech_to_text_interfaces/msg\n'}
[1.241033] (speech_to_text_interfaces) StdoutLine: {'line': b'-- Up-to-date: /home/dredre/DevStuff/scrollDiary/speechToText/ros2Workspace/install/speech_to_text_interfaces/include/speech_to_text_interfaces/speech_to_text_interfaces/msg/rosidl_typesupport_fastrtps_cpp__visibility_control.h\n'}
[1.241168] (speech_to_text_interfaces) StdoutLine: {'line': b'-- Up-to-date: /home/dredre/DevStuff/scrollDiary/speechToText/ros2Workspace/install/speech_to_text_interfaces/include/speech_to_text_interfaces/speech_to_text_interfaces/msg/detail\n'}
[1.241301] (speech_to_text_interfaces) StdoutLine: {'line': b'-- Up-to-date: /home/dredre/DevStuff/scrollDiary/speechToText/ros2Workspace/install/speech_to_text_interfaces/include/speech_to_text_interfaces/speech_to_text_interfaces/msg/detail/audio_stamped__rosidl_typesupport_fastrtps_cpp.hpp\n'}
[1.241455] (speech_to_text_interfaces) StdoutLine: {'line': b'-- Up-to-date: /home/dredre/DevStuff/scrollDiary/speechToText/ros2Workspace/install/speech_to_text_interfaces/include/speech_to_text_interfaces/speech_to_text_interfaces/msg/detail/dds_fastrtps\n'}
[1.241618] (speech_to_text_interfaces) StdoutLine: {'line': b'-- Up-to-date: /home/dredre/DevStuff/scrollDiary/speechToText/ros2Workspace/install/speech_to_text_interfaces/lib/libspeech_to_text_interfaces__rosidl_typesupport_fastrtps_cpp.so\n'}
[1.241721] (speech_to_text_interfaces) StdoutLine: {'line': b'-- Up-to-date: /home/dredre/DevStuff/scrollDiary/speechToText/ros2Workspace/install/speech_to_text_interfaces/include/speech_to_text_interfaces/speech_to_text_interfaces\n'}
[1.241872] (speech_to_text_interfaces) StdoutLine: {'line': b'-- Up-to-date: /home/dredre/DevStuff/scrollDiary/speechToText/ros2Workspace/install/speech_to_text_interfaces/include/speech_to_text_interfaces/speech_to_text_interfaces/msg\n'}
[1.241996] (speech_to_text_interfaces) StdoutLine: {'line': b'-- Up-to-date: /home/dredre/DevStuff/scrollDiary/speechToText/ros2Workspace/install/speech_to_text_interfaces/include/speech_to_text_interfaces/speech_to_text_interfaces/msg/detail\n'}
[1.242102] (speech_to_text_interfaces) StdoutLine: {'line': b'-- Up-to-date: /home/dredre/DevStuff/scrollDiary/speechToText/ros2Workspace/install/speech_to_text_interfaces/include/speech_to_text_interfaces/speech_to_text_interfaces/msg/detail/audio_stamped__rosidl_typesupport_introspection_cpp.hpp\n'}
[1.242204] (speech_to_text_interfaces) StdoutLine: {'line': b'-- Up-to-date: /home/dredre/DevStuff/scrollDiary/speechToText/ros2Workspace/install/speech_to_text_interfaces/include/speech_to_text_interfaces/speech_to_text_interfaces/msg/detail/audio_stamped__type_support.cpp\n'}
[1.242332] (speech_to_text_interfaces) StdoutLine: {'line': b'-- Up-to-date: /home/dredre/DevStuff/scrollDiary/speechToText/ros2Workspace/install/speech_to_text_interfaces/lib/libspeech_to_text_interfaces__rosidl_typesupport_introspection_cpp.so\n'}
[1.244759] (speech_to_text_interfaces) StdoutLine: {'line': b'-- Up-to-date: /home/dredre/DevStuff/scrollDiary/speechToText/ros2Workspace/install/speech_to_text_interfaces/lib/libspeech_to_text_interfaces__rosidl_typesupport_cpp.so\n'}
[1.245082] (speech_to_text_interfaces) StdoutLine: {'line': b'-- Up-to-date: /home/dredre/DevStuff/scrollDiary/speechToText/ros2Workspace/install/speech_to_text_interfaces/share/speech_to_text_interfaces/environment/pythonpath.sh\n'}
[1.245249] (speech_to_text_interfaces) StdoutLine: {'line': b'-- Up-to-date: /home/dredre/DevStuff/scrollDiary/speechToText/ros2Workspace/install/speech_to_text_interfaces/share/speech_to_text_interfaces/environment/pythonpath.dsv\n'}
[1.245343] (speech_to_text_interfaces) StdoutLine: {'line': b'-- Up-to-date: /home/dredre/DevStuff/scrollDiary/speechToText/ros2Workspace/install/speech_to_text_interfaces/lib/python3.12/site-packages/speech_to_text_interfaces-0.0.0-py3.12.egg-info\n'}
[1.245544] (speech_to_text_interfaces) StdoutLine: {'line': b'-- Installing: /home/dredre/DevStuff/scrollDiary/speechToText/ros2Workspace/install/speech_to_text_interfaces/lib/python3.12/site-packages/speech_to_text_interfaces-0.0.0-py3.12.egg-info/dependency_links.txt\n'}
[1.245671] (speech_to_text_interfaces) StdoutLine: {'line': b'-- Installing: /home/dredre/DevStuff/scrollDiary/speechToText/ros2Workspace/install/speech_to_text_interfaces/lib/python3.12/site-packages/speech_to_text_interfaces-0.0.0-py3.12.egg-info/top_level.txt\n'}
[1.245769] (speech_to_text_interfaces) StdoutLine: {'line': b'-- Installing: /home/dredre/DevStuff/scrollDiary/speechToText/ros2Workspace/install/speech_to_text_interfaces/lib/python3.12/site-packages/speech_to_text_interfaces-0.0.0-py3.12.egg-info/SOURCES.txt\n'}
[1.245866] (speech_to_text_interfaces) StdoutLine: {'line': b'-- Installing: /home/dredre/DevStuff/scrollDiary/speechToText/ros2Workspace/install/speech_to_text_interfaces/lib/python3.12/site-packages/speech_to_text_interfaces-0.0.0-py3.12.egg-info/PKG-INFO\n'}
[1.245978] (speech_to_text_interfaces) StdoutLine: {'line': b'-- Up-to-date: /home/dredre/DevStuff/scrollDiary/speechToText/ros2Workspace/install/speech_to_text_interfaces/lib/python3.12/site-packages/speech_to_text_interfaces\n'}
[1.246106] (speech_to_text_interfaces) StdoutLine: {'line': b'-- Up-to-date: /home/dredre/DevStuff/scrollDiary/speechToText/ros2Workspace/install/speech_to_text_interfaces/lib/python3.12/site-packages/speech_to_text_interfaces/_speech_to_text_interfaces_s.ep.rosidl_typesupport_fastrtps_c.c\n'}
[1.246223] (speech_to_text_interfaces) StdoutLine: {'line': b'-- Up-to-date: /home/dredre/DevStuff/scrollDiary/speechToText/ros2Workspace/install/speech_to_text_interfaces/lib/python3.12/site-packages/speech_to_text_interfaces/_speech_to_text_interfaces_s.ep.rosidl_typesupport_introspection_c.c\n'}
[1.246317] (speech_to_text_interfaces) StdoutLine: {'line': b'-- Up-to-date: /home/dredre/DevStuff/scrollDiary/speechToText/ros2Workspace/install/speech_to_text_interfaces/lib/python3.12/site-packages/speech_to_text_interfaces/speech_to_text_interfaces_s__rosidl_typesupport_c.so\n'}
[1.246416] (speech_to_text_interfaces) StdoutLine: {'line': b'-- Up-to-date: /home/dredre/DevStuff/scrollDiary/speechToText/ros2Workspace/install/speech_to_text_interfaces/lib/python3.12/site-packages/speech_to_text_interfaces/msg\n'}
[1.246619] (speech_to_text_interfaces) StdoutLine: {'line': b'-- Up-to-date: /home/dredre/DevStuff/scrollDiary/speechToText/ros2Workspace/install/speech_to_text_interfaces/lib/python3.12/site-packages/speech_to_text_interfaces/msg/_audio_stamped_s.c\n'}
[1.246793] (speech_to_text_interfaces) StdoutLine: {'line': b'-- Up-to-date: /home/dredre/DevStuff/scrollDiary/speechToText/ros2Workspace/install/speech_to_text_interfaces/lib/python3.12/site-packages/speech_to_text_interfaces/msg/__init__.py\n'}
[1.246981] (speech_to_text_interfaces) StdoutLine: {'line': b'-- Up-to-date: /home/dredre/DevStuff/scrollDiary/speechToText/ros2Workspace/install/speech_to_text_interfaces/lib/python3.12/site-packages/speech_to_text_interfaces/msg/_audio_stamped.py\n'}
[1.247097] (speech_to_text_interfaces) StdoutLine: {'line': b'-- Up-to-date: /home/dredre/DevStuff/scrollDiary/speechToText/ros2Workspace/install/speech_to_text_interfaces/lib/python3.12/site-packages/speech_to_text_interfaces/__init__.py\n'}
[1.247213] (speech_to_text_interfaces) StdoutLine: {'line': b'-- Up-to-date: /home/dredre/DevStuff/scrollDiary/speechToText/ros2Workspace/install/speech_to_text_interfaces/lib/python3.12/site-packages/speech_to_text_interfaces/speech_to_text_interfaces_s__rosidl_typesupport_introspection_c.so\n'}
[1.247359] (speech_to_text_interfaces) StdoutLine: {'line': b'-- Up-to-date: /home/dredre/DevStuff/scrollDiary/speechToText/ros2Workspace/install/speech_to_text_interfaces/lib/python3.12/site-packages/speech_to_text_interfaces/speech_to_text_interfaces_s__rosidl_typesupport_fastrtps_c.so\n'}
[1.247510] (speech_to_text_interfaces) StdoutLine: {'line': b'-- Up-to-date: /home/dredre/DevStuff/scrollDiary/speechToText/ros2Workspace/install/speech_to_text_interfaces/lib/python3.12/site-packages/speech_to_text_interfaces/_speech_to_text_interfaces_s.ep.rosidl_typesupport_c.c\n'}
[1.307602] (-) TimerEvent: {}
[1.321701] (speech_to_text_interfaces) StdoutLine: {'line': b"Listing '/home/dredre/DevStuff/scrollDiary/speechToText/ros2Workspace/install/speech_to_text_interfaces/lib/python3.12/site-packages/speech_to_text_interfaces'...\n"}
[1.322255] (speech_to_text_interfaces) StdoutLine: {'line': b"Listing '/home/dredre/DevStuff/scrollDiary/speechToText/ros2Workspace/install/speech_to_text_interfaces/lib/python3.12/site-packages/speech_to_text_interfaces/msg'...\n"}
[1.351059] (speech_to_text_interfaces) StdoutLine: {'line': b'-- Up-to-date: /home/dredre/DevStuff/scrollDiary/speechToText/ros2Workspace/install/speech_to_text_interfaces/lib/python3.12/site-packages/speech_to_text_interfaces/speech_to_text_interfaces_s__rosidl_typesupport_fastrtps_c.so\n'}
[1.351612] (speech_to_text_interfaces) StdoutLine: {'line': b'-- Up-to-date: /home/dredre/DevStuff/scrollDiary/speechToText/ros2Workspace/install/speech_to_text_interfaces/lib/python3.12/site-packages/speech_to_text_interfaces/speech_to_text_interfaces_s__rosidl_typesupport_introspection_c.so\n'}
[1.353697] (speech_to_text_interfaces) StdoutLine: {'line': b'-- Up-to-date: /home/dredre/DevStuff/scrollDiary/speechToText/ros2Workspace/install/speech_to_text_interfaces/lib/python3.12/site-packages/speech_to_text_interfaces/speech_to_text_interfaces_s__rosidl_typesupport_c.so\n'}
[1.354119] (speech_to_text_interfaces) StdoutLine: {'line': b'-- Up-to-date: /home/dredre/DevStuff/scrollDiary/speechToText/ros2Workspace/install/speech_to_text_interfaces/lib/libspeech_to_text_interfaces__rosidl_generator_py.so\n'}
[1.354351] (speech_to_text_interfaces) StdoutLine: {'line': b'-- Up-to-date: /home/dredre/DevStuff/scrollDiary/speechToText/ros2Workspace/install/speech_to_text_interfaces/share/speech_to_text_interfaces/msg/AudioStamped.idl\n'}
[1.354658] (speech_to_text_interfaces) StdoutLine: {'line': b'-- Up-to-date: /home/dredre/DevStuff/scrollDiary/speechToText/ros2Workspace/install/speech_to_text_interfaces/share/speech_to_text_interfaces/msg/AudioStamped.msg\n'}
[1.354878] (speech_to_text_interfaces) StdoutLine: {'line': b'-- Up-to-date: /home/dredre/DevStuff/scrollDiary/speechToText/ros2Workspace/install/speech_to_text_interfaces/share/ament_index/resource_index/package_run_dependencies/speech_to_text_interfaces\n'}
[1.354988] (speech_to_text_interfaces) StdoutLine: {'line': b'-- Up-to-date: /home/dredre/DevStuff/scrollDiary/speechToText/ros2Workspace/install/speech_to_text_interfaces/share/ament_index/resource_index/parent_prefix_path/speech_to_text_interfaces\n'}
[1.355136] (speech_to_text_interfaces) StdoutLine: {'line': b'-- Up-to-date: /home/dredre/DevStuff/scrollDiary/speechToText/ros2Workspace/install/speech_to_text_interfaces/share/speech_to_text_interfaces/environment/ament_prefix_path.sh\n'}
[1.355240] (speech_to_text_interfaces) StdoutLine: {'line': b'-- Up-to-date: /home/dredre/DevStuff/scrollDiary/speechToText/ros2Workspace/install/speech_to_text_interfaces/share/speech_to_text_interfaces/environment/ament_prefix_path.dsv\n'}
[1.355342] (speech_to_text_interfaces) StdoutLine: {'line': b'-- Up-to-date: /home/dredre/DevStuff/scrollDiary/speechToText/ros2Workspace/install/speech_to_text_interfaces/share/speech_to_text_interfaces/environment/path.sh\n'}
[1.355524] (speech_to_text_interfaces) StdoutLine: {'line': b'-- Up-to-date: /home/dredre/DevStuff/scrollDiary/speechToText/ros2Workspace/install/speech_to_text_interfaces/share/speech_to_text_interfaces/environment/path.dsv\n'}
[1.355720] (speech_to_text_interfaces) StdoutLine: {'line': b'-- Up-to-date: /home/dredre/DevStuff/scrollDiary/speechToText/ros2Workspace/install/speech_to_text_interfaces/share/speech_to_text_interfaces/local_setup.bash\n'}
[1.355860] (speech_to_text_interfaces) StdoutLine: {'line': b'-- Up-to-date: /home/dredre/DevStuff/scrollDiary/speechToText/ros2Workspace/install/speech_to_text_interfaces/share/speech_to_text_interfaces/local_setup.sh\n'}
[1.356005] (speech_to_text_interfaces) StdoutLine: {'line': b'-- Up-to-date: /home/dredre/DevStuff/scrollDiary/speechToText/ros2Workspace/install/speech_to_text_interfaces/share/speech_to_text_interfaces/local_setup.zsh\n'}
[1.356112] (speech_to_text_interfaces) StdoutLine: {'line': b'-- Up-to-date: /home/dredre/DevStuff/scrollDiary/speechToText/ros2Workspace/install/speech_to_text_interfaces/share/speech_to_text_interfaces/local_setup.dsv\n'}
[1.356727] (speech_to_text_interfaces) StdoutLine: {'line': b'-- Installing: /home/dredre/DevStuff/scrollDiary/speechToText/ros2Workspace/install/speech_to_text_interfaces/share/speech_to_text_interfaces/package.dsv\n'}
[1.356924] (speech_to_text_interfaces) StdoutLine: {'line': b'-- Up-to-date: /home/dredre/DevStuff/scrollDiary/speechToText/ros2Workspace/install/speech_to_text_interfaces/share/ament_index/resource_index/packages/speech_to_text_interfaces\n'}
[1.357055] (speech_to_text_interfaces) StdoutLine: {'line': b'-- Up-to-date: /home/dredre/DevStuff/scrollDiary/speechToText/ros2Workspace/install/speech_to_text_interfaces/share/speech_to_text_interfaces/cmake/export_speech_to_text_interfaces__rosidl_generator_cExport.cmake\n'}
[1.357164] (speech_to_text_interfaces) StdoutLine: {'line': b'-- Up-to-date: /home/dredre/DevStuff/scrollDiary/speechToText/ros2Workspace/install/speech_to_text_interfaces/share/speech_to_text_interfaces/cmake/export_speech_to_text_interfaces__rosidl_generator_cExport-noconfig.cmake\n'}
[1.357289] (speech_to_text_interfaces) StdoutLine: {'line': b'-- Up-to-date: /home/dredre/DevStuff/scrollDiary/speechToText/ros2Workspace/install/speech_to_text_interfaces/share/speech_to_text_interfaces/cmake/export_speech_to_text_interfaces__rosidl_typesupport_fastrtps_cExport.cmake\n'}
[1.357510] (speech_to_text_interfaces) StdoutLine: {'line': b'-- Up-to-date: /home/dredre/DevStuff/scrollDiary/speechToText/ros2Workspace/install/speech_to_text_interfaces/share/speech_to_text_interfaces/cmake/export_speech_to_text_interfaces__rosidl_typesupport_fastrtps_cExport-noconfig.cmake\n'}
[1.357625] (speech_to_text_interfaces) StdoutLine: {'line': b'-- Up-to-date: /home/dredre/DevStuff/scrollDiary/speechToText/ros2Workspace/install/speech_to_text_interfaces/share/speech_to_text_interfaces/cmake/speech_to_text_interfaces__rosidl_typesupport_introspection_cExport.cmake\n'}
[1.357776] (speech_to_text_interfaces) StdoutLine: {'line': b'-- Up-to-date: /home/dredre/DevStuff/scrollDiary/speechToText/ros2Workspace/install/speech_to_text_interfaces/share/speech_to_text_interfaces/cmake/speech_to_text_interfaces__rosidl_typesupport_introspection_cExport-noconfig.cmake\n'}
[1.357917] (speech_to_text_interfaces) StdoutLine: {'line': b'-- Up-to-date: /home/dredre/DevStuff/scrollDiary/speechToText/ros2Workspace/install/speech_to_text_interfaces/share/speech_to_text_interfaces/cmake/speech_to_text_interfaces__rosidl_typesupport_cExport.cmake\n'}
[1.358075] (speech_to_text_interfaces) StdoutLine: {'line': b'-- Up-to-date: /home/dredre/DevStuff/scrollDiary/speechToText/ros2Workspace/install/speech_to_text_interfaces/share/speech_to_text_interfaces/cmake/speech_to_text_interfaces__rosidl_typesupport_cExport-noconfig.cmake\n'}
[1.358196] (speech_to_text_interfaces) StdoutLine: {'line': b'-- Up-to-date: /home/dredre/DevStuff/scrollDiary/speechToText/ros2Workspace/install/speech_to_text_interfaces/share/speech_to_text_interfaces/cmake/export_speech_to_text_interfaces__rosidl_generator_cppExport.cmake\n'}
[1.358313] (speech_to_text_interfaces) StdoutLine: {'line': b'-- Up-to-date: /home/dredre/DevStuff/scrollDiary/speechToText/ros2Workspace/install/speech_to_text_interfaces/share/speech_to_text_interfaces/cmake/export_speech_to_text_interfaces__rosidl_typesupport_fastrtps_cppExport.cmake\n'}
[1.358457] (speech_to_text_interfaces) StdoutLine: {'line': b'-- Up-to-date: /home/dredre/DevStuff/scrollDiary/speechToText/ros2Workspace/install/speech_to_text_interfaces/share/speech_to_text_interfaces/cmake/export_speech_to_text_interfaces__rosidl_typesupport_fastrtps_cppExport-noconfig.cmake\n'}
[1.360227] (speech_to_text_interfaces) StdoutLine: {'line': b'-- Up-to-date: /home/dredre/DevStuff/scrollDiary/speechToText/ros2Workspace/install/speech_to_text_interfaces/share/speech_to_text_interfaces/cmake/speech_to_text_interfaces__rosidl_typesupport_introspection_cppExport.cmake\n'}
[1.360512] (speech_to_text_interfaces) StdoutLine: {'line': b'-- Up-to-date: /home/dredre/DevStuff/scrollDiary/speechToText/ros2Workspace/install/speech_to_text_interfaces/share/speech_to_text_interfaces/cmake/speech_to_text_interfaces__rosidl_typesupport_introspection_cppExport-noconfig.cmake\n'}
[1.360651] (speech_to_text_interfaces) StdoutLine: {'line': b'-- Up-to-date: /home/dredre/DevStuff/scrollDiary/speechToText/ros2Workspace/install/speech_to_text_interfaces/share/speech_to_text_interfaces/cmake/speech_to_text_interfaces__rosidl_typesupport_cppExport.cmake\n'}
[1.360769] (speech_to_text_interfaces) StdoutLine: {'line': b'-- Up-to-date: /home/dredre/DevStuff/scrollDiary/speechToText/ros2Workspace/install/speech_to_text_interfaces/share/speech_to_text_interfaces/cmake/speech_to_text_interfaces__rosidl_typesupport_cppExport-noconfig.cmake\n'}
[1.360905] (speech_to_text_interfaces) StdoutLine: {'line': b'-- Up-to-date: /home/dredre/DevStuff/scrollDiary/speechToText/ros2Workspace/install/speech_to_text_interfaces/share/speech_to_text_interfaces/cmake/export_speech_to_text_interfaces__rosidl_generator_pyExport.cmake\n'}
[1.361077] (speech_to_text_interfaces) StdoutLine: {'line': b'-- Up-to-date: /home/dredre/DevStuff/scrollDiary/speechToText/ros2Workspace/install/speech_to_text_interfaces/share/speech_to_text_interfaces/cmake/export_speech_to_text_interfaces__rosidl_generator_pyExport-noconfig.cmake\n'}
[1.361204] (speech_to_text_interfaces) StdoutLine: {'line': b'-- Up-to-date: /home/dredre/DevStuff/scrollDiary/speechToText/ros2Workspace/install/speech_to_text_interfaces/share/speech_to_text_interfaces/cmake/rosidl_cmake-extras.cmake\n'}
[1.361315] (speech_to_text_interfaces) StdoutLine: {'line': b'-- Up-to-date: /home/dredre/DevStuff/scrollDiary/speechToText/ros2Workspace/install/speech_to_text_interfaces/share/speech_to_text_interfaces/cmake/ament_cmake_export_include_directories-extras.cmake\n'}
[1.361423] (speech_to_text_interfaces) StdoutLine: {'line': b'-- Up-to-date: /home/dredre/DevStuff/scrollDiary/speechToText/ros2Workspace/install/speech_to_text_interfaces/share/speech_to_text_interfaces/cmake/ament_cmake_export_libraries-extras.cmake\n'}
[1.362140] (speech_to_text_interfaces) StdoutLine: {'line': b'-- Up-to-date: /home/dredre/DevStuff/scrollDiary/speechToText/ros2Workspace/install/speech_to_text_interfaces/share/speech_to_text_interfaces/cmake/ament_cmake_export_targets-extras.cmake\n'}
[1.362314] (speech_to_text_interfaces) StdoutLine: {'line': b'-- Up-to-date: /home/dredre/DevStuff/scrollDiary/speechToText/ros2Workspace/install/speech_to_text_interfaces/share/speech_to_text_interfaces/cmake/rosidl_cmake_export_typesupport_targets-extras.cmake\n'}
[1.362444] (speech_to_text_interfaces) StdoutLine: {'line': b'-- Up-to-date: /home/dredre/DevStuff/scrollDiary/speechToText/ros2Workspace/install/speech_to_text_interfaces/share/speech_to_text_interfaces/cmake/ament_cmake_export_dependencies-extras.cmake\n'}
[1.362572] (speech_to_text_interfaces) StdoutLine: {'line': b'-- Up-to-date: /home/dredre/DevStuff/scrollDiary/speechToText/ros2Workspace/install/speech_to_text_interfaces/share/speech_to_text_interfaces/cmake/rosidl_cmake_export_typesupport_libraries-extras.cmake\n'}
[1.362662] (speech_to_text_interfaces) StdoutLine: {'line': b'-- Up-to-date: /home/dredre/DevStuff/scrollDiary/speechToText/ros2Workspace/install/speech_to_text_interfaces/share/speech_to_text_interfaces/cmake/speech_to_text_interfacesConfig.cmake\n'}
[1.362775] (speech_to_text_interfaces) StdoutLine: {'line': b'-- Up-to-date: /home/dredre/DevStuff/scrollDiary/speechToText/ros2Workspace/install/speech_to_text_interfaces/share/speech_to_text_interfaces/cmake/speech_to_text_interfacesConfig-version.cmake\n'}
[1.362882] (speech_to_text_interfaces) StdoutLine: {'line': b'-- Up-to-date: /home/dredre/DevStuff/scrollDiary/speechToText/ros2Workspace/install/speech_to_text_interfaces/share/speech_to_text_interfaces/package.xml\n'}
[1.365550] (speech_to_text_interfaces) CommandEnded: {'returncode': 0}
[1.397276] (speech_to_text_interfaces) JobEnded: {'identifier': 'speech_to_text_interfaces', 'rc': 0}
[1.398189] (speech_to_text_pkg) JobStarted: {'identifier': 'speech_to_text_pkg'}
[1.408112] (-) TimerEvent: {}
[1.423390] (speech_to_text_pkg) JobProgress: {'identifier': 'speech_to_text_pkg', 'progress': 'cmake'}
[1.426085] (speech_to_text_pkg) JobProgress: {'identifier': 'speech_to_text_pkg', 'progress': 'build'}
[1.426887] (speech_to_text_pkg) Command: {'cmd': ['/usr/local/bin/cmake', '--build', '/home/dredre/DevStuff/scrollDiary/speechToText/ros2Workspace/build/speech_to_text_pkg', '--', '-j4', '-l4'], 'cwd': '/home/dredre/DevStuff/scrollDiary/speechToText/ros2Workspace/build/speech_to_text_pkg', 'env': OrderedDict({'LESSOPEN': '| /usr/bin/lesspipe %s', 'USER': 'dredre', 'GZ_CONFIG_PATH': '/opt/ros/jazzy/opt/sdformat_vendor/share/gz', 'XDG_SESSION_TYPE': 'wayland', 'CLUTTER_DISABLE_MIPMAPPED_TEXT': '1', 'SHLVL': '1', 'LD_LIBRARY_PATH': '/home/dredre/DevStuff/scrollDiary/speechToText/ros2Workspace/install/speech_to_text_interfaces/lib:/opt/ros/jazzy/opt/sdformat_vendor/lib:/opt/ros/jazzy/opt/rviz_ogre_vendor/lib:/opt/ros/jazzy/lib/aarch64-linux-gnu:/opt/ros/jazzy/opt/gz_math_vendor/lib:/opt/ros/jazzy/opt/gz_utils_vendor/lib:/opt/ros/jazzy/opt/gz_tools_vendor/lib:/opt/ros/jazzy/opt/gz_cmake_vendor/lib:/opt/ros/jazzy/lib', 'HOME': '/home/dredre', 'OLDPWD': '/home/dredre', 'DESKTOP_SESSION': 'ubuntu', 'ROS_PYTHON_VERSION': '3', 'GNOME_SHELL_SESSION_MODE': 'ubuntu', 'GTK_MODULES': 'gail:atk-bridge', 'SYSTEMD_EXEC_PID': '2720', 'GSM_SKIP_SSH_AGENT_WORKAROUND': 'true', 'DBUS_SESSION_BUS_ADDRESS': 'unix:path=/run/user/1000/bus', 'COLORTERM': 'truecolor', 'DEBUGINFOD_URLS': 'https://debuginfod.ubuntu.com', 'IM_CONFIG_PHASE': '1', 'WAYLAND_DISPLAY': 'wayland-0', 'ROS_DISTRO': 'jazzy', 'LOGNAME': 'dredre', '_': '/usr/bin/colcon', 'ROS_VERSION': '2', 'MEMORY_PRESSURE_WATCH': '/sys/fs/cgroup/user.slice/user-1000.slice/user@1000.service/session.slice/org.gnome.Shell@wayland.service/memory.pressure', 'XDG_SESSION_CLASS': 'user', 'USERNAME': 'dredre', 'TERM': 'xterm-256color', 'GNOME_DESKTOP_SESSION_ID': 'this-is-deprecated', 'PATH': '/opt/ros/jazzy/opt/gz_tools_vendor/bin:/opt/ros/jazzy/bin:/home/dredre/.local/bin:/usr/local/sbin:/usr/local/bin:/usr/sbin:/usr/bin:/sbin:/bin:/usr/games:/usr/local/games:/snap/bin:/snap/bin:/home/dredre/.local/bin', 'SESSION_MANAGER': 'local/dredre-desktop:@/tmp/.ICE-unix/2689,unix/dredre-desktop:/tmp/.ICE-unix/2689', 'XDG_MENU_PREFIX': 'gnome-', 'GNOME_TERMINAL_SCREEN': '/org/gnome/Terminal/screen/49dbfaeb_d3e7_4c01_b1d4_05be1b8416e4', 'GNOME_SETUP_DISPLAY': ':1', 'XDG_RUNTIME_DIR': '/run/user/1000', 'DISPLAY': ':0', 'LANG': 'C.UTF-8', 'XDG_CURRENT_DESKTOP': 'ubuntu:GNOME', 'XMODIFIERS': '@im=ibus', 'XDG_SESSION_DESKTOP': 'ubuntu', 'XAUTHORITY': '/run/user/1000/.mutter-Xwaylandauth.W3L5L3', 'LS_COLORS': 'rs=0:di=01;34:ln=01;36:mh=00:pi=40;33:so=01;35:do=01;35:bd=40;33;01:cd=40;33;01:or=40;31;01:mi=00:su=37;41:sg=30;43:ca=00:tw=30;42:ow=34;42:st=37;44:ex=01;32:*.tar=01;31:*.tgz=01;31:*.arc=01;31:*.arj=01;31:*.taz=01;31:*.lha=01;31:*.lz4=01;31:*.lzh=01;31:*.lzma=01;31:*.tlz=01;31:*.txz=01;31:*.tzo=01;31:*.t7z=01;31:*.zip=01;31:*.z=01;31:*.dz=01;31:*.gz=01;31:*.lrz=01;31:*.lz=01;31:*.lzo=01;31:*.xz=01;31:*.zst=01;31:*.tzst=01;31:*.bz2=01;31:*.bz=01;31:*.tbz=01;31:*.tbz2=01;31:*.tz=01;31:*.deb=01;31:*.rpm=01;31:*.jar=01;31:*.war=01;31:*.ear=01;31:*.sar=01;31:*.rar=01;31:*.alz=01;31:*.ace=01;31:*.zoo=01;31:*.cpio=01;31:*.7z=01;31:*.rz=01;31:*.cab=01;31:*.wim=01;31:*.swm=01;31:*.dwm=01;31:*.esd=01;31:*.avif=01;35:*.jpg=01;35:*.jpeg=01;35:*.mjpg=01;35:*.mjpeg=01;35:*.gif=01;35:*.bmp=01;35:*.pbm=01;35:*.pgm=01;35:*.ppm=01;35:*.tga=01;35:*.xbm=01;35:*.xpm=01;35:*.tif=01;35:*.tiff=01;35:*.png=01;35:*.svg=01;35:*.svgz=01;35:*.mng=01;35:*.pcx=01;35:*.mov=01;35:*.mpg=01;35:*.mpeg=01;35:*.m2v=01;35:*.mkv=01;35:*.webm=01;35:*.webp=01;35:*.ogm=01;35:*.mp4=01;35:*.m4v=01;35:*.mp4v=01;35:*.vob=01;35:*.qt=01;35:*.nuv=01;35:*.wmv=01;35:*.asf=01;35:*.rm=01;35:*.rmvb=01;35:*.flc=01;35:*.avi=01;35:*.fli=01;35:*.flv=01;35:*.gl=01;35:*.dl=01;35:*.xcf=01;35:*.xwd=01;35:*.yuv=01;35:*.cgm=01;35:*.emf=01;35:*.ogv=01;35:*.ogx=01;35:*.aac=00;36:*.au=00;36:*.flac=00;36:*.m4a=00;36:*.mid=00;36:*.midi=00;36:*.mka=00;36:*.mp3=00;36:*.mpc=00;36:*.ogg=00;36:*.ra=00;36:*.wav=00;36:*.oga=00;36:*.opus=00;36:*.spx=00;36:*.xspf=00;36:*~=00;90:*#=00;90:*.bak=00;90:*.crdownload=00;90:*.dpkg-dist=00;90:*.dpkg-new=00;90:*.dpkg-old=00;90:*.dpkg-tmp=00;90:*.old=00;90:*.orig=00;90:*.part=00;90:*.rej=00;90:*.rpmnew=00;90:*.rpmorig=00;90:*.rpmsave=00;90:*.swp=00;90:*.tmp=00;90:*.ucf-dist=00;90:*.ucf-new=00;90:*.ucf-old=00;90:', 'GNOME_TERMINAL_SERVICE': ':1.101', 'SSH_AUTH_SOCK': '/run/user/1000/keyring/ssh', 'ROS_DOMAIN_ID': '1', 'AMENT_PREFIX_PATH': '/home/dredre/DevStuff/scrollDiary/speechToText/ros2Workspace/install/speech_to_text_interfaces:/opt/ros/jazzy', 'SHELL': '/bin/bash', 'QT_ACCESSIBILITY': '1', 'GDMSESSION': 'ubuntu', 'LESSCLOSE': '/usr/bin/lesspipe %s %s', 'ROS_AUTOMATIC_DISCOVERY_RANGE': 'SUBNET', 'QT_IM_MODULE': 'ibus', 'PWD': '/home/dredre/DevStuff/scrollDiary/speechToText/ros2Workspace/build/speech_to_text_pkg', 'XDG_CONFIG_DIRS': '/etc/xdg/xdg-ubuntu:/etc/xdg', 'XDG_DATA_DIRS': '/usr/share/ubuntu:/usr/share/gnome:/usr/local/share/:/usr/share/:/var/lib/snapd/desktop', 'PYTHONPATH': '/home/dredre/DevStuff/scrollDiary/speechToText/ros2Workspace/install/speech_to_text_interfaces/lib/python3.12/site-packages:/opt/ros/jazzy/lib/python3.12/site-packages', 'COLCON': '1', 'MEMORY_PRESSURE_WRITE': 'c29tZSAyMDAwMDAgMjAwMDAwMAA=', 'VTE_VERSION': '7600', 'CMAKE_PREFIX_PATH': '/home/dredre/DevStuff/scrollDiary/speechToText/ros2Workspace/install/speech_to_text_interfaces:/opt/ros/jazzy/opt/sdformat_vendor:/opt/ros/jazzy/opt/gz_math_vendor:/opt/ros/jazzy/opt/gz_utils_vendor:/opt/ros/jazzy/opt/gz_tools_vendor:/opt/ros/jazzy/opt/gz_cmake_vendor:/opt/ros/jazzy'}), 'shell': False}
[1.459820] (speech_to_text_pkg) StderrLine: {'line': b'\x1b[0mCMake Deprecation Warning at CMakeLists.txt:1 (cmake_minimum_required):\n'}
[1.460210] (speech_to_text_pkg) StderrLine: {'line': b'  Compatibility with CMake < 3.10 will be removed from a future version of\n'}
[1.460344] (speech_to_text_pkg) StderrLine: {'line': b'  CMake.\n'}
[1.460473] (speech_to_text_pkg) StderrLine: {'line': b'\n'}
[1.460587] (speech_to_text_pkg) StderrLine: {'line': b'  Update the VERSION argument <min> value.  Or, use the <min>...<max> syntax\n'}
[1.460676] (speech_to_text_pkg) StderrLine: {'line': b'  to tell CMake that the project requires at least <min> but has been updated\n'}
[1.460787] (speech_to_text_pkg) StderrLine: {'line': b'  to work with policies introduced by <max> or earlier.\n'}
[1.460881] (speech_to_text_pkg) StderrLine: {'line': b'\n'}
[1.461041] (speech_to_text_pkg) StderrLine: {'line': b'\x1b[0m\n'}
[1.485540] (speech_to_text_pkg) StdoutLine: {'line': b'-- Found ament_cmake: 2.5.5 (/opt/ros/jazzy/share/ament_cmake/cmake)\n'}
[1.508254] (-) TimerEvent: {}
[1.609331] (-) TimerEvent: {}
[1.712930] (-) TimerEvent: {}
[1.813547] (-) TimerEvent: {}
[1.914922] (-) TimerEvent: {}
[2.015393] (-) TimerEvent: {}
[2.072076] (speech_to_text_pkg) StdoutLine: {'line': b'-- Found rclcpp: 28.1.16 (/opt/ros/jazzy/share/rclcpp/cmake)\n'}
[2.115606] (-) TimerEvent: {}
[2.127256] (speech_to_text_pkg) StdoutLine: {'line': b'-- Found rosidl_generator_c: 4.6.7 (/opt/ros/jazzy/share/rosidl_generator_c/cmake)\n'}
[2.149485] (speech_to_text_pkg) StdoutLine: {'line': b'-- Found rosidl_generator_cpp: 4.6.7 (/opt/ros/jazzy/share/rosidl_generator_cpp/cmake)\n'}
[2.171986] (speech_to_text_pkg) StdoutLine: {'line': b'-- Using all available rosidl_typesupport_c: rosidl_typesupport_fastrtps_c;rosidl_typesupport_introspection_c\n'}
[2.199953] (speech_to_text_pkg) StdoutLine: {'line': b'-- Using all available rosidl_typesupport_cpp: rosidl_typesupport_fastrtps_cpp;rosidl_typesupport_introspection_cpp\n'}
[2.215715] (-) TimerEvent: {}
[2.298441] (speech_to_text_pkg) StdoutLine: {'line': b'-- Found rmw_implementation_cmake: 7.3.3 (/opt/ros/jazzy/share/rmw_implementation_cmake/cmake)\n'}
[2.300493] (speech_to_text_pkg) StdoutLine: {'line': b'-- Found rmw_fastrtps_cpp: 8.4.3 (/opt/ros/jazzy/share/rmw_fastrtps_cpp/cmake)\n'}
[2.315831] (-) TimerEvent: {}
[2.406020] (speech_to_text_pkg) StdoutLine: {'line': b"-- Using RMW implementation 'rmw_fastrtps_cpp' as default\n"}
[2.415954] (-) TimerEvent: {}
[2.503978] (speech_to_text_pkg) StdoutLine: {'line': b'-- Found rclpy: 7.1.9 (/opt/ros/jazzy/share/rclpy/cmake)\n'}
[2.504916] (speech_to_text_pkg) StdoutLine: {'line': b'-- Found speech_to_text_interfaces: 0.0.0 (/home/dredre/DevStuff/scrollDiary/speechToText/ros2Workspace/install/speech_to_text_interfaces/share/speech_to_text_interfaces/cmake)\n'}
[2.516108] (-) TimerEvent: {}
[2.529079] (speech_to_text_pkg) StdoutLine: {'line': b'-- Found std_msgs: 5.3.6 (/opt/ros/jazzy/share/std_msgs/cmake)\n'}
[2.616230] (-) TimerEvent: {}
[2.716799] (-) TimerEvent: {}
[2.817167] (-) TimerEvent: {}
[2.917519] (-) TimerEvent: {}
[3.017894] (-) TimerEvent: {}
[3.118342] (-) TimerEvent: {}
[3.218987] (-) TimerEvent: {}
[3.319340] (-) TimerEvent: {}
[3.419749] (-) TimerEvent: {}
[3.520146] (-) TimerEvent: {}
[3.621058] (-) TimerEvent: {}
[3.721405] (-) TimerEvent: {}
[3.821769] (-) TimerEvent: {}
[3.922125] (-) TimerEvent: {}
[4.022504] (-) TimerEvent: {}
[4.122873] (-) TimerEvent: {}
[4.223314] (-) TimerEvent: {}
[4.323733] (-) TimerEvent: {}
[4.424410] (-) TimerEvent: {}
[4.525109] (-) TimerEvent: {}
[4.626647] (-) TimerEvent: {}
[4.727141] (-) TimerEvent: {}
[4.827766] (-) TimerEvent: {}
[4.928495] (-) TimerEvent: {}
[5.029379] (-) TimerEvent: {}
[5.129914] (-) TimerEvent: {}
[5.230487] (-) TimerEvent: {}
[5.331035] (-) TimerEvent: {}
[5.431383] (-) TimerEvent: {}
[5.531806] (-) TimerEvent: {}
[5.632285] (-) TimerEvent: {}
[5.732691] (-) TimerEvent: {}
[5.833068] (-) TimerEvent: {}
[5.933443] (-) TimerEvent: {}
[6.035286] (-) TimerEvent: {}
[6.138971] (-) TimerEvent: {}
[6.244208] (-) TimerEvent: {}
[6.346510] (-) TimerEvent: {}
[6.447156] (-) TimerEvent: {}
[6.548589] (-) TimerEvent: {}
[6.650073] (-) TimerEvent: {}
[6.752064] (-) TimerEvent: {}
[6.855521] (-) TimerEvent: {}
[6.955903] (-) TimerEvent: {}
[7.056390] (-) TimerEvent: {}
[7.157160] (-) TimerEvent: {}
[7.260903] (-) TimerEvent: {}
[7.361340] (-) TimerEvent: {}
[7.466709] (-) TimerEvent: {}
[7.568373] (-) TimerEvent: {}
[7.669158] (-) TimerEvent: {}
[7.772762] (-) TimerEvent: {}
[7.876373] (-) TimerEvent: {}
[7.978218] (-) TimerEvent: {}
[8.079695] (-) TimerEvent: {}
[8.182737] (-) TimerEvent: {}
[8.283284] (-) TimerEvent: {}
[8.383672] (-) TimerEvent: {}
[8.484153] (-) TimerEvent: {}
[8.584699] (-) TimerEvent: {}
[8.685057] (-) TimerEvent: {}
[8.788690] (-) TimerEvent: {}
[8.889105] (-) TimerEvent: {}
[8.989491] (-) TimerEvent: {}
[9.090664] (-) TimerEvent: {}
[9.139913] (speech_to_text_pkg) StderrLine: {'line': b'\x1b[0mCMake Deprecation Warning at /home/dredre/DevStuff/scrollDiary/speechToText/ros2Workspace/build/speech_to_text_pkg/_deps/whisper-src/CMakeLists.txt:1 (cmake_minimum_required):\n'}
[9.143175] (speech_to_text_pkg) StderrLine: {'line': b'  Compatibility with CMake < 3.10 will be removed from a future version of\n'}
[9.143568] (speech_to_text_pkg) StderrLine: {'line': b'  CMake.\n'}
[9.143754] (speech_to_text_pkg) StderrLine: {'line': b'\n'}
[9.143881] (speech_to_text_pkg) StderrLine: {'line': b'  Update the VERSION argument <min> value.  Or, use the <min>...<max> syntax\n'}
[9.144031] (speech_to_text_pkg) StderrLine: {'line': b'  to tell CMake that the project requires at least <min> but has been updated\n'}
[9.144127] (speech_to_text_pkg) StderrLine: {'line': b'  to work with policies introduced by <max> or earlier.\n'}
[9.144229] (speech_to_text_pkg) StderrLine: {'line': b'\n'}
[9.144331] (speech_to_text_pkg) StderrLine: {'line': b'\x1b[0m\n'}
[9.146628] (speech_to_text_pkg) StdoutLine: {'line': b'-- Found Git: /usr/bin/git (found version "2.43.0")\n'}
[9.191578] (-) TimerEvent: {}
[9.245718] (speech_to_text_pkg) StdoutLine: {'line': b'-- The ASM compiler identification is GNU\n'}
[9.250384] (speech_to_text_pkg) StdoutLine: {'line': b'-- Found assembler: /usr/bin/cc\n'}
[9.291688] (-) TimerEvent: {}
[9.328469] (speech_to_text_pkg) StdoutLine: {'line': b'-- Performing Test CMAKE_HAVE_LIBC_PTHREAD\n'}
[9.391801] (-) TimerEvent: {}
[9.492285] (-) TimerEvent: {}
[9.524852] (speech_to_text_pkg) StdoutLine: {'line': b'-- Performing Test CMAKE_HAVE_LIBC_PTHREAD - Success\n'}
[9.527015] (speech_to_text_pkg) StdoutLine: {'line': b'-- Found Threads: TRUE\n'}
[9.537528] (speech_to_text_pkg) StdoutLine: {'line': b'-- Warning: ccache not found - consider installing it for faster compilation or disable this warning with GGML_CCACHE=OFF\n'}
[9.588200] (speech_to_text_pkg) StdoutLine: {'line': b'-- CMAKE_SYSTEM_PROCESSOR: aarch64\n'}
[9.588531] (speech_to_text_pkg) StdoutLine: {'line': b'-- GGML_SYSTEM_ARCH: ARM\n'}
[9.592457] (-) TimerEvent: {}
[9.595890] (speech_to_text_pkg) StdoutLine: {'line': b'-- Including CPU backend\n'}
[9.693035] (-) TimerEvent: {}
[9.794809] (-) TimerEvent: {}
[9.895549] (-) TimerEvent: {}
[9.999141] (-) TimerEvent: {}
[10.103125] (-) TimerEvent: {}
[10.203744] (-) TimerEvent: {}
[10.297770] (speech_to_text_pkg) StdoutLine: {'line': b'-- Found OpenMP_C: -fopenmp (found version "4.5")\n'}
[10.303908] (-) TimerEvent: {}
[10.404256] (-) TimerEvent: {}
[10.465525] (speech_to_text_pkg) StdoutLine: {'line': b'-- Found OpenMP_CXX: -fopenmp (found version "4.5")\n'}
[10.465840] (speech_to_text_pkg) StdoutLine: {'line': b'-- Found OpenMP: TRUE (found version "4.5")\n'}
[10.465964] (speech_to_text_pkg) StdoutLine: {'line': b'-- ARM detected\n'}
[10.466062] (speech_to_text_pkg) StdoutLine: {'line': b'-- Performing Test GGML_COMPILER_SUPPORTS_FP16_FORMAT_I3E\n'}
[10.504498] (-) TimerEvent: {}
[10.550940] (speech_to_text_pkg) StdoutLine: {'line': b'-- Performing Test GGML_COMPILER_SUPPORTS_FP16_FORMAT_I3E - Failed\n'}
[10.578582] (speech_to_text_pkg) StdoutLine: {'line': b'-- ARM detected flags: -mcpu=cortex-a76+crc+crypto\n'}
[10.581426] (speech_to_text_pkg) StdoutLine: {'line': b'-- Performing Test GGML_MACHINE_SUPPORTS_dotprod\n'}
[10.604535] (-) TimerEvent: {}
[10.704880] (-) TimerEvent: {}
[10.805254] (-) TimerEvent: {}
[10.905672] (-) TimerEvent: {}
[11.006070] (-) TimerEvent: {}
[11.106524] (-) TimerEvent: {}
[11.206964] (-) TimerEvent: {}
[11.297601] (speech_to_text_pkg) StdoutLine: {'line': b'-- Performing Test GGML_MACHINE_SUPPORTS_dotprod - Success\n'}
[11.297884] (speech_to_text_pkg) StdoutLine: {'line': b'-- Performing Test GGML_MACHINE_SUPPORTS_i8mm\n'}
[11.307098] (-) TimerEvent: {}
[11.408761] (-) TimerEvent: {}
[11.509159] (-) TimerEvent: {}
[11.612936] (-) TimerEvent: {}
[11.713585] (-) TimerEvent: {}
[11.814194] (-) TimerEvent: {}
[11.915174] (-) TimerEvent: {}
[12.015832] (-) TimerEvent: {}
[12.116206] (-) TimerEvent: {}
[12.216595] (-) TimerEvent: {}
[12.316955] (-) TimerEvent: {}
[12.417314] (-) TimerEvent: {}
[12.517761] (-) TimerEvent: {}
[12.618254] (-) TimerEvent: {}
[12.718626] (-) TimerEvent: {}
[12.818976] (-) TimerEvent: {}
[12.919329] (-) TimerEvent: {}
[13.019690] (-) TimerEvent: {}
[13.120044] (-) TimerEvent: {}
[13.220401] (-) TimerEvent: {}
[13.316607] (speech_to_text_pkg) StdoutLine: {'line': b'-- Performing Test GGML_MACHINE_SUPPORTS_i8mm - Failed\n'}
[13.316939] (speech_to_text_pkg) StdoutLine: {'line': b'-- Performing Test GGML_MACHINE_SUPPORTS_noi8mm\n'}
[13.320503] (-) TimerEvent: {}
[13.420903] (-) TimerEvent: {}
[13.485653] (speech_to_text_pkg) StdoutLine: {'line': b'-- Performing Test GGML_MACHINE_SUPPORTS_noi8mm - Success\n'}
[13.487013] (speech_to_text_pkg) StdoutLine: {'line': b'-- Performing Test GGML_MACHINE_SUPPORTS_sve\n'}
[13.521202] (-) TimerEvent: {}
[13.621738] (-) TimerEvent: {}
[13.722174] (-) TimerEvent: {}
[13.828307] (-) TimerEvent: {}
[13.929118] (-) TimerEvent: {}
[14.030057] (-) TimerEvent: {}
[14.130447] (-) TimerEvent: {}
[14.230790] (-) TimerEvent: {}
[14.331144] (-) TimerEvent: {}
[14.431502] (-) TimerEvent: {}
[14.531896] (-) TimerEvent: {}
[14.632330] (-) TimerEvent: {}
[14.732711] (-) TimerEvent: {}
[14.833066] (-) TimerEvent: {}
[14.933419] (-) TimerEvent: {}
[15.035957] (-) TimerEvent: {}
[15.093772] (speech_to_text_pkg) StdoutLine: {'line': b'-- Performing Test GGML_MACHINE_SUPPORTS_sve - Failed\n'}
[15.094748] (speech_to_text_pkg) StdoutLine: {'line': b'-- Performing Test GGML_MACHINE_SUPPORTS_nosve\n'}
[15.136071] (-) TimerEvent: {}
[15.236787] (-) TimerEvent: {}
[15.304312] (speech_to_text_pkg) StdoutLine: {'line': b'-- Performing Test GGML_MACHINE_SUPPORTS_nosve - Success\n'}
[15.305068] (speech_to_text_pkg) StdoutLine: {'line': b'-- Performing Test GGML_MACHINE_SUPPORTS_sme\n'}
[15.337275] (-) TimerEvent: {}
[15.364681] (speech_to_text_pkg) StdoutLine: {'line': b'-- Performing Test GGML_MACHINE_SUPPORTS_sme - Failed\n'}
[15.365031] (speech_to_text_pkg) StdoutLine: {'line': b'-- Performing Test GGML_MACHINE_SUPPORTS_nosme\n'}
[15.414322] (speech_to_text_pkg) StdoutLine: {'line': b'-- Performing Test GGML_MACHINE_SUPPORTS_nosme - Failed\n'}
[15.414670] (speech_to_text_pkg) StdoutLine: {'line': b'-- Checking for ARM features using flags:\n'}
[15.414785] (speech_to_text_pkg) StdoutLine: {'line': b'--   -U__ARM_FEATURE_MATMUL_INT8\n'}
[15.414874] (speech_to_text_pkg) StdoutLine: {'line': b'--   -U__ARM_FEATURE_SVE\n'}
[15.414957] (speech_to_text_pkg) StdoutLine: {'line': b'--   -mcpu=cortex-a76+crc+crypto+dotprod+noi8mm+nosve\n'}
[15.417924] (speech_to_text_pkg) StdoutLine: {'line': b'-- Performing Test HAVE_DOTPROD\n'}
[15.437396] (-) TimerEvent: {}
[15.537789] (-) TimerEvent: {}
[15.619218] (speech_to_text_pkg) StdoutLine: {'line': b'-- Performing Test HAVE_DOTPROD - Success\n'}
[15.619762] (speech_to_text_pkg) StdoutLine: {'line': b'-- Performing Test HAVE_SVE\n'}
[15.637896] (-) TimerEvent: {}
[15.735579] (speech_to_text_pkg) StdoutLine: {'line': b'-- Performing Test HAVE_SVE - Failed\n'}
[15.735860] (speech_to_text_pkg) StdoutLine: {'line': b'-- Performing Test HAVE_MATMUL_INT8\n'}
[15.737975] (-) TimerEvent: {}
[15.838536] (-) TimerEvent: {}
[15.844718] (speech_to_text_pkg) StdoutLine: {'line': b'-- Performing Test HAVE_MATMUL_INT8 - Failed\n'}
[15.845350] (speech_to_text_pkg) StdoutLine: {'line': b'-- Performing Test HAVE_FMA\n'}
[15.938661] (-) TimerEvent: {}
[16.040647] (-) TimerEvent: {}
[16.065538] (speech_to_text_pkg) StdoutLine: {'line': b'-- Performing Test HAVE_FMA - Success\n'}
[16.066058] (speech_to_text_pkg) StdoutLine: {'line': b'-- Performing Test HAVE_FP16_VECTOR_ARITHMETIC\n'}
[16.141682] (-) TimerEvent: {}
[16.242223] (-) TimerEvent: {}
[16.271774] (speech_to_text_pkg) StdoutLine: {'line': b'-- Performing Test HAVE_FP16_VECTOR_ARITHMETIC - Success\n'}
[16.272711] (speech_to_text_pkg) StdoutLine: {'line': b'-- Performing Test HAVE_SME\n'}
[16.342333] (-) TimerEvent: {}
[16.358656] (speech_to_text_pkg) StdoutLine: {'line': b'-- Performing Test HAVE_SME - Failed\n'}
[16.361345] (speech_to_text_pkg) StdoutLine: {'line': b'-- Adding CPU backend variant ggml-cpu: -U__ARM_FEATURE_MATMUL_INT8;-U__ARM_FEATURE_SVE;-mcpu=cortex-a76+crc+crypto+dotprod+noi8mm+nosve \n'}
[16.379763] (speech_to_text_pkg) StdoutLine: {'line': b'-- ggml version: 0.9.5\n'}
[16.380041] (speech_to_text_pkg) StdoutLine: {'line': b'-- ggml commit:  2eeeba56\n'}
[16.442457] (-) TimerEvent: {}
[16.542878] (-) TimerEvent: {}
[16.617388] (speech_to_text_pkg) StdoutLine: {'line': b'-- Configuring done (15.2s)\n'}
[16.646527] (-) TimerEvent: {}
[16.714828] (speech_to_text_pkg) StdoutLine: {'line': b'-- Generating done (0.1s)\n'}
[16.733880] (speech_to_text_pkg) StdoutLine: {'line': b'-- Build files have been written to: /home/dredre/DevStuff/scrollDiary/speechToText/ros2Workspace/build/speech_to_text_pkg\n'}
[16.746726] (-) TimerEvent: {}
[16.835528] (speech_to_text_pkg) StdoutLine: {'line': b'[  2%] \x1b[32mBuilding C object _deps/whisper-build/ggml/src/CMakeFiles/ggml-base.dir/ggml.c.o\x1b[0m\n'}
[16.842699] (speech_to_text_pkg) StdoutLine: {'line': b'[  5%] \x1b[32mBuilding CXX object _deps/whisper-build/ggml/src/CMakeFiles/ggml-base.dir/ggml.cpp.o\x1b[0m\n'}
[16.847718] (-) TimerEvent: {}
[16.881800] (speech_to_text_pkg) StdoutLine: {'line': b'[  8%] \x1b[32mBuilding CXX object CMakeFiles/audio_capture_node.dir/src/audioCaptureNode.cpp.o\x1b[0m\n'}
[16.883682] (speech_to_text_pkg) StdoutLine: {'line': b'[ 11%] \x1b[32mBuilding CXX object CMakeFiles/transcription_pre_process_node.dir/src/whisperPreProcessNode.cpp.o\x1b[0m\n'}
[16.950621] (-) TimerEvent: {}
[17.052621] (-) TimerEvent: {}
[17.153045] (-) TimerEvent: {}
[17.258575] (-) TimerEvent: {}
[17.359201] (-) TimerEvent: {}
[17.462087] (-) TimerEvent: {}
[17.566602] (-) TimerEvent: {}
[17.667273] (-) TimerEvent: {}
[17.767937] (-) TimerEvent: {}
[17.870923] (-) TimerEvent: {}
[17.971516] (-) TimerEvent: {}
[18.073744] (-) TimerEvent: {}
[18.179160] (-) TimerEvent: {}
[18.281345] (-) TimerEvent: {}
[18.384954] (-) TimerEvent: {}
[18.485467] (-) TimerEvent: {}
[18.587060] (-) TimerEvent: {}
[18.692590] (-) TimerEvent: {}
[18.793250] (-) TimerEvent: {}
[18.893989] (-) TimerEvent: {}
[18.999602] (-) TimerEvent: {}
[19.101724] (-) TimerEvent: {}
[19.202479] (-) TimerEvent: {}
[19.306453] (-) TimerEvent: {}
[19.361950] (speech_to_text_pkg) StdoutLine: {'line': b'[ 14%] \x1b[32mBuilding C object _deps/whisper-build/ggml/src/CMakeFiles/ggml-base.dir/ggml-alloc.c.o\x1b[0m\n'}
[19.406557] (-) TimerEvent: {}
[19.507089] (-) TimerEvent: {}
[19.608274] (-) TimerEvent: {}
[19.710589] (-) TimerEvent: {}
[19.811276] (-) TimerEvent: {}
[19.912339] (-) TimerEvent: {}
[20.014885] (-) TimerEvent: {}
[20.118948] (-) TimerEvent: {}
[20.223063] (-) TimerEvent: {}
[20.324087] (-) TimerEvent: {}
[20.427158] (-) TimerEvent: {}
[20.529648] (-) TimerEvent: {}
[20.631205] (-) TimerEvent: {}
[20.735978] (-) TimerEvent: {}
[20.837592] (-) TimerEvent: {}
[20.940248] (-) TimerEvent: {}
[21.040958] (-) TimerEvent: {}
[21.145957] (-) TimerEvent: {}
[21.250641] (-) TimerEvent: {}
[21.352535] (-) TimerEvent: {}
[21.453081] (-) TimerEvent: {}
[21.553700] (-) TimerEvent: {}
[21.654398] (-) TimerEvent: {}
[21.757235] (-) TimerEvent: {}
[21.860649] (-) TimerEvent: {}
[21.963620] (-) TimerEvent: {}
[22.065552] (-) TimerEvent: {}
[22.170051] (-) TimerEvent: {}
[22.273718] (-) TimerEvent: {}
[22.374271] (-) TimerEvent: {}
[22.474982] (-) TimerEvent: {}
[22.577592] (-) TimerEvent: {}
[22.683594] (-) TimerEvent: {}
[22.784279] (-) TimerEvent: {}
[22.885118] (-) TimerEvent: {}
[22.987756] (-) TimerEvent: {}
[23.088485] (-) TimerEvent: {}
[23.178547] (speech_to_text_pkg) StdoutLine: {'line': b'[ 17%] \x1b[32mBuilding CXX object _deps/whisper-build/ggml/src/CMakeFiles/ggml-base.dir/ggml-backend.cpp.o\x1b[0m\n'}
[23.188758] (-) TimerEvent: {}
[23.293914] (-) TimerEvent: {}
[23.394522] (-) TimerEvent: {}
[23.495057] (-) TimerEvent: {}
[23.599706] (-) TimerEvent: {}
[23.704605] (-) TimerEvent: {}
[23.807624] (-) TimerEvent: {}
[23.908258] (-) TimerEvent: {}
[24.014558] (-) TimerEvent: {}
[24.115177] (-) TimerEvent: {}
[24.218535] (-) TimerEvent: {}
[24.318953] (-) TimerEvent: {}
[24.421552] (-) TimerEvent: {}
[24.522130] (-) TimerEvent: {}
[24.626838] (-) TimerEvent: {}
[24.727625] (-) TimerEvent: {}
[24.830259] (-) TimerEvent: {}
[24.932627] (-) TimerEvent: {}
[25.036578] (-) TimerEvent: {}
[25.137223] (-) TimerEvent: {}
[25.242824] (-) TimerEvent: {}
[25.345543] (-) TimerEvent: {}
[25.450536] (-) TimerEvent: {}
[25.551019] (-) TimerEvent: {}
[25.651742] (-) TimerEvent: {}
[25.755600] (-) TimerEvent: {}
[25.858242] (-) TimerEvent: {}
[25.959089] (-) TimerEvent: {}
[26.062952] (-) TimerEvent: {}
[26.165281] (-) TimerEvent: {}
[26.270945] (-) TimerEvent: {}
[26.373538] (-) TimerEvent: {}
[26.475532] (-) TimerEvent: {}
[26.575990] (-) TimerEvent: {}
[26.678089] (-) TimerEvent: {}
[26.778843] (-) TimerEvent: {}
[26.882395] (-) TimerEvent: {}
[26.983591] (-) TimerEvent: {}
[27.086725] (-) TimerEvent: {}
[27.189283] (-) TimerEvent: {}
[27.289945] (-) TimerEvent: {}
[27.393536] (-) TimerEvent: {}
[27.494338] (-) TimerEvent: {}
[27.599384] (-) TimerEvent: {}
[27.703535] (-) TimerEvent: {}
[27.804308] (-) TimerEvent: {}
[27.906522] (-) TimerEvent: {}
[28.007843] (-) TimerEvent: {}
[28.112015] (-) TimerEvent: {}
[28.214515] (-) TimerEvent: {}
[28.317529] (-) TimerEvent: {}
[28.418039] (-) TimerEvent: {}
[28.521386] (-) TimerEvent: {}
[28.625487] (-) TimerEvent: {}
[28.731727] (-) TimerEvent: {}
[28.835653] (-) TimerEvent: {}
[28.939605] (-) TimerEvent: {}
[29.040281] (-) TimerEvent: {}
[29.140940] (-) TimerEvent: {}
[29.244597] (-) TimerEvent: {}
[29.311564] (speech_to_text_pkg) StderrLine: {'line': b'In file included from \x1b[01m\x1b[K/home/dredre/DevStuff/scrollDiary/speechToText/ros2Workspace/src/speech_to_text_pkg/include/speech_to_text_pkg/audioCapture.hpp:10\x1b[m\x1b[K,\n'}
[29.311930] (speech_to_text_pkg) StderrLine: {'line': b'                 from \x1b[01m\x1b[K/home/dredre/DevStuff/scrollDiary/speechToText/ros2Workspace/src/speech_to_text_pkg/src/audioCaptureNode.cpp:1\x1b[m\x1b[K:\n'}
[29.312077] (speech_to_text_pkg) StderrLine: {'line': b'\x1b[01m\x1b[K/home/dredre/DevStuff/scrollDiary/speechToText/ros2Workspace/src/speech_to_text_pkg/src/vad.hpp:\x1b[m\x1b[K In constructor \xe2\x80\x98\x1b[01m\x1b[KLightweightVAD::\x1b[01;32m\x1b[KLightweightVAD\x1b[m\x1b[K(float, float, float, float, int)\x1b[m\x1b[K\xe2\x80\x99:\n'}
[29.312198] (speech_to_text_pkg) StderrLine: {'line': b'\x1b[01m\x1b[K/home/dredre/DevStuff/scrollDiary/speechToText/ros2Workspace/src/speech_to_text_pkg/src/vad.hpp:11:11:\x1b[m\x1b[K \x1b[01;35m\x1b[Kwarning: \x1b[m\x1b[K\xe2\x80\x98\x1b[01m\x1b[KLightweightVAD::noiseAdaptRate\x1b[m\x1b[K\xe2\x80\x99 will be initialized after [\x1b[01;35m\x1b[K\x1b]8;;https://gcc.gnu.org/onlinedocs/gcc/Warning-Options.html#index-Wreorder\x07-Wreorder\x1b]8;;\x07\x1b[m\x1b[K]\n'}
[29.312318] (speech_to_text_pkg) StderrLine: {'line': b'   11 |     float \x1b[01;35m\x1b[KnoiseAdaptRate\x1b[m\x1b[K;\n'}
[29.312458] (speech_to_text_pkg) StderrLine: {'line': b'      |           \x1b[01;35m\x1b[K^~~~~~~~~~~~~~\x1b[m\x1b[K\n'}
[29.312610] (speech_to_text_pkg) StderrLine: {'line': b'\x1b[01m\x1b[K/home/dredre/DevStuff/scrollDiary/speechToText/ros2Workspace/src/speech_to_text_pkg/src/vad.hpp:10:11:\x1b[m\x1b[K \x1b[01;35m\x1b[Kwarning: \x1b[m\x1b[K  \xe2\x80\x98\x1b[01m\x1b[Kfloat LightweightVAD::speechMultiplier\x1b[m\x1b[K\xe2\x80\x99 [\x1b[01;35m\x1b[K\x1b]8;;https://gcc.gnu.org/onlinedocs/gcc/Warning-Options.html#index-Wreorder\x07-Wreorder\x1b]8;;\x07\x1b[m\x1b[K]\n'}
[29.312765] (speech_to_text_pkg) StderrLine: {'line': b'   10 |     float \x1b[01;35m\x1b[KspeechMultiplier\x1b[m\x1b[K;\n'}
[29.312889] (speech_to_text_pkg) StderrLine: {'line': b'      |           \x1b[01;35m\x1b[K^~~~~~~~~~~~~~~~\x1b[m\x1b[K\n'}
[29.313003] (speech_to_text_pkg) StderrLine: {'line': b'\x1b[01m\x1b[K/home/dredre/DevStuff/scrollDiary/speechToText/ros2Workspace/src/speech_to_text_pkg/src/vad.hpp:18:5:\x1b[m\x1b[K \x1b[01;35m\x1b[Kwarning: \x1b[m\x1b[K  when initialized here [\x1b[01;35m\x1b[K\x1b]8;;https://gcc.gnu.org/onlinedocs/gcc/Warning-Options.html#index-Wreorder\x07-Wreorder\x1b]8;;\x07\x1b[m\x1b[K]\n'}
[29.313114] (speech_to_text_pkg) StderrLine: {'line': b'   18 |     \x1b[01;35m\x1b[KLightweightVAD\x1b[m\x1b[K(float noiseFloorIn = 0.01f, float noiseAdaptRateIn = 0.01f,\n'}
[29.313223] (speech_to_text_pkg) StderrLine: {'line': b'      |     \x1b[01;35m\x1b[K^~~~~~~~~~~~~~\x1b[m\x1b[K\n'}
[29.347544] (-) TimerEvent: {}
[29.379474] (speech_to_text_pkg) StderrLine: {'line': b'In file included from \x1b[01m\x1b[K/home/dredre/DevStuff/scrollDiary/speechToText/ros2Workspace/src/speech_to_text_pkg/include/speech_to_text_pkg/whisperPreProcess.hpp:9\x1b[m\x1b[K,\n'}
[29.379864] (speech_to_text_pkg) StderrLine: {'line': b'                 from \x1b[01m\x1b[K/home/dredre/DevStuff/scrollDiary/speechToText/ros2Workspace/src/speech_to_text_pkg/src/whisperPreProcessNode.cpp:1\x1b[m\x1b[K:\n'}
[29.380026] (speech_to_text_pkg) StderrLine: {'line': b'\x1b[01m\x1b[K/home/dredre/DevStuff/scrollDiary/speechToText/ros2Workspace/src/speech_to_text_pkg/src/vad.hpp:\x1b[m\x1b[K In constructor \xe2\x80\x98\x1b[01m\x1b[KLightweightVAD::\x1b[01;32m\x1b[KLightweightVAD\x1b[m\x1b[K(float, float, float, float, int)\x1b[m\x1b[K\xe2\x80\x99:\n'}
[29.380173] (speech_to_text_pkg) StderrLine: {'line': b'\x1b[01m\x1b[K/home/dredre/DevStuff/scrollDiary/speechToText/ros2Workspace/src/speech_to_text_pkg/src/vad.hpp:11:11:\x1b[m\x1b[K \x1b[01;35m\x1b[Kwarning: \x1b[m\x1b[K\xe2\x80\x98\x1b[01m\x1b[KLightweightVAD::noiseAdaptRate\x1b[m\x1b[K\xe2\x80\x99 will be initialized after [\x1b[01;35m\x1b[K\x1b]8;;https://gcc.gnu.org/onlinedocs/gcc/Warning-Options.html#index-Wreorder\x07-Wreorder\x1b]8;;\x07\x1b[m\x1b[K]\n'}
[29.380308] (speech_to_text_pkg) StderrLine: {'line': b'   11 |     float \x1b[01;35m\x1b[KnoiseAdaptRate\x1b[m\x1b[K;\n'}
[29.380464] (speech_to_text_pkg) StderrLine: {'line': b'      |           \x1b[01;35m\x1b[K^~~~~~~~~~~~~~\x1b[m\x1b[K\n'}
[29.380633] (speech_to_text_pkg) StderrLine: {'line': b'\x1b[01m\x1b[K/home/dredre/DevStuff/scrollDiary/speechToText/ros2Workspace/src/speech_to_text_pkg/src/vad.hpp:10:11:\x1b[m\x1b[K \x1b[01;35m\x1b[Kwarning: \x1b[m\x1b[K  \xe2\x80\x98\x1b[01m\x1b[Kfloat LightweightVAD::speechMultiplier\x1b[m\x1b[K\xe2\x80\x99 [\x1b[01;35m\x1b[K\x1b]8;;https://gcc.gnu.org/onlinedocs/gcc/Warning-Options.html#index-Wreorder\x07-Wreorder\x1b]8;;\x07\x1b[m\x1b[K]\n'}
[29.380782] (speech_to_text_pkg) StderrLine: {'line': b'   10 |     float \x1b[01;35m\x1b[KspeechMultiplier\x1b[m\x1b[K;\n'}
[29.380943] (speech_to_text_pkg) StderrLine: {'line': b'      |           \x1b[01;35m\x1b[K^~~~~~~~~~~~~~~~\x1b[m\x1b[K\n'}
[29.381057] (speech_to_text_pkg) StderrLine: {'line': b'\x1b[01m\x1b[K/home/dredre/DevStuff/scrollDiary/speechToText/ros2Workspace/src/speech_to_text_pkg/src/vad.hpp:18:5:\x1b[m\x1b[K \x1b[01;35m\x1b[Kwarning: \x1b[m\x1b[K  when initialized here [\x1b[01;35m\x1b[K\x1b]8;;https://gcc.gnu.org/onlinedocs/gcc/Warning-Options.html#index-Wreorder\x07-Wreorder\x1b]8;;\x07\x1b[m\x1b[K]\n'}
[29.381200] (speech_to_text_pkg) StderrLine: {'line': b'   18 |     \x1b[01;35m\x1b[KLightweightVAD\x1b[m\x1b[K(float noiseFloorIn = 0.01f, float noiseAdaptRateIn = 0.01f,\n'}
[29.381321] (speech_to_text_pkg) StderrLine: {'line': b'      |     \x1b[01;35m\x1b[K^~~~~~~~~~~~~~\x1b[m\x1b[K\n'}
[29.452542] (-) TimerEvent: {}
[29.485700] (speech_to_text_pkg) StdoutLine: {'line': b'[ 20%] \x1b[32mBuilding CXX object _deps/whisper-build/ggml/src/CMakeFiles/ggml-base.dir/ggml-opt.cpp.o\x1b[0m\n'}
[29.552665] (-) TimerEvent: {}
[29.653189] (-) TimerEvent: {}
[29.757101] (-) TimerEvent: {}
[29.858416] (-) TimerEvent: {}
[29.962601] (-) TimerEvent: {}
[30.064703] (-) TimerEvent: {}
[30.165121] (-) TimerEvent: {}
[30.265554] (-) TimerEvent: {}
[30.365993] (-) TimerEvent: {}
[30.466489] (-) TimerEvent: {}
[30.566927] (-) TimerEvent: {}
[30.668586] (-) TimerEvent: {}
[30.769297] (-) TimerEvent: {}
[30.873355] (-) TimerEvent: {}
[30.976600] (-) TimerEvent: {}
[31.077212] (-) TimerEvent: {}
[31.178104] (-) TimerEvent: {}
[31.281546] (-) TimerEvent: {}
[31.381963] (-) TimerEvent: {}
[31.482469] (-) TimerEvent: {}
[31.583354] (-) TimerEvent: {}
[31.686933] (-) TimerEvent: {}
[31.790058] (-) TimerEvent: {}
[31.894307] (-) TimerEvent: {}
[31.994949] (-) TimerEvent: {}
[32.099212] (-) TimerEvent: {}
[32.203043] (-) TimerEvent: {}
[32.303623] (-) TimerEvent: {}
[32.404334] (-) TimerEvent: {}
[32.506008] (-) TimerEvent: {}
[32.612502] (-) TimerEvent: {}
[32.713075] (-) TimerEvent: {}
[32.814703] (-) TimerEvent: {}
[32.917781] (-) TimerEvent: {}
[33.018305] (-) TimerEvent: {}
[33.120341] (-) TimerEvent: {}
[33.224676] (-) TimerEvent: {}
[33.325244] (-) TimerEvent: {}
[33.427454] (-) TimerEvent: {}
[33.529578] (-) TimerEvent: {}
[33.630171] (-) TimerEvent: {}
[33.730795] (-) TimerEvent: {}
[33.834327] (-) TimerEvent: {}
[33.936307] (-) TimerEvent: {}
[34.038220] (-) TimerEvent: {}
[34.143067] (-) TimerEvent: {}
[34.247517] (-) TimerEvent: {}
[34.347965] (-) TimerEvent: {}
[34.448731] (-) TimerEvent: {}
[34.550818] (-) TimerEvent: {}
[34.630496] (speech_to_text_pkg) StdoutLine: {'line': b'[ 22%] \x1b[32mBuilding CXX object _deps/whisper-build/ggml/src/CMakeFiles/ggml-base.dir/ggml-threading.cpp.o\x1b[0m\n'}
[34.652584] (-) TimerEvent: {}
[34.753245] (-) TimerEvent: {}
[34.854547] (-) TimerEvent: {}
[34.955058] (-) TimerEvent: {}
[35.056566] (-) TimerEvent: {}
[35.126544] (speech_to_text_pkg) StdoutLine: {'line': b'[ 25%] \x1b[32mBuilding C object _deps/whisper-build/ggml/src/CMakeFiles/ggml-base.dir/ggml-quants.c.o\x1b[0m\n'}
[35.156772] (-) TimerEvent: {}
[35.257604] (-) TimerEvent: {}
[35.359951] (-) TimerEvent: {}
[35.463742] (-) TimerEvent: {}
[35.564222] (-) TimerEvent: {}
[35.667616] (-) TimerEvent: {}
[35.768361] (-) TimerEvent: {}
[35.868970] (-) TimerEvent: {}
[35.970169] (-) TimerEvent: {}
[36.072589] (-) TimerEvent: {}
[36.173172] (-) TimerEvent: {}
[36.275596] (-) TimerEvent: {}
[36.376146] (-) TimerEvent: {}
[36.476633] (-) TimerEvent: {}
[36.577529] (-) TimerEvent: {}
[36.679610] (-) TimerEvent: {}
[36.780969] (-) TimerEvent: {}
[36.884008] (-) TimerEvent: {}
[36.984705] (-) TimerEvent: {}
[37.088094] (-) TimerEvent: {}
[37.189303] (-) TimerEvent: {}
[37.292012] (-) TimerEvent: {}
[37.392905] (-) TimerEvent: {}
[37.494658] (-) TimerEvent: {}
[37.598684] (-) TimerEvent: {}
[37.701789] (-) TimerEvent: {}
[37.804285] (-) TimerEvent: {}
[37.905610] (-) TimerEvent: {}
[38.007733] (-) TimerEvent: {}
[38.109601] (-) TimerEvent: {}
[38.210241] (-) TimerEvent: {}
[38.314389] (-) TimerEvent: {}
[38.414964] (-) TimerEvent: {}
[38.516580] (-) TimerEvent: {}
[38.618532] (-) TimerEvent: {}
[38.722045] (-) TimerEvent: {}
[38.823151] (-) TimerEvent: {}
[38.930000] (-) TimerEvent: {}
[39.030840] (-) TimerEvent: {}
[39.133563] (-) TimerEvent: {}
[39.234118] (-) TimerEvent: {}
[39.337190] (-) TimerEvent: {}
[39.439879] (-) TimerEvent: {}
[39.540417] (-) TimerEvent: {}
[39.641214] (-) TimerEvent: {}
[39.744607] (-) TimerEvent: {}
[39.847666] (-) TimerEvent: {}
[39.948471] (-) TimerEvent: {}
[40.052174] (-) TimerEvent: {}
[40.152858] (-) TimerEvent: {}
[40.256899] (-) TimerEvent: {}
[40.358542] (-) TimerEvent: {}
[40.459119] (-) TimerEvent: {}
[40.562590] (-) TimerEvent: {}
[40.663258] (-) TimerEvent: {}
[40.765477] (-) TimerEvent: {}
[40.867940] (-) TimerEvent: {}
[40.968613] (-) TimerEvent: {}
[41.072967] (-) TimerEvent: {}
[41.174043] (-) TimerEvent: {}
[41.276235] (-) TimerEvent: {}
[41.379156] (-) TimerEvent: {}
[41.482247] (-) TimerEvent: {}
[41.583052] (-) TimerEvent: {}
[41.685839] (-) TimerEvent: {}
[41.790185] (-) TimerEvent: {}
[41.891669] (-) TimerEvent: {}
[41.998601] (-) TimerEvent: {}
[42.100571] (-) TimerEvent: {}
[42.201660] (-) TimerEvent: {}
[42.306532] (-) TimerEvent: {}
[42.406996] (-) TimerEvent: {}
[42.507506] (-) TimerEvent: {}
[42.608131] (-) TimerEvent: {}
[42.709327] (-) TimerEvent: {}
[42.813973] (-) TimerEvent: {}
[42.914656] (-) TimerEvent: {}
[43.018830] (-) TimerEvent: {}
[43.119688] (-) TimerEvent: {}
[43.220526] (-) TimerEvent: {}
[43.321344] (-) TimerEvent: {}
[43.379689] (speech_to_text_pkg) StdoutLine: {'line': b'[ 28%] \x1b[32mBuilding CXX object CMakeFiles/audio_capture_node.dir/src/audioFunctions.cpp.o\x1b[0m\n'}
[43.421505] (-) TimerEvent: {}
[43.522000] (-) TimerEvent: {}
[43.625851] (-) TimerEvent: {}
[43.727634] (-) TimerEvent: {}
[43.830678] (-) TimerEvent: {}
[43.931798] (-) TimerEvent: {}
[44.036706] (-) TimerEvent: {}
[44.137638] (-) TimerEvent: {}
[44.238481] (-) TimerEvent: {}
[44.342535] (-) TimerEvent: {}
[44.443004] (-) TimerEvent: {}
[44.543574] (-) TimerEvent: {}
[44.645372] (-) TimerEvent: {}
[44.746195] (-) TimerEvent: {}
[44.848594] (-) TimerEvent: {}
[44.949242] (-) TimerEvent: {}
[45.053944] (-) TimerEvent: {}
[45.155411] (-) TimerEvent: {}
[45.258641] (-) TimerEvent: {}
[45.359553] (-) TimerEvent: {}
[45.460805] (-) TimerEvent: {}
[45.564109] (-) TimerEvent: {}
[45.664898] (-) TimerEvent: {}
[45.768088] (-) TimerEvent: {}
[45.868949] (-) TimerEvent: {}
[45.972983] (-) TimerEvent: {}
[46.074223] (-) TimerEvent: {}
[46.177623] (-) TimerEvent: {}
[46.278855] (-) TimerEvent: {}
[46.383550] (-) TimerEvent: {}
[46.484070] (-) TimerEvent: {}
[46.584826] (-) TimerEvent: {}
[46.688236] (-) TimerEvent: {}
[46.790358] (-) TimerEvent: {}
[46.894575] (-) TimerEvent: {}
[46.995644] (-) TimerEvent: {}
[47.099142] (-) TimerEvent: {}
[47.203288] (-) TimerEvent: {}
[47.304032] (-) TimerEvent: {}
[47.404535] (-) TimerEvent: {}
[47.506016] (-) TimerEvent: {}
[47.608987] (-) TimerEvent: {}
[47.711948] (-) TimerEvent: {}
[47.814161] (-) TimerEvent: {}
[47.917260] (-) TimerEvent: {}
[48.020952] (-) TimerEvent: {}
[48.123204] (-) TimerEvent: {}
[48.224248] (-) TimerEvent: {}
[48.328867] (-) TimerEvent: {}
[48.431114] (-) TimerEvent: {}
[48.531929] (-) TimerEvent: {}
[48.634238] (-) TimerEvent: {}
[48.735557] (-) TimerEvent: {}
[48.838906] (-) TimerEvent: {}
[48.943082] (-) TimerEvent: {}
[49.043929] (-) TimerEvent: {}
[49.145943] (-) TimerEvent: {}
[49.247501] (-) TimerEvent: {}
[49.350172] (-) TimerEvent: {}
[49.450882] (-) TimerEvent: {}
[49.552967] (-) TimerEvent: {}
[49.653647] (-) TimerEvent: {}
[49.757060] (-) TimerEvent: {}
[49.858154] (-) TimerEvent: {}
[49.960122] (-) TimerEvent: {}
[50.063691] (-) TimerEvent: {}
[50.164556] (-) TimerEvent: {}
[50.267990] (-) TimerEvent: {}
[50.370554] (-) TimerEvent: {}
[50.471227] (-) TimerEvent: {}
[50.571953] (-) TimerEvent: {}
[50.675248] (-) TimerEvent: {}
[50.776905] (-) TimerEvent: {}
[50.880639] (-) TimerEvent: {}
[50.981705] (-) TimerEvent: {}
[51.082574] (-) TimerEvent: {}
[51.184639] (-) TimerEvent: {}
[51.285635] (-) TimerEvent: {}
[51.386166] (-) TimerEvent: {}
[51.488008] (-) TimerEvent: {}
[51.591088] (-) TimerEvent: {}
[51.691764] (-) TimerEvent: {}
[51.793701] (-) TimerEvent: {}
[51.896922] (-) TimerEvent: {}
[51.997569] (-) TimerEvent: {}
[52.098195] (-) TimerEvent: {}
[52.198969] (-) TimerEvent: {}
[52.300990] (-) TimerEvent: {}
[52.403533] (-) TimerEvent: {}
[52.504019] (-) TimerEvent: {}
[52.604656] (-) TimerEvent: {}
[52.710634] (-) TimerEvent: {}
[52.813046] (-) TimerEvent: {}
[52.916601] (-) TimerEvent: {}
[53.017546] (-) TimerEvent: {}
[53.118242] (-) TimerEvent: {}
[53.220618] (-) TimerEvent: {}
[53.321267] (-) TimerEvent: {}
[53.425250] (-) TimerEvent: {}
[53.526119] (-) TimerEvent: {}
[53.626773] (-) TimerEvent: {}
[53.731141] (-) TimerEvent: {}
[53.837631] (-) TimerEvent: {}
[53.938515] (-) TimerEvent: {}
[54.040581] (-) TimerEvent: {}
[54.145894] (-) TimerEvent: {}
[54.246579] (-) TimerEvent: {}
[54.347223] (-) TimerEvent: {}
[54.451569] (-) TimerEvent: {}
[54.552083] (-) TimerEvent: {}
[54.652881] (-) TimerEvent: {}
[54.753574] (-) TimerEvent: {}
[54.857899] (-) TimerEvent: {}
[54.963504] (-) TimerEvent: {}
[55.068952] (-) TimerEvent: {}
[55.169703] (-) TimerEvent: {}
[55.273570] (-) TimerEvent: {}
[55.374151] (-) TimerEvent: {}
[55.477840] (-) TimerEvent: {}
[55.581395] (-) TimerEvent: {}
[55.682129] (-) TimerEvent: {}
[55.784193] (-) TimerEvent: {}
[55.885958] (-) TimerEvent: {}
[55.988220] (-) TimerEvent: {}
[56.090412] (-) TimerEvent: {}
[56.192622] (-) TimerEvent: {}
[56.295631] (-) TimerEvent: {}
[56.396330] (-) TimerEvent: {}
[56.496848] (-) TimerEvent: {}
[56.598206] (-) TimerEvent: {}
[56.700939] (-) TimerEvent: {}
[56.804400] (-) TimerEvent: {}
[56.839051] (speech_to_text_pkg) StderrLine: {'line': b'In file included from \x1b[01m\x1b[K/home/dredre/DevStuff/scrollDiary/speechToText/ros2Workspace/src/speech_to_text_pkg/include/speech_to_text_pkg/audioCapture.hpp:10\x1b[m\x1b[K,\n'}
[56.840291] (speech_to_text_pkg) StderrLine: {'line': b'                 from \x1b[01m\x1b[K/home/dredre/DevStuff/scrollDiary/speechToText/ros2Workspace/src/speech_to_text_pkg/src/audioFunctions.cpp:3\x1b[m\x1b[K:\n'}
[56.843713] (speech_to_text_pkg) StderrLine: {'line': b'\x1b[01m\x1b[K/home/dredre/DevStuff/scrollDiary/speechToText/ros2Workspace/src/speech_to_text_pkg/src/vad.hpp:\x1b[m\x1b[K In constructor \xe2\x80\x98\x1b[01m\x1b[KLightweightVAD::\x1b[01;32m\x1b[KLightweightVAD\x1b[m\x1b[K(float, float, float, float, int)\x1b[m\x1b[K\xe2\x80\x99:\n'}
[56.844306] (speech_to_text_pkg) StderrLine: {'line': b'\x1b[01m\x1b[K/home/dredre/DevStuff/scrollDiary/speechToText/ros2Workspace/src/speech_to_text_pkg/src/vad.hpp:11:11:\x1b[m\x1b[K \x1b[01;35m\x1b[Kwarning: \x1b[m\x1b[K\xe2\x80\x98\x1b[01m\x1b[KLightweightVAD::noiseAdaptRate\x1b[m\x1b[K\xe2\x80\x99 will be initialized after [\x1b[01;35m\x1b[K\x1b]8;;https://gcc.gnu.org/onlinedocs/gcc/Warning-Options.html#index-Wreorder\x07-Wreorder\x1b]8;;\x07\x1b[m\x1b[K]\n'}
[56.847624] (speech_to_text_pkg) StderrLine: {'line': b'   11 |     float \x1b[01;35m\x1b[KnoiseAdaptRate\x1b[m\x1b[K;\n'}
[56.847970] (speech_to_text_pkg) StderrLine: {'line': b'      |           \x1b[01;35m\x1b[K^~~~~~~~~~~~~~\x1b[m\x1b[K\n'}
[56.848162] (speech_to_text_pkg) StderrLine: {'line': b'\x1b[01m\x1b[K/home/dredre/DevStuff/scrollDiary/speechToText/ros2Workspace/src/speech_to_text_pkg/src/vad.hpp:10:11:\x1b[m\x1b[K \x1b[01;35m\x1b[Kwarning: \x1b[m\x1b[K  \xe2\x80\x98\x1b[01m\x1b[Kfloat LightweightVAD::speechMultiplier\x1b[m\x1b[K\xe2\x80\x99 [\x1b[01;35m\x1b[K\x1b]8;;https://gcc.gnu.org/onlinedocs/gcc/Warning-Options.html#index-Wreorder\x07-Wreorder\x1b]8;;\x07\x1b[m\x1b[K]\n'}
[56.848496] (speech_to_text_pkg) StderrLine: {'line': b'   10 |     float \x1b[01;35m\x1b[KspeechMultiplier\x1b[m\x1b[K;\n'}
[56.848733] (speech_to_text_pkg) StderrLine: {'line': b'      |           \x1b[01;35m\x1b[K^~~~~~~~~~~~~~~~\x1b[m\x1b[K\n'}
[56.848941] (speech_to_text_pkg) StderrLine: {'line': b'\x1b[01m\x1b[K/home/dredre/DevStuff/scrollDiary/speechToText/ros2Workspace/src/speech_to_text_pkg/src/vad.hpp:18:5:\x1b[m\x1b[K \x1b[01;35m\x1b[Kwarning: \x1b[m\x1b[K  when initialized here [\x1b[01;35m\x1b[K\x1b]8;;https://gcc.gnu.org/onlinedocs/gcc/Warning-Options.html#index-Wreorder\x07-Wreorder\x1b]8;;\x07\x1b[m\x1b[K]\n'}
[56.849148] (speech_to_text_pkg) StderrLine: {'line': b'   18 |     \x1b[01;35m\x1b[KLightweightVAD\x1b[m\x1b[K(float noiseFloorIn = 0.01f, float noiseAdaptRateIn = 0.01f,\n'}
[56.849314] (speech_to_text_pkg) StderrLine: {'line': b'      |     \x1b[01;35m\x1b[K^~~~~~~~~~~~~~\x1b[m\x1b[K\n'}
[56.904639] (-) TimerEvent: {}
[57.005510] (-) TimerEvent: {}
[57.110634] (-) TimerEvent: {}
[57.211486] (-) TimerEvent: {}
[57.312257] (-) TimerEvent: {}
[57.415022] (-) TimerEvent: {}
[57.515605] (-) TimerEvent: {}
[57.616605] (-) TimerEvent: {}
[57.719974] (-) TimerEvent: {}
[57.821120] (-) TimerEvent: {}
[57.923535] (-) TimerEvent: {}
[58.026538] (-) TimerEvent: {}
[58.131876] (-) TimerEvent: {}
[58.155486] (speech_to_text_pkg) StdoutLine: {'line': b'[ 31%] \x1b[32mBuilding CXX object _deps/whisper-build/ggml/src/CMakeFiles/ggml-base.dir/gguf.cpp.o\x1b[0m\n'}
[58.233657] (-) TimerEvent: {}
[58.337133] (-) TimerEvent: {}
[58.440752] (-) TimerEvent: {}
[58.543046] (-) TimerEvent: {}
[58.643789] (-) TimerEvent: {}
[58.747111] (-) TimerEvent: {}
[58.848014] (-) TimerEvent: {}
[58.952102] (-) TimerEvent: {}
[59.062671] (-) TimerEvent: {}
[59.165596] (-) TimerEvent: {}
[59.266217] (-) TimerEvent: {}
[59.366721] (-) TimerEvent: {}
[59.467201] (-) TimerEvent: {}
[59.571017] (-) TimerEvent: {}
[59.671771] (-) TimerEvent: {}
[59.772558] (-) TimerEvent: {}
[59.875695] (-) TimerEvent: {}
[59.976300] (-) TimerEvent: {}
[60.079588] (-) TimerEvent: {}
[60.180555] (-) TimerEvent: {}
[60.280981] (-) TimerEvent: {}
[60.381460] (-) TimerEvent: {}
[60.482048] (-) TimerEvent: {}
[60.582867] (-) TimerEvent: {}
[60.685950] (-) TimerEvent: {}
[60.792594] (-) TimerEvent: {}
[60.893537] (-) TimerEvent: {}
[60.996845] (-) TimerEvent: {}
[61.099609] (-) TimerEvent: {}
[61.200299] (-) TimerEvent: {}
[61.303619] (-) TimerEvent: {}
[61.405544] (-) TimerEvent: {}
[61.506110] (-) TimerEvent: {}
[61.610575] (-) TimerEvent: {}
[61.714150] (-) TimerEvent: {}
[61.814874] (-) TimerEvent: {}
[61.915599] (-) TimerEvent: {}
[62.019221] (-) TimerEvent: {}
[62.119945] (-) TimerEvent: {}
[62.222657] (-) TimerEvent: {}
[62.323558] (-) TimerEvent: {}
[62.424551] (-) TimerEvent: {}
[62.527026] (-) TimerEvent: {}
[62.629301] (-) TimerEvent: {}
[62.730044] (-) TimerEvent: {}
[62.832585] (-) TimerEvent: {}
[62.933310] (-) TimerEvent: {}
[63.036908] (-) TimerEvent: {}
[63.137635] (-) TimerEvent: {}
[63.238406] (-) TimerEvent: {}
[63.341528] (-) TimerEvent: {}
[63.441989] (-) TimerEvent: {}
[63.542528] (-) TimerEvent: {}
[63.647627] (-) TimerEvent: {}
[63.748416] (-) TimerEvent: {}
[63.849050] (-) TimerEvent: {}
[63.952616] (-) TimerEvent: {}
[64.056286] (-) TimerEvent: {}
[64.159703] (-) TimerEvent: {}
[64.260539] (-) TimerEvent: {}
[64.362836] (-) TimerEvent: {}
[64.465746] (-) TimerEvent: {}
[64.568965] (-) TimerEvent: {}
[64.669730] (-) TimerEvent: {}
[64.770627] (-) TimerEvent: {}
[64.872622] (-) TimerEvent: {}
[64.975084] (-) TimerEvent: {}
[65.077576] (-) TimerEvent: {}
[65.182856] (-) TimerEvent: {}
[65.285759] (-) TimerEvent: {}
[65.386384] (-) TimerEvent: {}
[65.490423] (-) TimerEvent: {}
[65.592071] (-) TimerEvent: {}
[65.693615] (-) TimerEvent: {}
[65.794231] (-) TimerEvent: {}
[65.897677] (-) TimerEvent: {}
[65.998329] (-) TimerEvent: {}
[66.102011] (-) TimerEvent: {}
[66.203148] (-) TimerEvent: {}
[66.307128] (-) TimerEvent: {}
[66.407773] (-) TimerEvent: {}
[66.509570] (-) TimerEvent: {}
[66.610160] (-) TimerEvent: {}
[66.714245] (-) TimerEvent: {}
[66.817574] (-) TimerEvent: {}
[66.918250] (-) TimerEvent: {}
[67.018968] (-) TimerEvent: {}
[67.121095] (-) TimerEvent: {}
[67.223598] (-) TimerEvent: {}
[67.326549] (-) TimerEvent: {}
[67.427002] (-) TimerEvent: {}
[67.527484] (-) TimerEvent: {}
[67.629600] (-) TimerEvent: {}
[67.732244] (-) TimerEvent: {}
[67.832923] (-) TimerEvent: {}
[67.934995] (-) TimerEvent: {}
[68.035717] (-) TimerEvent: {}
[68.139579] (-) TimerEvent: {}
[68.240548] (-) TimerEvent: {}
[68.342601] (-) TimerEvent: {}
[68.443028] (-) TimerEvent: {}
[68.545586] (-) TimerEvent: {}
[68.646406] (-) TimerEvent: {}
[68.747051] (-) TimerEvent: {}
[68.850905] (-) TimerEvent: {}
[68.951605] (-) TimerEvent: {}
[69.055377] (-) TimerEvent: {}
[69.155883] (-) TimerEvent: {}
[69.256878] (-) TimerEvent: {}
[69.360970] (-) TimerEvent: {}
[69.461444] (-) TimerEvent: {}
[69.563130] (-) TimerEvent: {}
[69.663802] (-) TimerEvent: {}
[69.766577] (-) TimerEvent: {}
[69.867216] (-) TimerEvent: {}
[69.970410] (-) TimerEvent: {}
[70.072608] (-) TimerEvent: {}
[70.173233] (-) TimerEvent: {}
[70.276562] (-) TimerEvent: {}
[70.379938] (-) TimerEvent: {}
[70.480782] (-) TimerEvent: {}
[70.583923] (-) TimerEvent: {}
[70.684684] (-) TimerEvent: {}
[70.789623] (-) TimerEvent: {}
[70.890330] (-) TimerEvent: {}
[70.992648] (-) TimerEvent: {}
[71.093457] (-) TimerEvent: {}
[71.197099] (-) TimerEvent: {}
[71.301124] (-) TimerEvent: {}
[71.401779] (-) TimerEvent: {}
[71.502529] (-) TimerEvent: {}
[71.605989] (-) TimerEvent: {}
[71.709707] (-) TimerEvent: {}
[71.810841] (-) TimerEvent: {}
[71.915777] (-) TimerEvent: {}
[72.016261] (-) TimerEvent: {}
[72.119174] (-) TimerEvent: {}
[72.222602] (-) TimerEvent: {}
[72.323279] (-) TimerEvent: {}
[72.426582] (-) TimerEvent: {}
[72.529582] (-) TimerEvent: {}
[72.630157] (-) TimerEvent: {}
[72.733690] (-) TimerEvent: {}
[72.837569] (-) TimerEvent: {}
[72.918631] (speech_to_text_pkg) StdoutLine: {'line': b'[ 34%] \x1b[32m\x1b[1mLinking CXX shared library libggml-base.so\x1b[0m\n'}
[72.940185] (-) TimerEvent: {}
[73.041608] (-) TimerEvent: {}
[73.144594] (-) TimerEvent: {}
[73.245273] (-) TimerEvent: {}
[73.345952] (-) TimerEvent: {}
[73.368605] (speech_to_text_pkg) StdoutLine: {'line': b'[ 34%] Built target ggml-base\n'}
[73.446100] (-) TimerEvent: {}
[73.547532] (-) TimerEvent: {}
[73.650022] (-) TimerEvent: {}
[73.751478] (-) TimerEvent: {}
[73.854888] (-) TimerEvent: {}
[73.957488] (-) TimerEvent: {}
[74.060734] (-) TimerEvent: {}
[74.161414] (-) TimerEvent: {}
[74.262816] (-) TimerEvent: {}
[74.363903] (-) TimerEvent: {}
[74.464539] (-) TimerEvent: {}
[74.565245] (-) TimerEvent: {}
[74.667487] (-) TimerEvent: {}
[74.767917] (-) TimerEvent: {}
[74.868569] (-) TimerEvent: {}
[74.969536] (-) TimerEvent: {}
[75.072599] (-) TimerEvent: {}
[75.173302] (-) TimerEvent: {}
[75.274083] (-) TimerEvent: {}
[75.376576] (-) TimerEvent: {}
[75.478480] (-) TimerEvent: {}
[75.578976] (-) TimerEvent: {}
[75.682077] (-) TimerEvent: {}
[75.782749] (-) TimerEvent: {}
[75.884647] (-) TimerEvent: {}
[75.985409] (-) TimerEvent: {}
[76.089604] (-) TimerEvent: {}
[76.193657] (-) TimerEvent: {}
[76.295065] (-) TimerEvent: {}
[76.397825] (-) TimerEvent: {}
[76.500947] (-) TimerEvent: {}
[76.606123] (-) TimerEvent: {}
[76.710009] (-) TimerEvent: {}
[76.812657] (-) TimerEvent: {}
[76.917127] (-) TimerEvent: {}
[77.017813] (-) TimerEvent: {}
[77.121067] (-) TimerEvent: {}
[77.225828] (-) TimerEvent: {}
[77.327143] (-) TimerEvent: {}
[77.427814] (-) TimerEvent: {}
[77.529000] (-) TimerEvent: {}
[77.633536] (-) TimerEvent: {}
[77.734157] (-) TimerEvent: {}
[77.836665] (-) TimerEvent: {}
[77.939843] (-) TimerEvent: {}
[78.040473] (-) TimerEvent: {}
[78.142537] (-) TimerEvent: {}
[78.245724] (-) TimerEvent: {}
[78.347609] (-) TimerEvent: {}
[78.448207] (-) TimerEvent: {}
[78.551962] (-) TimerEvent: {}
[78.652610] (-) TimerEvent: {}
[78.655493] (speech_to_text_pkg) StdoutLine: {'line': b'[ 37%] \x1b[32m\x1b[1mLinking CXX executable transcription_pre_process_node\x1b[0m\n'}
[78.753122] (-) TimerEvent: {}
[78.854860] (-) TimerEvent: {}
[78.956390] (-) TimerEvent: {}
[79.061616] (-) TimerEvent: {}
[79.162300] (-) TimerEvent: {}
[79.263849] (-) TimerEvent: {}
[79.366234] (-) TimerEvent: {}
[79.374028] (speech_to_text_pkg) StdoutLine: {'line': b'[ 37%] Built target transcription_pre_process_node\n'}
[79.466400] (-) TimerEvent: {}
[79.567122] (-) TimerEvent: {}
[79.667963] (-) TimerEvent: {}
[79.768361] (-) TimerEvent: {}
[79.868824] (-) TimerEvent: {}
[79.969246] (-) TimerEvent: {}
[80.072816] (-) TimerEvent: {}
[80.173180] (-) TimerEvent: {}
[80.273931] (-) TimerEvent: {}
[80.374445] (-) TimerEvent: {}
[80.477725] (-) TimerEvent: {}
[80.578363] (-) TimerEvent: {}
[80.681688] (-) TimerEvent: {}
[80.782085] (-) TimerEvent: {}
[80.882493] (-) TimerEvent: {}
[80.982883] (-) TimerEvent: {}
[81.083271] (-) TimerEvent: {}
[81.183689] (-) TimerEvent: {}
[81.286777] (-) TimerEvent: {}
[81.387176] (-) TimerEvent: {}
[81.487681] (-) TimerEvent: {}
[81.588300] (-) TimerEvent: {}
[81.688752] (-) TimerEvent: {}
[81.789134] (-) TimerEvent: {}
[81.889599] (-) TimerEvent: {}
[81.991057] (-) TimerEvent: {}
[82.093538] (-) TimerEvent: {}
[82.194596] (-) TimerEvent: {}
[82.297864] (-) TimerEvent: {}
[82.398253] (-) TimerEvent: {}
[82.498856] (-) TimerEvent: {}
[82.599381] (-) TimerEvent: {}
[82.699981] (-) TimerEvent: {}
[82.800343] (-) TimerEvent: {}
[82.900777] (-) TimerEvent: {}
[83.001168] (-) TimerEvent: {}
[83.101596] (-) TimerEvent: {}
[83.201986] (-) TimerEvent: {}
[83.302423] (-) TimerEvent: {}
[83.402825] (-) TimerEvent: {}
[83.503228] (-) TimerEvent: {}
[83.606921] (-) TimerEvent: {}
[83.707759] (-) TimerEvent: {}
[83.808330] (-) TimerEvent: {}
[83.909039] (-) TimerEvent: {}
[84.009693] (-) TimerEvent: {}
[84.111159] (-) TimerEvent: {}
[84.211770] (-) TimerEvent: {}
[84.312352] (-) TimerEvent: {}
[84.412764] (-) TimerEvent: {}
[84.513169] (-) TimerEvent: {}
[84.614519] (-) TimerEvent: {}
[84.715148] (-) TimerEvent: {}
[84.815691] (-) TimerEvent: {}
[84.916067] (-) TimerEvent: {}
[85.016474] (-) TimerEvent: {}
[85.116841] (-) TimerEvent: {}
[85.217208] (-) TimerEvent: {}
[85.317624] (-) TimerEvent: {}
[85.418034] (-) TimerEvent: {}
[85.518490] (-) TimerEvent: {}
[85.619032] (-) TimerEvent: {}
[85.724049] (-) TimerEvent: {}
[85.827213] (-) TimerEvent: {}
[85.927777] (-) TimerEvent: {}
[86.031414] (-) TimerEvent: {}
[86.133472] (-) TimerEvent: {}
[86.234170] (-) TimerEvent: {}
[86.334846] (-) TimerEvent: {}
[86.435235] (-) TimerEvent: {}
[86.535642] (-) TimerEvent: {}
[86.636044] (-) TimerEvent: {}
[86.736463] (-) TimerEvent: {}
[86.836902] (-) TimerEvent: {}
[86.937339] (-) TimerEvent: {}
[87.037822] (-) TimerEvent: {}
[87.138272] (-) TimerEvent: {}
[87.238690] (-) TimerEvent: {}
[87.339072] (-) TimerEvent: {}
[87.439450] (-) TimerEvent: {}
[87.539854] (-) TimerEvent: {}
[87.641688] (-) TimerEvent: {}
[87.743149] (-) TimerEvent: {}
[87.844160] (-) TimerEvent: {}
[87.945393] (-) TimerEvent: {}
[88.046405] (-) TimerEvent: {}
[88.147477] (-) TimerEvent: {}
[88.251032] (-) TimerEvent: {}
[88.351477] (-) TimerEvent: {}
[88.451878] (-) TimerEvent: {}
[88.552261] (-) TimerEvent: {}
[88.652773] (-) TimerEvent: {}
[88.753268] (-) TimerEvent: {}
[88.853757] (-) TimerEvent: {}
[88.954227] (-) TimerEvent: {}
[89.054694] (-) TimerEvent: {}
[89.155111] (-) TimerEvent: {}
[89.255554] (-) TimerEvent: {}
[89.355928] (-) TimerEvent: {}
[89.456308] (-) TimerEvent: {}
[89.557025] (-) TimerEvent: {}
[89.657834] (-) TimerEvent: {}
[89.758630] (-) TimerEvent: {}
[89.859869] (-) TimerEvent: {}
[89.960533] (-) TimerEvent: {}
[90.061381] (-) TimerEvent: {}
[90.162292] (-) TimerEvent: {}
[90.262933] (-) TimerEvent: {}
[90.363317] (-) TimerEvent: {}
[90.463756] (-) TimerEvent: {}
[90.564334] (-) TimerEvent: {}
[90.667853] (-) TimerEvent: {}
[90.769542] (-) TimerEvent: {}
[90.869942] (-) TimerEvent: {}
[90.970350] (-) TimerEvent: {}
[91.070784] (-) TimerEvent: {}
[91.171188] (-) TimerEvent: {}
[91.271613] (-) TimerEvent: {}
[91.372059] (-) TimerEvent: {}
[91.472465] (-) TimerEvent: {}
[91.572919] (-) TimerEvent: {}
[91.676964] (-) TimerEvent: {}
[91.778374] (-) TimerEvent: {}
[91.879041] (-) TimerEvent: {}
[91.979731] (-) TimerEvent: {}
[92.080409] (-) TimerEvent: {}
[92.181021] (-) TimerEvent: {}
[92.281594] (-) TimerEvent: {}
[92.381986] (-) TimerEvent: {}
[92.482506] (-) TimerEvent: {}
[92.583023] (-) TimerEvent: {}
[92.683417] (-) TimerEvent: {}
[92.783920] (-) TimerEvent: {}
[92.884625] (-) TimerEvent: {}
[92.985038] (-) TimerEvent: {}
[93.085493] (-) TimerEvent: {}
[93.185907] (-) TimerEvent: {}
[93.286297] (-) TimerEvent: {}
[93.386693] (-) TimerEvent: {}
[93.487139] (-) TimerEvent: {}
[93.587751] (-) TimerEvent: {}
[93.688124] (-) TimerEvent: {}
[93.788514] (-) TimerEvent: {}
[93.888907] (-) TimerEvent: {}
[93.990943] (-) TimerEvent: {}
[94.091401] (-) TimerEvent: {}
[94.193001] (-) TimerEvent: {}
[94.293460] (-) TimerEvent: {}
[94.396744] (-) TimerEvent: {}
[94.500055] (-) TimerEvent: {}
[94.600685] (-) TimerEvent: {}
[94.701181] (-) TimerEvent: {}
[94.801560] (-) TimerEvent: {}
[94.901998] (-) TimerEvent: {}
[95.002373] (-) TimerEvent: {}
[95.102762] (-) TimerEvent: {}
[95.203181] (-) TimerEvent: {}
[95.306776] (-) TimerEvent: {}
[95.409864] (-) TimerEvent: {}
[95.510318] (-) TimerEvent: {}
[95.612861] (-) TimerEvent: {}
[95.713473] (-) TimerEvent: {}
[95.814053] (-) TimerEvent: {}
[95.914451] (-) TimerEvent: {}
[96.015084] (-) TimerEvent: {}
[96.115855] (-) TimerEvent: {}
[96.216379] (-) TimerEvent: {}
[96.316867] (-) TimerEvent: {}
[96.417501] (-) TimerEvent: {}
[96.517924] (-) TimerEvent: {}
[96.618503] (-) TimerEvent: {}
[96.721718] (-) TimerEvent: {}
[96.822125] (-) TimerEvent: {}
[96.923715] (-) TimerEvent: {}
[97.024778] (-) TimerEvent: {}
[97.126260] (-) TimerEvent: {}
[97.226949] (-) TimerEvent: {}
[97.327918] (-) TimerEvent: {}
[97.428516] (-) TimerEvent: {}
[97.529160] (-) TimerEvent: {}
[97.630821] (-) TimerEvent: {}
[97.731507] (-) TimerEvent: {}
[97.831895] (-) TimerEvent: {}
[97.932499] (-) TimerEvent: {}
[98.032862] (-) TimerEvent: {}
[98.133302] (-) TimerEvent: {}
[98.234136] (-) TimerEvent: {}
[98.334722] (-) TimerEvent: {}
[98.435127] (-) TimerEvent: {}
[98.536941] (-) TimerEvent: {}
[98.637472] (-) TimerEvent: {}
[98.737889] (-) TimerEvent: {}
[98.838728] (-) TimerEvent: {}
[98.939104] (-) TimerEvent: {}
[99.039495] (-) TimerEvent: {}
[99.140140] (-) TimerEvent: {}
[99.243240] (-) TimerEvent: {}
[99.344518] (-) TimerEvent: {}
[99.445667] (-) TimerEvent: {}
[99.546117] (-) TimerEvent: {}
[99.646728] (-) TimerEvent: {}
[99.747782] (-) TimerEvent: {}
[99.848458] (-) TimerEvent: {}
[99.949142] (-) TimerEvent: {}
[100.050107] (-) TimerEvent: {}
[100.150810] (-) TimerEvent: {}
[100.251421] (-) TimerEvent: {}
[100.352030] (-) TimerEvent: {}
[100.452423] (-) TimerEvent: {}
[100.552908] (-) TimerEvent: {}
[100.656917] (-) TimerEvent: {}
[100.757348] (-) TimerEvent: {}
[100.857834] (-) TimerEvent: {}
[100.958247] (-) TimerEvent: {}
[101.058997] (-) TimerEvent: {}
[101.159730] (-) TimerEvent: {}
[101.261737] (-) TimerEvent: {}
[101.364776] (-) TimerEvent: {}
[101.465165] (-) TimerEvent: {}
[101.565579] (-) TimerEvent: {}
[101.665967] (-) TimerEvent: {}
[101.766585] (-) TimerEvent: {}
[101.867127] (-) TimerEvent: {}
[101.967510] (-) TimerEvent: {}
[102.067905] (-) TimerEvent: {}
[102.168277] (-) TimerEvent: {}
[102.268687] (-) TimerEvent: {}
[102.369069] (-) TimerEvent: {}
[102.469481] (-) TimerEvent: {}
[102.569867] (-) TimerEvent: {}
[102.670281] (-) TimerEvent: {}
[102.770685] (-) TimerEvent: {}
[102.871069] (-) TimerEvent: {}
[102.971476] (-) TimerEvent: {}
[103.071854] (-) TimerEvent: {}
[103.172255] (-) TimerEvent: {}
[103.272665] (-) TimerEvent: {}
[103.373061] (-) TimerEvent: {}
[103.473484] (-) TimerEvent: {}
[103.575819] (-) TimerEvent: {}
[103.679147] (-) TimerEvent: {}
[103.780043] (-) TimerEvent: {}
[103.880561] (-) TimerEvent: {}
[103.981103] (-) TimerEvent: {}
[104.081661] (-) TimerEvent: {}
[104.182276] (-) TimerEvent: {}
[104.285809] (-) TimerEvent: {}
[104.387150] (-) TimerEvent: {}
[104.490824] (-) TimerEvent: {}
[104.591486] (-) TimerEvent: {}
[104.694105] (-) TimerEvent: {}
[104.794881] (-) TimerEvent: {}
[104.895601] (-) TimerEvent: {}
[104.997818] (-) TimerEvent: {}
[105.098235] (-) TimerEvent: {}
[105.199040] (-) TimerEvent: {}
[105.299726] (-) TimerEvent: {}
[105.400337] (-) TimerEvent: {}
[105.500962] (-) TimerEvent: {}
[105.602550] (-) TimerEvent: {}
[105.704036] (-) TimerEvent: {}
[105.804835] (-) TimerEvent: {}
[105.907632] (-) TimerEvent: {}
[106.011385] (-) TimerEvent: {}
[106.116034] (-) TimerEvent: {}
[106.218582] (-) TimerEvent: {}
[106.319095] (-) TimerEvent: {}
[106.419719] (-) TimerEvent: {}
[106.522570] (-) TimerEvent: {}
[106.623184] (-) TimerEvent: {}
[106.724948] (-) TimerEvent: {}
[106.833556] (-) TimerEvent: {}
[106.935840] (-) TimerEvent: {}
[107.042544] (-) TimerEvent: {}
[107.149601] (-) TimerEvent: {}
[107.250122] (-) TimerEvent: {}
[107.353025] (-) TimerEvent: {}
[107.455697] (-) TimerEvent: {}
[107.558963] (-) TimerEvent: {}
[107.661015] (-) TimerEvent: {}
[107.768854] (-) TimerEvent: {}
[107.869564] (-) TimerEvent: {}
[107.970645] (-) TimerEvent: {}
[108.074567] (-) TimerEvent: {}
[108.178871] (-) TimerEvent: {}
[108.279802] (-) TimerEvent: {}
[108.385093] (-) TimerEvent: {}
[108.485635] (-) TimerEvent: {}
[108.586042] (-) TimerEvent: {}
[108.688108] (-) TimerEvent: {}
[108.789095] (-) TimerEvent: {}
[108.891392] (-) TimerEvent: {}
[108.992077] (-) TimerEvent: {}
[109.095583] (-) TimerEvent: {}
[109.196724] (-) TimerEvent: {}
[109.298200] (-) TimerEvent: {}
[109.403013] (-) TimerEvent: {}
[109.503842] (-) TimerEvent: {}
[109.606769] (-) TimerEvent: {}
[109.707210] (-) TimerEvent: {}
[109.810581] (-) TimerEvent: {}
[109.911182] (-) TimerEvent: {}
[110.011971] (-) TimerEvent: {}
[110.112639] (-) TimerEvent: {}
[110.213298] (-) TimerEvent: {}
[110.314825] (-) TimerEvent: {}
[110.416530] (-) TimerEvent: {}
[110.516959] (-) TimerEvent: {}
[110.619893] (-) TimerEvent: {}
[110.724135] (-) TimerEvent: {}
[110.824590] (-) TimerEvent: {}
[110.925241] (-) TimerEvent: {}
[111.028733] (-) TimerEvent: {}
[111.129136] (-) TimerEvent: {}
[111.229599] (-) TimerEvent: {}
[111.332916] (-) TimerEvent: {}
[111.433313] (-) TimerEvent: {}
[111.533711] (-) TimerEvent: {}
[111.634298] (-) TimerEvent: {}
[111.736347] (-) TimerEvent: {}
[111.842387] (-) TimerEvent: {}
[111.943111] (-) TimerEvent: {}
[112.049289] (-) TimerEvent: {}
[112.149872] (-) TimerEvent: {}
[112.251570] (-) TimerEvent: {}
[112.356262] (-) TimerEvent: {}
[112.456910] (-) TimerEvent: {}
[112.560775] (-) TimerEvent: {}
[112.662259] (-) TimerEvent: {}
[112.763052] (-) TimerEvent: {}
[112.863674] (-) TimerEvent: {}
[112.966819] (-) TimerEvent: {}
[113.067207] (-) TimerEvent: {}
[113.167693] (-) TimerEvent: {}
[113.268138] (-) TimerEvent: {}
[113.368560] (-) TimerEvent: {}
[113.468973] (-) TimerEvent: {}
[113.571409] (-) TimerEvent: {}
[113.671903] (-) TimerEvent: {}
[113.776630] (-) TimerEvent: {}
[113.877524] (-) TimerEvent: {}
[113.978241] (-) TimerEvent: {}
[114.078884] (-) TimerEvent: {}
[114.181251] (-) TimerEvent: {}
[114.282398] (-) TimerEvent: {}
[114.385896] (-) TimerEvent: {}
[114.486490] (-) TimerEvent: {}
[114.586867] (-) TimerEvent: {}
[114.687313] (-) TimerEvent: {}
[114.787705] (-) TimerEvent: {}
[114.888114] (-) TimerEvent: {}
[114.988664] (-) TimerEvent: {}
[115.089552] (-) TimerEvent: {}
[115.193166] (-) TimerEvent: {}
[115.293953] (-) TimerEvent: {}
[115.394678] (-) TimerEvent: {}
[115.497750] (-) TimerEvent: {}
[115.598195] (-) TimerEvent: {}
[115.698758] (-) TimerEvent: {}
[115.799137] (-) TimerEvent: {}
[115.899524] (-) TimerEvent: {}
[115.999927] (-) TimerEvent: {}
[116.100339] (-) TimerEvent: {}
[116.203850] (-) TimerEvent: {}
[116.304244] (-) TimerEvent: {}
[116.404832] (-) TimerEvent: {}
[116.505468] (-) TimerEvent: {}
[116.605877] (-) TimerEvent: {}
[116.706254] (-) TimerEvent: {}
[116.806672] (-) TimerEvent: {}
[116.908181] (-) TimerEvent: {}
[117.008905] (-) TimerEvent: {}
[117.111488] (-) TimerEvent: {}
[117.212024] (-) TimerEvent: {}
[117.312725] (-) TimerEvent: {}
[117.413234] (-) TimerEvent: {}
[117.513652] (-) TimerEvent: {}
[117.614306] (-) TimerEvent: {}
[117.714826] (-) TimerEvent: {}
[117.815222] (-) TimerEvent: {}
[117.915620] (-) TimerEvent: {}
[118.016016] (-) TimerEvent: {}
[118.116412] (-) TimerEvent: {}
[118.219669] (-) TimerEvent: {}
[118.320274] (-) TimerEvent: {}
[118.420782] (-) TimerEvent: {}
[118.521588] (-) TimerEvent: {}
[118.622678] (-) TimerEvent: {}
[118.723561] (-) TimerEvent: {}
[118.824655] (-) TimerEvent: {}
[118.927782] (-) TimerEvent: {}
[119.029423] (-) TimerEvent: {}
[119.131368] (-) TimerEvent: {}
[119.233166] (-) TimerEvent: {}
[119.334412] (-) TimerEvent: {}
[119.393483] (speech_to_text_pkg) StdoutLine: {'line': b'[ 40%] \x1b[32m\x1b[1mLinking CXX executable audio_capture_node\x1b[0m\n'}
[119.434606] (-) TimerEvent: {}
[119.535230] (-) TimerEvent: {}
[119.635828] (-) TimerEvent: {}
[119.736357] (-) TimerEvent: {}
[119.771002] (speech_to_text_pkg) StdoutLine: {'line': b'[ 40%] Built target audio_capture_node\n'}
[119.802785] (speech_to_text_pkg) StdoutLine: {'line': b'[ 42%] \x1b[32mBuilding C object _deps/whisper-build/ggml/src/CMakeFiles/ggml-cpu.dir/ggml-cpu/ggml-cpu.c.o\x1b[0m\n'}
[119.838520] (-) TimerEvent: {}
[119.938891] (-) TimerEvent: {}
[120.039281] (-) TimerEvent: {}
[120.142306] (-) TimerEvent: {}
[120.243974] (-) TimerEvent: {}
[120.345051] (-) TimerEvent: {}
[120.445638] (-) TimerEvent: {}
[120.546029] (-) TimerEvent: {}
[120.646691] (-) TimerEvent: {}
[120.749878] (-) TimerEvent: {}
[120.850791] (-) TimerEvent: {}
[120.951186] (-) TimerEvent: {}
[121.051811] (-) TimerEvent: {}
[121.154689] (-) TimerEvent: {}
[121.255133] (-) TimerEvent: {}
[121.355522] (-) TimerEvent: {}
[121.455940] (-) TimerEvent: {}
[121.556365] (-) TimerEvent: {}
[121.656843] (-) TimerEvent: {}
[121.757478] (-) TimerEvent: {}
[121.859269] (-) TimerEvent: {}
[121.959885] (-) TimerEvent: {}
[122.034921] (speech_to_text_pkg) StdoutLine: {'line': b'[ 45%] \x1b[32mBuilding CXX object _deps/whisper-build/ggml/src/CMakeFiles/ggml-cpu.dir/ggml-cpu/hbm.cpp.o\x1b[0m\n'}
[122.060084] (-) TimerEvent: {}
[122.090686] (speech_to_text_pkg) StdoutLine: {'line': b'[ 48%] \x1b[32mBuilding C object _deps/whisper-build/ggml/src/CMakeFiles/ggml-cpu.dir/ggml-cpu/quants.c.o\x1b[0m\n'}
[122.160267] (-) TimerEvent: {}
[122.263043] (-) TimerEvent: {}
[122.363444] (-) TimerEvent: {}
[122.463807] (-) TimerEvent: {}
[122.564203] (-) TimerEvent: {}
[122.664631] (-) TimerEvent: {}
[122.765089] (-) TimerEvent: {}
[122.865485] (-) TimerEvent: {}
[122.965849] (-) TimerEvent: {}
[123.066229] (-) TimerEvent: {}
[123.166656] (-) TimerEvent: {}
[123.267083] (-) TimerEvent: {}
[123.367509] (-) TimerEvent: {}
[123.467908] (-) TimerEvent: {}
[123.568309] (-) TimerEvent: {}
[123.668705] (-) TimerEvent: {}
[123.769110] (-) TimerEvent: {}
[123.869520] (-) TimerEvent: {}
[123.969909] (-) TimerEvent: {}
[124.070306] (-) TimerEvent: {}
[124.170772] (-) TimerEvent: {}
[124.271173] (-) TimerEvent: {}
[124.371574] (-) TimerEvent: {}
[124.471983] (-) TimerEvent: {}
[124.572412] (-) TimerEvent: {}
[124.670394] (speech_to_text_pkg) StdoutLine: {'line': b'[ 51%] \x1b[32mBuilding CXX object _deps/whisper-build/ggml/src/CMakeFiles/ggml-cpu.dir/ggml-cpu/traits.cpp.o\x1b[0m\n'}
[124.672501] (-) TimerEvent: {}
[124.772854] (-) TimerEvent: {}
[124.873264] (-) TimerEvent: {}
[124.975913] (-) TimerEvent: {}
[125.076303] (-) TimerEvent: {}
[125.176823] (-) TimerEvent: {}
[125.279759] (-) TimerEvent: {}
[125.380162] (-) TimerEvent: {}
[125.480538] (-) TimerEvent: {}
[125.580930] (-) TimerEvent: {}
[125.677576] (speech_to_text_pkg) StdoutLine: {'line': b'[ 54%] \x1b[32mBuilding CXX object _deps/whisper-build/ggml/src/CMakeFiles/ggml-cpu.dir/ggml-cpu/amx/amx.cpp.o\x1b[0m\n'}
[125.681053] (-) TimerEvent: {}
[125.781454] (-) TimerEvent: {}
[125.884883] (-) TimerEvent: {}
[125.985404] (-) TimerEvent: {}
[126.085805] (-) TimerEvent: {}
[126.186176] (-) TimerEvent: {}
[126.286607] (-) TimerEvent: {}
[126.387025] (-) TimerEvent: {}
[126.487472] (-) TimerEvent: {}
[126.587946] (-) TimerEvent: {}
[126.688369] (-) TimerEvent: {}
[126.789012] (-) TimerEvent: {}
[126.889459] (-) TimerEvent: {}
[126.910295] (speech_to_text_pkg) StdoutLine: {'line': b'[ 57%] \x1b[32mBuilding CXX object _deps/whisper-build/ggml/src/CMakeFiles/ggml-cpu.dir/ggml-cpu/amx/mmq.cpp.o\x1b[0m\n'}
[126.989562] (-) TimerEvent: {}
[127.089965] (-) TimerEvent: {}
[127.192757] (-) TimerEvent: {}
[127.294490] (-) TimerEvent: {}
[127.395121] (-) TimerEvent: {}
[127.495760] (-) TimerEvent: {}
[127.596192] (-) TimerEvent: {}
[127.697387] (-) TimerEvent: {}
[127.798164] (-) TimerEvent: {}
[127.898865] (-) TimerEvent: {}
[127.999490] (-) TimerEvent: {}
[128.099868] (-) TimerEvent: {}
[128.121721] (speech_to_text_pkg) StdoutLine: {'line': b'[ 60%] \x1b[32mBuilding CXX object _deps/whisper-build/ggml/src/CMakeFiles/ggml-cpu.dir/ggml-cpu/binary-ops.cpp.o\x1b[0m\n'}
[128.199991] (-) TimerEvent: {}
[128.303621] (-) TimerEvent: {}
[128.406992] (-) TimerEvent: {}
[128.507706] (-) TimerEvent: {}
[128.608129] (-) TimerEvent: {}
[128.709716] (-) TimerEvent: {}
[128.810326] (-) TimerEvent: {}
[128.911412] (-) TimerEvent: {}
[129.012301] (-) TimerEvent: {}
[129.112897] (-) TimerEvent: {}
[129.213631] (-) TimerEvent: {}
[129.314345] (-) TimerEvent: {}
[129.416532] (-) TimerEvent: {}
[129.516983] (-) TimerEvent: {}
[129.617767] (-) TimerEvent: {}
[129.719919] (-) TimerEvent: {}
[129.824024] (-) TimerEvent: {}
[129.924571] (-) TimerEvent: {}
[130.025507] (-) TimerEvent: {}
[130.127816] (-) TimerEvent: {}
[130.228458] (-) TimerEvent: {}
[130.333688] (-) TimerEvent: {}
[130.436581] (-) TimerEvent: {}
[130.537138] (-) TimerEvent: {}
[130.638765] (-) TimerEvent: {}
[130.743692] (-) TimerEvent: {}
[130.844333] (-) TimerEvent: {}
[130.944909] (-) TimerEvent: {}
[131.045577] (-) TimerEvent: {}
[131.146210] (-) TimerEvent: {}
[131.247245] (-) TimerEvent: {}
[131.347856] (-) TimerEvent: {}
[131.448237] (-) TimerEvent: {}
[131.548646] (-) TimerEvent: {}
[131.649059] (-) TimerEvent: {}
[131.749606] (-) TimerEvent: {}
[131.850056] (-) TimerEvent: {}
[131.950529] (-) TimerEvent: {}
[132.050971] (-) TimerEvent: {}
[132.151373] (-) TimerEvent: {}
[132.251804] (-) TimerEvent: {}
[132.352247] (-) TimerEvent: {}
[132.452742] (-) TimerEvent: {}
[132.553164] (-) TimerEvent: {}
[132.653694] (-) TimerEvent: {}
[132.754258] (-) TimerEvent: {}
[132.774003] (speech_to_text_pkg) StdoutLine: {'line': b'[ 62%] \x1b[32mBuilding CXX object _deps/whisper-build/ggml/src/CMakeFiles/ggml-cpu.dir/ggml-cpu/unary-ops.cpp.o\x1b[0m\n'}
[132.854392] (-) TimerEvent: {}
[132.954824] (-) TimerEvent: {}
[133.055227] (-) TimerEvent: {}
[133.155655] (-) TimerEvent: {}
[133.256048] (-) TimerEvent: {}
[133.356467] (-) TimerEvent: {}
[133.457148] (-) TimerEvent: {}
[133.560759] (-) TimerEvent: {}
[133.661248] (-) TimerEvent: {}
[133.762157] (-) TimerEvent: {}
[133.862570] (-) TimerEvent: {}
[133.963117] (-) TimerEvent: {}
[134.063635] (-) TimerEvent: {}
[134.164247] (-) TimerEvent: {}
[134.267254] (-) TimerEvent: {}
[134.368384] (-) TimerEvent: {}
[134.468844] (-) TimerEvent: {}
[134.569252] (-) TimerEvent: {}
[134.672250] (-) TimerEvent: {}
[134.775012] (-) TimerEvent: {}
[134.877272] (-) TimerEvent: {}
[134.980968] (-) TimerEvent: {}
[135.081517] (-) TimerEvent: {}
[135.182127] (-) TimerEvent: {}
[135.282751] (-) TimerEvent: {}
[135.383328] (-) TimerEvent: {}
[135.483778] (-) TimerEvent: {}
[135.584188] (-) TimerEvent: {}
[135.684871] (-) TimerEvent: {}
[135.785280] (-) TimerEvent: {}
[135.885683] (-) TimerEvent: {}
[135.987283] (-) TimerEvent: {}
[136.090128] (-) TimerEvent: {}
[136.196261] (-) TimerEvent: {}
[136.297195] (-) TimerEvent: {}
[136.398179] (-) TimerEvent: {}
[136.498614] (-) TimerEvent: {}
[136.599045] (-) TimerEvent: {}
[136.699503] (-) TimerEvent: {}
[136.800029] (-) TimerEvent: {}
[136.900461] (-) TimerEvent: {}
[137.000868] (-) TimerEvent: {}
[137.101310] (-) TimerEvent: {}
[137.201809] (-) TimerEvent: {}
[137.302214] (-) TimerEvent: {}
[137.402668] (-) TimerEvent: {}
[137.503065] (-) TimerEvent: {}
[137.603522] (-) TimerEvent: {}
[137.703945] (-) TimerEvent: {}
[137.806799] (-) TimerEvent: {}
[137.908588] (-) TimerEvent: {}
[138.010298] (-) TimerEvent: {}
[138.110967] (-) TimerEvent: {}
[138.211559] (-) TimerEvent: {}
[138.312200] (-) TimerEvent: {}
[138.412803] (-) TimerEvent: {}
[138.513230] (-) TimerEvent: {}
[138.613667] (-) TimerEvent: {}
[138.714059] (-) TimerEvent: {}
[138.814691] (-) TimerEvent: {}
[138.917792] (-) TimerEvent: {}
[139.020931] (-) TimerEvent: {}
[139.121456] (-) TimerEvent: {}
[139.176873] (speech_to_text_pkg) StdoutLine: {'line': b'[ 65%] \x1b[32mBuilding CXX object _deps/whisper-build/ggml/src/CMakeFiles/ggml-cpu.dir/ggml-cpu/vec.cpp.o\x1b[0m\n'}
[139.221612] (-) TimerEvent: {}
[139.322094] (-) TimerEvent: {}
[139.422505] (-) TimerEvent: {}
[139.522904] (-) TimerEvent: {}
[139.623412] (-) TimerEvent: {}
[139.726008] (-) TimerEvent: {}
[139.830052] (-) TimerEvent: {}
[139.930757] (-) TimerEvent: {}
[140.031162] (-) TimerEvent: {}
[140.131515] (-) TimerEvent: {}
[140.231898] (-) TimerEvent: {}
[140.332300] (-) TimerEvent: {}
[140.411368] (speech_to_text_pkg) StdoutLine: {'line': b'[ 68%] \x1b[32mBuilding CXX object _deps/whisper-build/ggml/src/CMakeFiles/ggml-cpu.dir/ggml-cpu/ops.cpp.o\x1b[0m\n'}
[140.432424] (-) TimerEvent: {}
[140.532839] (-) TimerEvent: {}
[140.633279] (-) TimerEvent: {}
[140.733848] (-) TimerEvent: {}
[140.834256] (-) TimerEvent: {}
[140.934674] (-) TimerEvent: {}
[141.035064] (-) TimerEvent: {}
[141.135474] (-) TimerEvent: {}
[141.235879] (-) TimerEvent: {}
[141.336286] (-) TimerEvent: {}
[141.436753] (-) TimerEvent: {}
[141.537160] (-) TimerEvent: {}
[141.637648] (-) TimerEvent: {}
[141.738224] (-) TimerEvent: {}
[141.838650] (-) TimerEvent: {}
[141.939044] (-) TimerEvent: {}
[142.039473] (-) TimerEvent: {}
[142.139971] (-) TimerEvent: {}
[142.241787] (-) TimerEvent: {}
[142.345107] (-) TimerEvent: {}
[142.448481] (-) TimerEvent: {}
[142.548881] (-) TimerEvent: {}
[142.649339] (-) TimerEvent: {}
[142.749905] (-) TimerEvent: {}
[142.850301] (-) TimerEvent: {}
[142.950743] (-) TimerEvent: {}
[143.051142] (-) TimerEvent: {}
[143.151509] (-) TimerEvent: {}
[143.251896] (-) TimerEvent: {}
[143.352305] (-) TimerEvent: {}
[143.455708] (-) TimerEvent: {}
[143.556148] (-) TimerEvent: {}
[143.656583] (-) TimerEvent: {}
[143.758370] (-) TimerEvent: {}
[143.858891] (-) TimerEvent: {}
[143.959547] (-) TimerEvent: {}
[144.060127] (-) TimerEvent: {}
[144.162099] (-) TimerEvent: {}
[144.262961] (-) TimerEvent: {}
[144.363654] (-) TimerEvent: {}
[144.464261] (-) TimerEvent: {}
[144.564727] (-) TimerEvent: {}
[144.665194] (-) TimerEvent: {}
[144.767098] (-) TimerEvent: {}
[144.867510] (-) TimerEvent: {}
[144.967900] (-) TimerEvent: {}
[145.068396] (-) TimerEvent: {}
[145.168843] (-) TimerEvent: {}
[145.269538] (-) TimerEvent: {}
[145.369976] (-) TimerEvent: {}
[145.472745] (-) TimerEvent: {}
[145.573152] (-) TimerEvent: {}
[145.675425] (-) TimerEvent: {}
[145.775983] (-) TimerEvent: {}
[145.876625] (-) TimerEvent: {}
[145.977911] (-) TimerEvent: {}
[146.082961] (-) TimerEvent: {}
[146.185536] (-) TimerEvent: {}
[146.285964] (-) TimerEvent: {}
[146.386553] (-) TimerEvent: {}
[146.487036] (-) TimerEvent: {}
[146.587528] (-) TimerEvent: {}
[146.688116] (-) TimerEvent: {}
[146.788513] (-) TimerEvent: {}
[146.888931] (-) TimerEvent: {}
[146.989352] (-) TimerEvent: {}
[147.090631] (-) TimerEvent: {}
[147.192709] (-) TimerEvent: {}
[147.294526] (-) TimerEvent: {}
[147.397986] (-) TimerEvent: {}
[147.498469] (-) TimerEvent: {}
[147.598869] (-) TimerEvent: {}
[147.699263] (-) TimerEvent: {}
[147.802719] (-) TimerEvent: {}
[147.903123] (-) TimerEvent: {}
[148.006775] (-) TimerEvent: {}
[148.107813] (-) TimerEvent: {}
[148.211002] (-) TimerEvent: {}
[148.312325] (-) TimerEvent: {}
[148.413291] (-) TimerEvent: {}
[148.513909] (-) TimerEvent: {}
[148.614896] (-) TimerEvent: {}
[148.718511] (-) TimerEvent: {}
[148.819156] (-) TimerEvent: {}
[148.924246] (-) TimerEvent: {}
[149.024950] (-) TimerEvent: {}
[149.125930] (-) TimerEvent: {}
[149.229048] (-) TimerEvent: {}
[149.329889] (-) TimerEvent: {}
[149.431301] (-) TimerEvent: {}
[149.532135] (-) TimerEvent: {}
[149.632547] (-) TimerEvent: {}
[149.733012] (-) TimerEvent: {}
[149.833723] (-) TimerEvent: {}
[149.934951] (-) TimerEvent: {}
[150.035480] (-) TimerEvent: {}
[150.136345] (-) TimerEvent: {}
[150.237025] (-) TimerEvent: {}
[150.337798] (-) TimerEvent: {}
[150.441296] (-) TimerEvent: {}
[150.541740] (-) TimerEvent: {}
[150.642209] (-) TimerEvent: {}
[150.744982] (-) TimerEvent: {}
[150.848165] (-) TimerEvent: {}
[150.948893] (-) TimerEvent: {}
[151.049315] (-) TimerEvent: {}
[151.149728] (-) TimerEvent: {}
[151.250158] (-) TimerEvent: {}
[151.351065] (-) TimerEvent: {}
[151.454984] (-) TimerEvent: {}
[151.555503] (-) TimerEvent: {}
[151.656210] (-) TimerEvent: {}
[151.757660] (-) TimerEvent: {}
[151.860852] (-) TimerEvent: {}
[151.962679] (-) TimerEvent: {}
[152.063299] (-) TimerEvent: {}
[152.164029] (-) TimerEvent: {}
[152.264681] (-) TimerEvent: {}
[152.365110] (-) TimerEvent: {}
[152.465730] (-) TimerEvent: {}
[152.566163] (-) TimerEvent: {}
[152.667036] (-) TimerEvent: {}
[152.767864] (-) TimerEvent: {}
[152.868631] (-) TimerEvent: {}
[152.969584] (-) TimerEvent: {}
[153.070318] (-) TimerEvent: {}
[153.170978] (-) TimerEvent: {}
[153.271602] (-) TimerEvent: {}
[153.372271] (-) TimerEvent: {}
[153.472772] (-) TimerEvent: {}
[153.573377] (-) TimerEvent: {}
[153.674427] (-) TimerEvent: {}
[153.775210] (-) TimerEvent: {}
[153.876140] (-) TimerEvent: {}
[153.976978] (-) TimerEvent: {}
[154.077503] (-) TimerEvent: {}
[154.178067] (-) TimerEvent: {}
[154.278715] (-) TimerEvent: {}
[154.379507] (-) TimerEvent: {}
[154.480090] (-) TimerEvent: {}
[154.580759] (-) TimerEvent: {}
[154.681173] (-) TimerEvent: {}
[154.781547] (-) TimerEvent: {}
[154.881932] (-) TimerEvent: {}
[154.982320] (-) TimerEvent: {}
[155.082733] (-) TimerEvent: {}
[155.183175] (-) TimerEvent: {}
[155.283862] (-) TimerEvent: {}
[155.307097] (speech_to_text_pkg) StdoutLine: {'line': b'[ 71%] \x1b[32mBuilding C object _deps/whisper-build/ggml/src/CMakeFiles/ggml-cpu.dir/ggml-cpu/arch/arm/quants.c.o\x1b[0m\n'}
[155.383986] (-) TimerEvent: {}
[155.487538] (-) TimerEvent: {}
[155.587938] (-) TimerEvent: {}
[155.688338] (-) TimerEvent: {}
[155.788755] (-) TimerEvent: {}
[155.889233] (-) TimerEvent: {}
[155.989671] (-) TimerEvent: {}
[156.090096] (-) TimerEvent: {}
[156.190975] (-) TimerEvent: {}
[156.291422] (-) TimerEvent: {}
[156.391860] (-) TimerEvent: {}
[156.492290] (-) TimerEvent: {}
[156.592682] (-) TimerEvent: {}
[156.693069] (-) TimerEvent: {}
[156.793582] (-) TimerEvent: {}
[156.894479] (-) TimerEvent: {}
[156.995071] (-) TimerEvent: {}
[157.095631] (-) TimerEvent: {}
[157.198983] (-) TimerEvent: {}
[157.299665] (-) TimerEvent: {}
[157.340254] (speech_to_text_pkg) StdoutLine: {'line': b'[ 74%] \x1b[32mBuilding CXX object _deps/whisper-build/ggml/src/CMakeFiles/ggml-cpu.dir/ggml-cpu/arch/arm/repack.cpp.o\x1b[0m\n'}
[157.399776] (-) TimerEvent: {}
[157.500187] (-) TimerEvent: {}
[157.600600] (-) TimerEvent: {}
[157.701003] (-) TimerEvent: {}
[157.801405] (-) TimerEvent: {}
[157.901815] (-) TimerEvent: {}
[158.002213] (-) TimerEvent: {}
[158.102680] (-) TimerEvent: {}
[158.203221] (-) TimerEvent: {}
[158.303932] (-) TimerEvent: {}
[158.404331] (-) TimerEvent: {}
[158.504796] (-) TimerEvent: {}
[158.605221] (-) TimerEvent: {}
[158.705631] (-) TimerEvent: {}
[158.806022] (-) TimerEvent: {}
[158.908903] (-) TimerEvent: {}
[159.009923] (-) TimerEvent: {}
[159.111298] (-) TimerEvent: {}
[159.212213] (-) TimerEvent: {}
[159.312928] (-) TimerEvent: {}
[159.415342] (-) TimerEvent: {}
[159.468090] (speech_to_text_pkg) StdoutLine: {'line': b'[ 77%] \x1b[32mBuilding CXX object _deps/whisper-build/ggml/src/CMakeFiles/ggml-cpu.dir/ggml-cpu/repack.cpp.o\x1b[0m\n'}
[159.515478] (-) TimerEvent: {}
[159.615914] (-) TimerEvent: {}
[159.716470] (-) TimerEvent: {}
[159.816867] (-) TimerEvent: {}
[159.917251] (-) TimerEvent: {}
[160.017688] (-) TimerEvent: {}
[160.118103] (-) TimerEvent: {}
[160.220821] (-) TimerEvent: {}
[160.325244] (-) TimerEvent: {}
[160.427509] (-) TimerEvent: {}
[160.530747] (-) TimerEvent: {}
[160.631205] (-) TimerEvent: {}
[160.731835] (-) TimerEvent: {}
[160.834874] (-) TimerEvent: {}
[160.935262] (-) TimerEvent: {}
[161.037864] (-) TimerEvent: {}
[161.138255] (-) TimerEvent: {}
[161.240878] (-) TimerEvent: {}
[161.342296] (-) TimerEvent: {}
[161.443832] (-) TimerEvent: {}
[161.544216] (-) TimerEvent: {}
[161.644725] (-) TimerEvent: {}
[161.747580] (-) TimerEvent: {}
[161.848203] (-) TimerEvent: {}
[161.948623] (-) TimerEvent: {}
[162.049003] (-) TimerEvent: {}
[162.149390] (-) TimerEvent: {}
[162.249833] (-) TimerEvent: {}
[162.350212] (-) TimerEvent: {}
[162.450657] (-) TimerEvent: {}
[162.551053] (-) TimerEvent: {}
[162.651523] (-) TimerEvent: {}
[162.752005] (-) TimerEvent: {}
[162.852481] (-) TimerEvent: {}
[162.952904] (-) TimerEvent: {}
[163.055777] (-) TimerEvent: {}
[163.158093] (-) TimerEvent: {}
[163.258789] (-) TimerEvent: {}
[163.359349] (-) TimerEvent: {}
[163.459832] (-) TimerEvent: {}
[163.560232] (-) TimerEvent: {}
[163.661596] (-) TimerEvent: {}
[163.763309] (-) TimerEvent: {}
[163.864051] (-) TimerEvent: {}
[163.967446] (-) TimerEvent: {}
[164.070700] (-) TimerEvent: {}
[164.171137] (-) TimerEvent: {}
[164.271523] (-) TimerEvent: {}
[164.371920] (-) TimerEvent: {}
[164.472370] (-) TimerEvent: {}
[164.572771] (-) TimerEvent: {}
[164.673146] (-) TimerEvent: {}
[164.773588] (-) TimerEvent: {}
[164.876629] (-) TimerEvent: {}
[164.977041] (-) TimerEvent: {}
[165.077473] (-) TimerEvent: {}
[165.177854] (-) TimerEvent: {}
[165.278279] (-) TimerEvent: {}
[165.378870] (-) TimerEvent: {}
[165.479264] (-) TimerEvent: {}
[165.579721] (-) TimerEvent: {}
[165.680692] (-) TimerEvent: {}
[165.781259] (-) TimerEvent: {}
[165.881710] (-) TimerEvent: {}
[165.982156] (-) TimerEvent: {}
[166.082512] (-) TimerEvent: {}
[166.182893] (-) TimerEvent: {}
[166.283305] (-) TimerEvent: {}
[166.383771] (-) TimerEvent: {}
[166.484202] (-) TimerEvent: {}
[166.584712] (-) TimerEvent: {}
[166.685222] (-) TimerEvent: {}
[166.785627] (-) TimerEvent: {}
[166.886018] (-) TimerEvent: {}
[166.986425] (-) TimerEvent: {}
[167.086850] (-) TimerEvent: {}
[167.187256] (-) TimerEvent: {}
[167.287714] (-) TimerEvent: {}
[167.379341] (speech_to_text_pkg) StdoutLine: {'line': b'[ 80%] \x1b[32mBuilding CXX object _deps/whisper-build/ggml/src/CMakeFiles/ggml-cpu.dir/ggml-cpu/ggml-cpu.cpp.o\x1b[0m\n'}
[167.387838] (-) TimerEvent: {}
[167.488223] (-) TimerEvent: {}
[167.592071] (-) TimerEvent: {}
[167.696036] (-) TimerEvent: {}
[167.801396] (-) TimerEvent: {}
[167.901986] (-) TimerEvent: {}
[168.002591] (-) TimerEvent: {}
[168.103185] (-) TimerEvent: {}
[168.203801] (-) TimerEvent: {}
[168.304418] (-) TimerEvent: {}
[168.405085] (-) TimerEvent: {}
[168.505774] (-) TimerEvent: {}
[168.606375] (-) TimerEvent: {}
[168.708265] (-) TimerEvent: {}
[168.810523] (-) TimerEvent: {}
[168.912724] (-) TimerEvent: {}
[169.014178] (-) TimerEvent: {}
[169.117282] (-) TimerEvent: {}
[169.221002] (-) TimerEvent: {}
[169.323463] (-) TimerEvent: {}
[169.424566] (-) TimerEvent: {}
[169.526977] (-) TimerEvent: {}
[169.606649] (speech_to_text_pkg) StdoutLine: {'line': b'[ 82%] \x1b[32m\x1b[1mLinking CXX shared library libggml-cpu.so\x1b[0m\n'}
[169.627294] (-) TimerEvent: {}
[169.732945] (-) TimerEvent: {}
[169.833569] (-) TimerEvent: {}
[169.914758] (speech_to_text_pkg) StdoutLine: {'line': b'[ 82%] Built target ggml-cpu\n'}
[169.933684] (-) TimerEvent: {}
[169.946617] (speech_to_text_pkg) StdoutLine: {'line': b'[ 85%] \x1b[32mBuilding CXX object _deps/whisper-build/ggml/src/CMakeFiles/ggml.dir/ggml-backend-reg.cpp.o\x1b[0m\n'}
[170.033807] (-) TimerEvent: {}
[170.134205] (-) TimerEvent: {}
[170.234603] (-) TimerEvent: {}
[170.335017] (-) TimerEvent: {}
[170.435427] (-) TimerEvent: {}
[170.535870] (-) TimerEvent: {}
[170.636308] (-) TimerEvent: {}
[170.736842] (-) TimerEvent: {}
[170.837284] (-) TimerEvent: {}
[170.937747] (-) TimerEvent: {}
[171.038166] (-) TimerEvent: {}
[171.138927] (-) TimerEvent: {}
[171.239384] (-) TimerEvent: {}
[171.339834] (-) TimerEvent: {}
[171.440247] (-) TimerEvent: {}
[171.540748] (-) TimerEvent: {}
[171.642884] (-) TimerEvent: {}
[171.745628] (-) TimerEvent: {}
[171.846398] (-) TimerEvent: {}
[171.947667] (-) TimerEvent: {}
[172.048408] (-) TimerEvent: {}
[172.149013] (-) TimerEvent: {}
[172.252822] (-) TimerEvent: {}
[172.353631] (-) TimerEvent: {}
[172.454240] (-) TimerEvent: {}
[172.554666] (-) TimerEvent: {}
[172.655111] (-) TimerEvent: {}
[172.755718] (-) TimerEvent: {}
[172.856119] (-) TimerEvent: {}
[172.956522] (-) TimerEvent: {}
[173.056945] (-) TimerEvent: {}
[173.159953] (-) TimerEvent: {}
[173.261517] (-) TimerEvent: {}
[173.362799] (-) TimerEvent: {}
[173.465811] (-) TimerEvent: {}
[173.566270] (-) TimerEvent: {}
[173.666765] (-) TimerEvent: {}
[173.767671] (-) TimerEvent: {}
[173.868096] (-) TimerEvent: {}
[173.968269] (speech_to_text_pkg) StdoutLine: {'line': b'[ 88%] \x1b[32m\x1b[1mLinking CXX shared library libggml.so\x1b[0m\n'}
[173.968633] (-) TimerEvent: {}
[174.071847] (-) TimerEvent: {}
[174.177788] (-) TimerEvent: {}
[174.223809] (speech_to_text_pkg) StdoutLine: {'line': b'[ 88%] Built target ggml\n'}
[174.281851] (-) TimerEvent: {}
[174.297022] (speech_to_text_pkg) StdoutLine: {'line': b'[ 91%] \x1b[32mBuilding CXX object _deps/whisper-build/src/CMakeFiles/whisper.dir/whisper.cpp.o\x1b[0m\n'}
[174.382601] (-) TimerEvent: {}
[174.485914] (-) TimerEvent: {}
[174.589007] (-) TimerEvent: {}
[174.689407] (-) TimerEvent: {}
[174.789833] (-) TimerEvent: {}
[174.890245] (-) TimerEvent: {}
[174.991331] (-) TimerEvent: {}
[175.094847] (-) TimerEvent: {}
[175.197805] (-) TimerEvent: {}
[175.298215] (-) TimerEvent: {}
[175.398641] (-) TimerEvent: {}
[175.499049] (-) TimerEvent: {}
[175.601929] (-) TimerEvent: {}
[175.702526] (-) TimerEvent: {}
[175.805769] (-) TimerEvent: {}
[175.906393] (-) TimerEvent: {}
[176.007860] (-) TimerEvent: {}
[176.109055] (-) TimerEvent: {}
[176.212226] (-) TimerEvent: {}
[176.313140] (-) TimerEvent: {}
[176.413894] (-) TimerEvent: {}
[176.514358] (-) TimerEvent: {}
[176.615149] (-) TimerEvent: {}
[176.715936] (-) TimerEvent: {}
[176.816324] (-) TimerEvent: {}
[176.916743] (-) TimerEvent: {}
[177.017343] (-) TimerEvent: {}
[177.118005] (-) TimerEvent: {}
[177.218444] (-) TimerEvent: {}
[177.318840] (-) TimerEvent: {}
[177.419248] (-) TimerEvent: {}
[177.519852] (-) TimerEvent: {}
[177.620313] (-) TimerEvent: {}
[177.721256] (-) TimerEvent: {}
[177.821683] (-) TimerEvent: {}
[177.922090] (-) TimerEvent: {}
[178.022479] (-) TimerEvent: {}
[178.122847] (-) TimerEvent: {}
[178.223608] (-) TimerEvent: {}
[178.326952] (-) TimerEvent: {}
[178.427462] (-) TimerEvent: {}
[178.527899] (-) TimerEvent: {}
[178.628341] (-) TimerEvent: {}
[178.730745] (-) TimerEvent: {}
[178.831272] (-) TimerEvent: {}
[178.931684] (-) TimerEvent: {}
[179.032068] (-) TimerEvent: {}
[179.132505] (-) TimerEvent: {}
[179.232924] (-) TimerEvent: {}
[179.333358] (-) TimerEvent: {}
[179.433817] (-) TimerEvent: {}
[179.534224] (-) TimerEvent: {}
[179.634726] (-) TimerEvent: {}
[179.735318] (-) TimerEvent: {}
[179.835798] (-) TimerEvent: {}
[179.936211] (-) TimerEvent: {}
[180.040933] (-) TimerEvent: {}
[180.141388] (-) TimerEvent: {}
[180.242866] (-) TimerEvent: {}
[180.344934] (-) TimerEvent: {}
[180.445544] (-) TimerEvent: {}
[180.545986] (-) TimerEvent: {}
[180.646458] (-) TimerEvent: {}
[180.747777] (-) TimerEvent: {}
[180.848260] (-) TimerEvent: {}
[180.948678] (-) TimerEvent: {}
[181.049080] (-) TimerEvent: {}
[181.149499] (-) TimerEvent: {}
[181.249889] (-) TimerEvent: {}
[181.350294] (-) TimerEvent: {}
[181.450726] (-) TimerEvent: {}
[181.551123] (-) TimerEvent: {}
[181.651553] (-) TimerEvent: {}
[181.752034] (-) TimerEvent: {}
[181.852458] (-) TimerEvent: {}
[181.952861] (-) TimerEvent: {}
[182.053269] (-) TimerEvent: {}
[182.156806] (-) TimerEvent: {}
[182.257531] (-) TimerEvent: {}
[182.358808] (-) TimerEvent: {}
[182.460908] (-) TimerEvent: {}
[182.561307] (-) TimerEvent: {}
[182.661836] (-) TimerEvent: {}
[182.763294] (-) TimerEvent: {}
[182.864264] (-) TimerEvent: {}
[182.964715] (-) TimerEvent: {}
[183.065080] (-) TimerEvent: {}
[183.167569] (-) TimerEvent: {}
[183.268658] (-) TimerEvent: {}
[183.372191] (-) TimerEvent: {}
[183.472767] (-) TimerEvent: {}
[183.573164] (-) TimerEvent: {}
[183.673534] (-) TimerEvent: {}
[183.774807] (-) TimerEvent: {}
[183.875302] (-) TimerEvent: {}
[183.977894] (-) TimerEvent: {}
[184.078610] (-) TimerEvent: {}
[184.179283] (-) TimerEvent: {}
[184.279875] (-) TimerEvent: {}
[184.380345] (-) TimerEvent: {}
[184.480765] (-) TimerEvent: {}
[184.581157] (-) TimerEvent: {}
[184.681567] (-) TimerEvent: {}
[184.781945] (-) TimerEvent: {}
[184.882343] (-) TimerEvent: {}
[184.982757] (-) TimerEvent: {}
[185.083148] (-) TimerEvent: {}
[185.183514] (-) TimerEvent: {}
[185.283915] (-) TimerEvent: {}
[185.384356] (-) TimerEvent: {}
[185.484810] (-) TimerEvent: {}
[185.585325] (-) TimerEvent: {}
[185.686054] (-) TimerEvent: {}
[185.786464] (-) TimerEvent: {}
[185.886865] (-) TimerEvent: {}
[185.987302] (-) TimerEvent: {}
[186.087715] (-) TimerEvent: {}
[186.188116] (-) TimerEvent: {}
[186.288512] (-) TimerEvent: {}
[186.388912] (-) TimerEvent: {}
[186.489293] (-) TimerEvent: {}
[186.589736] (-) TimerEvent: {}
[186.690132] (-) TimerEvent: {}
[186.790879] (-) TimerEvent: {}
[186.891347] (-) TimerEvent: {}
[186.994797] (-) TimerEvent: {}
[187.095730] (-) TimerEvent: {}
[187.201823] (-) TimerEvent: {}
[187.303422] (-) TimerEvent: {}
[187.403964] (-) TimerEvent: {}
[187.504333] (-) TimerEvent: {}
[187.604767] (-) TimerEvent: {}
[187.705164] (-) TimerEvent: {}
[187.805583] (-) TimerEvent: {}
[187.907914] (-) TimerEvent: {}
[188.008362] (-) TimerEvent: {}
[188.108832] (-) TimerEvent: {}
[188.209504] (-) TimerEvent: {}
[188.310450] (-) TimerEvent: {}
[188.412533] (-) TimerEvent: {}
[188.513158] (-) TimerEvent: {}
[188.614966] (-) TimerEvent: {}
[188.715470] (-) TimerEvent: {}
[188.816220] (-) TimerEvent: {}
[188.916952] (-) TimerEvent: {}
[189.017343] (-) TimerEvent: {}
[189.118021] (-) TimerEvent: {}
[189.218454] (-) TimerEvent: {}
[189.319715] (-) TimerEvent: {}
[189.420116] (-) TimerEvent: {}
[189.523668] (-) TimerEvent: {}
[189.626781] (-) TimerEvent: {}
[189.727241] (-) TimerEvent: {}
[189.828039] (-) TimerEvent: {}
[189.929337] (-) TimerEvent: {}
[190.030191] (-) TimerEvent: {}
[190.134071] (-) TimerEvent: {}
[190.237909] (-) TimerEvent: {}
[190.338516] (-) TimerEvent: {}
[190.439107] (-) TimerEvent: {}
[190.539707] (-) TimerEvent: {}
[190.640347] (-) TimerEvent: {}
[190.741933] (-) TimerEvent: {}
[190.842594] (-) TimerEvent: {}
[190.943474] (-) TimerEvent: {}
[191.046457] (-) TimerEvent: {}
[191.147998] (-) TimerEvent: {}
[191.248764] (-) TimerEvent: {}
[191.349289] (-) TimerEvent: {}
[191.449926] (-) TimerEvent: {}
[191.550324] (-) TimerEvent: {}
[191.651046] (-) TimerEvent: {}
[191.751905] (-) TimerEvent: {}
[191.852917] (-) TimerEvent: {}
[191.956818] (-) TimerEvent: {}
[192.057547] (-) TimerEvent: {}
[192.158260] (-) TimerEvent: {}
[192.262032] (-) TimerEvent: {}
[192.362553] (-) TimerEvent: {}
[192.463311] (-) TimerEvent: {}
[192.563941] (-) TimerEvent: {}
[192.664570] (-) TimerEvent: {}
[192.769351] (-) TimerEvent: {}
[192.872732] (-) TimerEvent: {}
[192.973190] (-) TimerEvent: {}
[193.073595] (-) TimerEvent: {}
[193.177719] (-) TimerEvent: {}
[193.279485] (-) TimerEvent: {}
[193.380397] (-) TimerEvent: {}
[193.481009] (-) TimerEvent: {}
[193.581672] (-) TimerEvent: {}
[193.682316] (-) TimerEvent: {}
[193.782698] (-) TimerEvent: {}
[193.883069] (-) TimerEvent: {}
[193.983883] (-) TimerEvent: {}
[194.084717] (-) TimerEvent: {}
[194.185096] (-) TimerEvent: {}
[194.285715] (-) TimerEvent: {}
[194.386111] (-) TimerEvent: {}
[194.486744] (-) TimerEvent: {}
[194.587147] (-) TimerEvent: {}
[194.687600] (-) TimerEvent: {}
[194.788009] (-) TimerEvent: {}
[194.888481] (-) TimerEvent: {}
[194.989089] (-) TimerEvent: {}
[195.089507] (-) TimerEvent: {}
[195.190256] (-) TimerEvent: {}
[195.290909] (-) TimerEvent: {}
[195.392125] (-) TimerEvent: {}
[195.495168] (-) TimerEvent: {}
[195.595805] (-) TimerEvent: {}
[195.696604] (-) TimerEvent: {}
[195.800413] (-) TimerEvent: {}
[195.901062] (-) TimerEvent: {}
[196.001685] (-) TimerEvent: {}
[196.102524] (-) TimerEvent: {}
[196.205921] (-) TimerEvent: {}
[196.307589] (-) TimerEvent: {}
[196.411814] (-) TimerEvent: {}
[196.512182] (-) TimerEvent: {}
[196.618570] (-) TimerEvent: {}
[196.719120] (-) TimerEvent: {}
[196.821537] (-) TimerEvent: {}
[196.922076] (-) TimerEvent: {}
[197.024179] (-) TimerEvent: {}
[197.126553] (-) TimerEvent: {}
[197.227303] (-) TimerEvent: {}
[197.328107] (-) TimerEvent: {}
[197.428957] (-) TimerEvent: {}
[197.529401] (-) TimerEvent: {}
[197.629894] (-) TimerEvent: {}
[197.730506] (-) TimerEvent: {}
[197.830891] (-) TimerEvent: {}
[197.931284] (-) TimerEvent: {}
[198.031701] (-) TimerEvent: {}
[198.132080] (-) TimerEvent: {}
[198.232551] (-) TimerEvent: {}
[198.333063] (-) TimerEvent: {}
[198.433480] (-) TimerEvent: {}
[198.533980] (-) TimerEvent: {}
[198.634463] (-) TimerEvent: {}
[198.735017] (-) TimerEvent: {}
[198.835391] (-) TimerEvent: {}
[198.935792] (-) TimerEvent: {}
[199.036310] (-) TimerEvent: {}
[199.136782] (-) TimerEvent: {}
[199.237183] (-) TimerEvent: {}
[199.337630] (-) TimerEvent: {}
[199.438114] (-) TimerEvent: {}
[199.538652] (-) TimerEvent: {}
[199.639135] (-) TimerEvent: {}
[199.739771] (-) TimerEvent: {}
[199.840198] (-) TimerEvent: {}
[199.940656] (-) TimerEvent: {}
[200.042017] (-) TimerEvent: {}
[200.142491] (-) TimerEvent: {}
[200.243190] (-) TimerEvent: {}
[200.344223] (-) TimerEvent: {}
[200.445942] (-) TimerEvent: {}
[200.546413] (-) TimerEvent: {}
[200.646916] (-) TimerEvent: {}
[200.749965] (-) TimerEvent: {}
[200.850551] (-) TimerEvent: {}
[200.953795] (-) TimerEvent: {}
[201.056843] (-) TimerEvent: {}
[201.157573] (-) TimerEvent: {}
[201.258493] (-) TimerEvent: {}
[201.360348] (-) TimerEvent: {}
[201.462123] (-) TimerEvent: {}
[201.562536] (-) TimerEvent: {}
[201.663124] (-) TimerEvent: {}
[201.764465] (-) TimerEvent: {}
[201.865170] (-) TimerEvent: {}
[201.965512] (-) TimerEvent: {}
[202.066169] (-) TimerEvent: {}
[202.166842] (-) TimerEvent: {}
[202.267213] (-) TimerEvent: {}
[202.367579] (-) TimerEvent: {}
[202.467963] (-) TimerEvent: {}
[202.568402] (-) TimerEvent: {}
[202.668828] (-) TimerEvent: {}
[202.769239] (-) TimerEvent: {}
[202.869781] (-) TimerEvent: {}
[202.970208] (-) TimerEvent: {}
[203.070631] (-) TimerEvent: {}
[203.171052] (-) TimerEvent: {}
[203.271455] (-) TimerEvent: {}
[203.371874] (-) TimerEvent: {}
[203.472296] (-) TimerEvent: {}
[203.572728] (-) TimerEvent: {}
[203.673127] (-) TimerEvent: {}
[203.773531] (-) TimerEvent: {}
[203.874084] (-) TimerEvent: {}
[203.974989] (-) TimerEvent: {}
[204.076172] (-) TimerEvent: {}
[204.178066] (-) TimerEvent: {}
[204.278791] (-) TimerEvent: {}
[204.379451] (-) TimerEvent: {}
[204.479961] (-) TimerEvent: {}
[204.580393] (-) TimerEvent: {}
[204.680825] (-) TimerEvent: {}
[204.782034] (-) TimerEvent: {}
[204.882513] (-) TimerEvent: {}
[204.982905] (-) TimerEvent: {}
[205.084148] (-) TimerEvent: {}
[205.184726] (-) TimerEvent: {}
[205.285244] (-) TimerEvent: {}
[205.385653] (-) TimerEvent: {}
[205.486063] (-) TimerEvent: {}
[205.586485] (-) TimerEvent: {}
[205.686898] (-) TimerEvent: {}
[205.787321] (-) TimerEvent: {}
[205.887776] (-) TimerEvent: {}
[205.988197] (-) TimerEvent: {}
[206.088675] (-) TimerEvent: {}
[206.189122] (-) TimerEvent: {}
[206.292698] (-) TimerEvent: {}
[206.393161] (-) TimerEvent: {}
[206.493556] (-) TimerEvent: {}
[206.594032] (-) TimerEvent: {}
[206.694599] (-) TimerEvent: {}
[206.795207] (-) TimerEvent: {}
[206.896566] (-) TimerEvent: {}
[206.997270] (-) TimerEvent: {}
[207.097994] (-) TimerEvent: {}
[207.198420] (-) TimerEvent: {}
[207.298859] (-) TimerEvent: {}
[207.399244] (-) TimerEvent: {}
[207.502660] (-) TimerEvent: {}
[207.603061] (-) TimerEvent: {}
[207.703485] (-) TimerEvent: {}
[207.806688] (-) TimerEvent: {}
[207.907196] (-) TimerEvent: {}
[208.009509] (-) TimerEvent: {}
[208.110560] (-) TimerEvent: {}
[208.212060] (-) TimerEvent: {}
[208.313957] (-) TimerEvent: {}
[208.414399] (-) TimerEvent: {}
[208.514860] (-) TimerEvent: {}
[208.615329] (-) TimerEvent: {}
[208.715800] (-) TimerEvent: {}
[208.816174] (-) TimerEvent: {}
[208.916573] (-) TimerEvent: {}
[208.961659] (speech_to_text_pkg) StdoutLine: {'line': b'[ 94%] \x1b[32m\x1b[1mLinking CXX shared library libwhisper.so\x1b[0m\n'}
[209.016707] (-) TimerEvent: {}
[209.117141] (-) TimerEvent: {}
[209.217638] (-) TimerEvent: {}
[209.233853] (speech_to_text_pkg) StdoutLine: {'line': b'[ 94%] Built target whisper\n'}
[209.283150] (speech_to_text_pkg) StdoutLine: {'line': b'[ 97%] \x1b[32mBuilding CXX object CMakeFiles/whisper_transcription_node.dir/src/whisperTranscriptionNode.cpp.o\x1b[0m\n'}
[209.317754] (-) TimerEvent: {}
[209.418120] (-) TimerEvent: {}
[209.518499] (-) TimerEvent: {}
[209.618920] (-) TimerEvent: {}
[209.719385] (-) TimerEvent: {}
[209.819800] (-) TimerEvent: {}
[209.920195] (-) TimerEvent: {}
[210.020614] (-) TimerEvent: {}
[210.121014] (-) TimerEvent: {}
[210.221469] (-) TimerEvent: {}
[210.321910] (-) TimerEvent: {}
[210.422337] (-) TimerEvent: {}
[210.525787] (-) TimerEvent: {}
[210.626317] (-) TimerEvent: {}
[210.726823] (-) TimerEvent: {}
[210.827343] (-) TimerEvent: {}
[210.928893] (-) TimerEvent: {}
[211.031905] (-) TimerEvent: {}
[211.132333] (-) TimerEvent: {}
[211.232753] (-) TimerEvent: {}
[211.333178] (-) TimerEvent: {}
[211.433629] (-) TimerEvent: {}
[211.534069] (-) TimerEvent: {}
[211.634542] (-) TimerEvent: {}
[211.735037] (-) TimerEvent: {}
[211.835476] (-) TimerEvent: {}
[211.935886] (-) TimerEvent: {}
[212.038794] (-) TimerEvent: {}
[212.139209] (-) TimerEvent: {}
[212.239715] (-) TimerEvent: {}
[212.340116] (-) TimerEvent: {}
[212.440798] (-) TimerEvent: {}
[212.541238] (-) TimerEvent: {}
[212.642342] (-) TimerEvent: {}
[212.743111] (-) TimerEvent: {}
[212.844387] (-) TimerEvent: {}
[212.944961] (-) TimerEvent: {}
[213.046186] (-) TimerEvent: {}
[213.147256] (-) TimerEvent: {}
[213.247968] (-) TimerEvent: {}
[213.348973] (-) TimerEvent: {}
[213.452796] (-) TimerEvent: {}
[213.553216] (-) TimerEvent: {}
[213.653707] (-) TimerEvent: {}
[213.754244] (-) TimerEvent: {}
[213.854665] (-) TimerEvent: {}
[213.955070] (-) TimerEvent: {}
[214.055480] (-) TimerEvent: {}
[214.156720] (-) TimerEvent: {}
[214.257127] (-) TimerEvent: {}
[214.360923] (-) TimerEvent: {}
[214.461536] (-) TimerEvent: {}
[214.549545] (speech_to_text_pkg) StderrLine: {'line': b'In file included from \x1b[01m\x1b[K/home/dredre/DevStuff/scrollDiary/speechToText/ros2Workspace/src/speech_to_text_pkg/src/whisperTranscriptionNode.cpp:1\x1b[m\x1b[K:\n'}
[214.549892] (speech_to_text_pkg) StderrLine: {'line': b'\x1b[01m\x1b[K/home/dredre/DevStuff/scrollDiary/speechToText/ros2Workspace/src/speech_to_text_pkg/include/speech_to_text_pkg/whisperTranscriptionNode.hpp:78:14:\x1b[m\x1b[K \x1b[01;31m\x1b[Kerror: \x1b[m\x1b[Kextra qualification \xe2\x80\x98\x1b[01m\x1b[KwhisperTranscriptionNode::\x1b[m\x1b[K\xe2\x80\x99 on member \xe2\x80\x98\x1b[01m\x1b[KaudioCallback\x1b[m\x1b[K\xe2\x80\x99 [\x1b[01;31m\x1b[K\x1b]8;;https://gcc.gnu.org/onlinedocs/gcc/Warning-Options.html#index-fpermissive\x07-fpermissive\x1b]8;;\x07\x1b[m\x1b[K]\n'}
[214.550064] (speech_to_text_pkg) StderrLine: {'line': b'   78 |         void \x1b[01;31m\x1b[KwhisperTranscriptionNode\x1b[m\x1b[K::audioCallback(\n'}
[214.550184] (speech_to_text_pkg) StderrLine: {'line': b'      |              \x1b[01;31m\x1b[K^~~~~~~~~~~~~~~~~~~~~~~~\x1b[m\x1b[K\n'}
[214.550307] (speech_to_text_pkg) StderrLine: {'line': b'\x1b[01m\x1b[K/home/dredre/DevStuff/scrollDiary/speechToText/ros2Workspace/src/speech_to_text_pkg/include/speech_to_text_pkg/whisperTranscriptionNode.hpp:79:78:\x1b[m\x1b[K \x1b[01;31m\x1b[Kerror: \x1b[m\x1b[Kexpected \xe2\x80\x98\x1b[01m\x1b[K;\x1b[m\x1b[K\xe2\x80\x99 at end of member declaration\n'}
[214.550421] (speech_to_text_pkg) StderrLine: {'line': b'   79 |      const speech_to_text_interfaces::msg::AudioStamped::SharedPtr msg\x1b[01;31m\x1b[K)\x1b[m\x1b[K\n'}
[214.550564] (speech_to_text_pkg) StderrLine: {'line': b'      |                                                                       \x1b[01;31m\x1b[K^\x1b[m\x1b[K\n'}
[214.550669] (speech_to_text_pkg) StderrLine: {'line': b'      |                                                                        \x1b[32m\x1b[K;\x1b[m\x1b[K\n'}
[214.557109] (speech_to_text_pkg) StderrLine: {'line': b'\x1b[01m\x1b[K/home/dredre/DevStuff/scrollDiary/speechToText/ros2Workspace/src/speech_to_text_pkg/include/speech_to_text_pkg/whisperTranscriptionNode.hpp:90:42:\x1b[m\x1b[K \x1b[01;31m\x1b[Kerror: \x1b[m\x1b[K\xe2\x80\x98\x1b[01m\x1b[KString\x1b[m\x1b[K\xe2\x80\x99 is not a member of \xe2\x80\x98\x1b[01m\x1b[Kstd_msgs::msg\x1b[m\x1b[K\xe2\x80\x99\n'}
[214.557382] (speech_to_text_pkg) StderrLine: {'line': b'   90 |         rclcpp::Publisher<std_msgs::msg::\x1b[01;31m\x1b[KString\x1b[m\x1b[K>::SharedPtr transcriptionPublisher_;\n'}
[214.557527] (speech_to_text_pkg) StderrLine: {'line': b'      |                                          \x1b[01;31m\x1b[K^~~~~~\x1b[m\x1b[K\n'}
[214.557642] (speech_to_text_pkg) StderrLine: {'line': b'\x1b[01m\x1b[K/home/dredre/DevStuff/scrollDiary/speechToText/ros2Workspace/src/speech_to_text_pkg/include/speech_to_text_pkg/whisperTranscriptionNode.hpp:90:48:\x1b[m\x1b[K \x1b[01;31m\x1b[Kerror: \x1b[m\x1b[Ktemplate argument 1 is invalid\n'}
[214.557785] (speech_to_text_pkg) StderrLine: {'line': b'   90 |         rclcpp::Publisher<std_msgs::msg::String\x1b[01;31m\x1b[K>\x1b[m\x1b[K::SharedPtr transcriptionPublisher_;\n'}
[214.557887] (speech_to_text_pkg) StderrLine: {'line': b'      |                                                \x1b[01;31m\x1b[K^\x1b[m\x1b[K\n'}
[214.557982] (speech_to_text_pkg) StderrLine: {'line': b'\x1b[01m\x1b[K/home/dredre/DevStuff/scrollDiary/speechToText/ros2Workspace/src/speech_to_text_pkg/include/speech_to_text_pkg/whisperTranscriptionNode.hpp:90:51:\x1b[m\x1b[K \x1b[01;31m\x1b[Kerror: \x1b[m\x1b[Kexpected \xe2\x80\x98\x1b[01m\x1b[K;\x1b[m\x1b[K\xe2\x80\x99 at end of member declaration\n'}
[214.558078] (speech_to_text_pkg) StderrLine: {'line': b'   90 |         rclcpp::Publisher<std_msgs::msg::String>::\x1b[01;31m\x1b[KSharedPtr\x1b[m\x1b[K transcriptionPublisher_;\n'}
[214.558169] (speech_to_text_pkg) StderrLine: {'line': b'      |                                                   \x1b[01;31m\x1b[K^~~~~~~~~\x1b[m\x1b[K\n'}
[214.558257] (speech_to_text_pkg) StderrLine: {'line': b'      |                                                            \x1b[32m\x1b[K;\x1b[m\x1b[K\n'}
[214.561908] (-) TimerEvent: {}
[214.567747] (speech_to_text_pkg) StderrLine: {'line': b'\x1b[01m\x1b[K/home/dredre/DevStuff/scrollDiary/speechToText/ros2Workspace/src/speech_to_text_pkg/include/speech_to_text_pkg/whisperTranscriptionNode.hpp:90:61:\x1b[m\x1b[K \x1b[01;31m\x1b[Kerror: \x1b[m\x1b[K\xe2\x80\x98\x1b[01m\x1b[KtranscriptionPublisher_\x1b[m\x1b[K\xe2\x80\x99 does not name a type\n'}
[214.568330] (speech_to_text_pkg) StderrLine: {'line': b'   90 |         rclcpp::Publisher<std_msgs::msg::String>::SharedPtr \x1b[01;31m\x1b[KtranscriptionPublisher_\x1b[m\x1b[K;\n'}
[214.568662] (speech_to_text_pkg) StderrLine: {'line': b'      |                                                             \x1b[01;31m\x1b[K^~~~~~~~~~~~~~~~~~~~~~~\x1b[m\x1b[K\n'}
[214.612130] (speech_to_text_pkg) StderrLine: {'line': b'\x1b[01m\x1b[K/home/dredre/DevStuff/scrollDiary/speechToText/ros2Workspace/src/speech_to_text_pkg/include/speech_to_text_pkg/whisperTranscriptionNode.hpp:\x1b[m\x1b[K In constructor \xe2\x80\x98\x1b[01m\x1b[KwhisperTranscriptionNode::\x1b[01;32m\x1b[KwhisperTranscriptionNode\x1b[m\x1b[K(const std::string&)\x1b[m\x1b[K\xe2\x80\x99:\n'}
[214.612647] (speech_to_text_pkg) StderrLine: {'line': b'\x1b[01m\x1b[K/home/dredre/DevStuff/scrollDiary/speechToText/ros2Workspace/src/speech_to_text_pkg/include/speech_to_text_pkg/whisperTranscriptionNode.hpp:85:26:\x1b[m\x1b[K \x1b[01;35m\x1b[Kwarning: \x1b[m\x1b[K\xe2\x80\x98\x1b[01m\x1b[KwhisperTranscriptionNode::ctx_\x1b[m\x1b[K\xe2\x80\x99 will be initialized after [\x1b[01;35m\x1b[K\x1b]8;;https://gcc.gnu.org/onlinedocs/gcc/Warning-Options.html#index-Wreorder\x07-Wreorder\x1b]8;;\x07\x1b[m\x1b[K]\n'}
[214.612790] (speech_to_text_pkg) StderrLine: {'line': b'   85 |         whisper_context *\x1b[01;35m\x1b[Kctx_\x1b[m\x1b[K;\n'}
[214.612900] (speech_to_text_pkg) StderrLine: {'line': b'      |                          \x1b[01;35m\x1b[K^~~~\x1b[m\x1b[K\n'}
[214.612998] (speech_to_text_pkg) StderrLine: {'line': b'\x1b[01m\x1b[K/home/dredre/DevStuff/scrollDiary/speechToText/ros2Workspace/src/speech_to_text_pkg/include/speech_to_text_pkg/whisperTranscriptionNode.hpp:81:27:\x1b[m\x1b[K \x1b[01;35m\x1b[Kwarning: \x1b[m\x1b[K  \xe2\x80\x98\x1b[01m\x1b[Kstd::atomic<bool> whisperTranscriptionNode::running_\x1b[m\x1b[K\xe2\x80\x99 [\x1b[01;35m\x1b[K\x1b]8;;https://gcc.gnu.org/onlinedocs/gcc/Warning-Options.html#index-Wreorder\x07-Wreorder\x1b]8;;\x07\x1b[m\x1b[K]\n'}
[214.613120] (speech_to_text_pkg) StderrLine: {'line': b'   81 |         std::atomic<bool> \x1b[01;35m\x1b[Krunning_\x1b[m\x1b[K;\n'}
[214.613213] (speech_to_text_pkg) StderrLine: {'line': b'      |                           \x1b[01;35m\x1b[K^~~~~~~~\x1b[m\x1b[K\n'}
[214.613299] (speech_to_text_pkg) StderrLine: {'line': b'\x1b[01m\x1b[K/home/dredre/DevStuff/scrollDiary/speechToText/ros2Workspace/src/speech_to_text_pkg/src/whisperTranscriptionNode.cpp:3:1:\x1b[m\x1b[K \x1b[01;35m\x1b[Kwarning: \x1b[m\x1b[K  when initialized here [\x1b[01;35m\x1b[K\x1b]8;;https://gcc.gnu.org/onlinedocs/gcc/Warning-Options.html#index-Wreorder\x07-Wreorder\x1b]8;;\x07\x1b[m\x1b[K]\n'}
[214.613395] (speech_to_text_pkg) StderrLine: {'line': b'    3 | \x1b[01;35m\x1b[KwhisperTranscriptionNode\x1b[m\x1b[K::whisperTranscriptionNode(const std::string &modelPath)\n'}
[214.613528] (speech_to_text_pkg) StderrLine: {'line': b'      | \x1b[01;35m\x1b[K^~~~~~~~~~~~~~~~~~~~~~~~\x1b[m\x1b[K\n'}
[214.613626] (speech_to_text_pkg) StderrLine: {'line': b'\x1b[01m\x1b[K/home/dredre/DevStuff/scrollDiary/speechToText/ros2Workspace/src/speech_to_text_pkg/src/whisperTranscriptionNode.cpp:4:32:\x1b[m\x1b[K \x1b[01;31m\x1b[Kerror: \x1b[m\x1b[Kno matching function for call to \xe2\x80\x98\x1b[01m\x1b[Krclcpp::Node::Node()\x1b[m\x1b[K\xe2\x80\x99\n'}
[214.613726] (speech_to_text_pkg) StderrLine: {'line': b'    4 | : ctx_(nullptr), running_(false\x1b[01;31m\x1b[K)\x1b[m\x1b[K {\n'}
[214.613819] (speech_to_text_pkg) StderrLine: {'line': b'      |                                \x1b[01;31m\x1b[K^\x1b[m\x1b[K\n'}
[214.616369] (speech_to_text_pkg) StderrLine: {'line': b'In file included from \x1b[01m\x1b[K/opt/ros/jazzy/include/rclcpp/rclcpp/executors/single_threaded_executor.hpp:28\x1b[m\x1b[K,\n'}
[214.616851] (speech_to_text_pkg) StderrLine: {'line': b'                 from \x1b[01m\x1b[K/opt/ros/jazzy/include/rclcpp/rclcpp/executors.hpp:22\x1b[m\x1b[K,\n'}
[214.616986] (speech_to_text_pkg) StderrLine: {'line': b'                 from \x1b[01m\x1b[K/opt/ros/jazzy/include/rclcpp/rclcpp/rclcpp.hpp:172\x1b[m\x1b[K,\n'}
[214.617093] (speech_to_text_pkg) StderrLine: {'line': b'                 from \x1b[01m\x1b[K/home/dredre/DevStuff/scrollDiary/speechToText/ros2Workspace/src/speech_to_text_pkg/include/speech_to_text_pkg/whisperTranscriptionNode.hpp:1\x1b[m\x1b[K:\n'}
[214.617205] (speech_to_text_pkg) StderrLine: {'line': b'\x1b[01m\x1b[K/opt/ros/jazzy/include/rclcpp/rclcpp/node.hpp:1629:3:\x1b[m\x1b[K \x1b[01;36m\x1b[Knote: \x1b[m\x1b[Kcandidate: \xe2\x80\x98\x1b[01m\x1b[Krclcpp::Node::\x1b[01;32m\x1b[KNode\x1b[m\x1b[K(const rclcpp::Node&, const std::string&)\x1b[m\x1b[K\xe2\x80\x99\n'}
[214.617386] (speech_to_text_pkg) StderrLine: {'line': b' 1629 |   \x1b[01;36m\x1b[KNode\x1b[m\x1b[K(\n'}
[214.617560] (speech_to_text_pkg) StderrLine: {'line': b'      |   \x1b[01;36m\x1b[K^~~~\x1b[m\x1b[K\n'}
[214.617664] (speech_to_text_pkg) StderrLine: {'line': b'\x1b[01m\x1b[K/opt/ros/jazzy/include/rclcpp/rclcpp/node.hpp:1629:3:\x1b[m\x1b[K \x1b[01;36m\x1b[Knote: \x1b[m\x1b[K  candidate expects 2 arguments, 0 provided\n'}
[214.617791] (speech_to_text_pkg) StderrLine: {'line': b'\x1b[01m\x1b[K/opt/ros/jazzy/include/rclcpp/rclcpp/node.hpp:103:12:\x1b[m\x1b[K \x1b[01;36m\x1b[Knote: \x1b[m\x1b[Kcandidate: \xe2\x80\x98\x1b[01m\x1b[Krclcpp::Node::\x1b[01;32m\x1b[KNode\x1b[m\x1b[K(const std::string&, const std::string&, const rclcpp::NodeOptions&)\x1b[m\x1b[K\xe2\x80\x99\n'}
[214.617902] (speech_to_text_pkg) StderrLine: {'line': b'  103 |   explicit \x1b[01;36m\x1b[KNode\x1b[m\x1b[K(\n'}
[214.617988] (speech_to_text_pkg) StderrLine: {'line': b'      |            \x1b[01;36m\x1b[K^~~~\x1b[m\x1b[K\n'}
[214.618072] (speech_to_text_pkg) StderrLine: {'line': b'\x1b[01m\x1b[K/opt/ros/jazzy/include/rclcpp/rclcpp/node.hpp:103:12:\x1b[m\x1b[K \x1b[01;36m\x1b[Knote: \x1b[m\x1b[K  candidate expects 3 arguments, 0 provided\n'}
[214.618157] (speech_to_text_pkg) StderrLine: {'line': b'\x1b[01m\x1b[K/opt/ros/jazzy/include/rclcpp/rclcpp/node.hpp:91:12:\x1b[m\x1b[K \x1b[01;36m\x1b[Knote: \x1b[m\x1b[Kcandidate: \xe2\x80\x98\x1b[01m\x1b[Krclcpp::Node::\x1b[01;32m\x1b[KNode\x1b[m\x1b[K(const std::string&, const rclcpp::NodeOptions&)\x1b[m\x1b[K\xe2\x80\x99\n'}
[214.619184] (speech_to_text_pkg) StderrLine: {'line': b'   91 |   explicit \x1b[01;36m\x1b[KNode\x1b[m\x1b[K(\n'}
[214.619289] (speech_to_text_pkg) StderrLine: {'line': b'      |            \x1b[01;36m\x1b[K^~~~\x1b[m\x1b[K\n'}
[214.619376] (speech_to_text_pkg) StderrLine: {'line': b'\x1b[01m\x1b[K/opt/ros/jazzy/include/rclcpp/rclcpp/node.hpp:91:12:\x1b[m\x1b[K \x1b[01;36m\x1b[Knote: \x1b[m\x1b[K  candidate expects 2 arguments, 0 provided\n'}
[214.619508] (speech_to_text_pkg) StderrLine: {'line': b'\x1b[01m\x1b[K/home/dredre/DevStuff/scrollDiary/speechToText/ros2Workspace/src/speech_to_text_pkg/src/whisperTranscriptionNode.cpp:9:17:\x1b[m\x1b[K \x1b[01;31m\x1b[Kerror: \x1b[m\x1b[Kdeclaration of \xe2\x80\x98\x1b[01m\x1b[Kstd::string modelPath\x1b[m\x1b[K\xe2\x80\x99 shadows a parameter\n'}
[214.619680] (speech_to_text_pkg) StderrLine: {'line': b'    9 |     std::string \x1b[01;31m\x1b[KmodelPath\x1b[m\x1b[K = this->get_parameter("model_path").as_string();\n'}
[214.619783] (speech_to_text_pkg) StderrLine: {'line': b'      |                 \x1b[01;31m\x1b[K^~~~~~~~~\x1b[m\x1b[K\n'}
[214.619885] (speech_to_text_pkg) StderrLine: {'line': b'\x1b[01m\x1b[K/home/dredre/DevStuff/scrollDiary/speechToText/ros2Workspace/src/speech_to_text_pkg/src/whisperTranscriptionNode.cpp:3:71:\x1b[m\x1b[K \x1b[01;36m\x1b[Knote: \x1b[m\x1b[K\xe2\x80\x98\x1b[01m\x1b[Kconst std::string& modelPath\x1b[m\x1b[K\xe2\x80\x99 previously declared here\n'}
[214.619988] (speech_to_text_pkg) StderrLine: {'line': b'    3 | anscriptionNode::whisperTranscriptionNode(\x1b[01;36m\x1b[Kconst std::string &modelPath\x1b[m\x1b[K)\n'}
[214.620134] (speech_to_text_pkg) StderrLine: {'line': b'      |                                           \x1b[01;36m\x1b[K~~~~~~~~~~~~~~~~~~~^~~~~~~~~\x1b[m\x1b[K\n'}
[214.620233] (speech_to_text_pkg) StderrLine: {'line': b'\n'}
[214.650242] (speech_to_text_pkg) StderrLine: {'line': b'\x1b[01m\x1b[K/home/dredre/DevStuff/scrollDiary/speechToText/ros2Workspace/src/speech_to_text_pkg/src/whisperTranscriptionNode.cpp:19:5:\x1b[m\x1b[K \x1b[01;31m\x1b[Kerror: \x1b[m\x1b[K\xe2\x80\x98\x1b[01m\x1b[KtranscriptionPublisher_\x1b[m\x1b[K\xe2\x80\x99 was not declared in this scope; did you mean \xe2\x80\x98\x1b[01m\x1b[KtranscriptionWorker\x1b[m\x1b[K\xe2\x80\x99?\n'}
[214.650782] (speech_to_text_pkg) StderrLine: {'line': b'   19 |     \x1b[01;31m\x1b[KtranscriptionPublisher_\x1b[m\x1b[K = create_publisher<std_msgs::msg::String>("/transcription", 10);\n'}
[214.650949] (speech_to_text_pkg) StderrLine: {'line': b'      |     \x1b[01;31m\x1b[K^~~~~~~~~~~~~~~~~~~~~~~\x1b[m\x1b[K\n'}
[214.651047] (speech_to_text_pkg) StderrLine: {'line': b'      |     \x1b[32m\x1b[KtranscriptionWorker\x1b[m\x1b[K\n'}
[214.652716] (speech_to_text_pkg) StderrLine: {'line': b'\x1b[01m\x1b[K/home/dredre/DevStuff/scrollDiary/speechToText/ros2Workspace/src/speech_to_text_pkg/src/whisperTranscriptionNode.cpp:19:63:\x1b[m\x1b[K \x1b[01;31m\x1b[Kerror: \x1b[m\x1b[K\xe2\x80\x98\x1b[01m\x1b[KString\x1b[m\x1b[K\xe2\x80\x99 is not a member of \xe2\x80\x98\x1b[01m\x1b[Kstd_msgs::msg\x1b[m\x1b[K\xe2\x80\x99\n'}
[214.653159] (speech_to_text_pkg) StderrLine: {'line': b'   19 |   transcriptionPublisher_ = create_publisher<std_msgs::msg::\x1b[01;31m\x1b[KString\x1b[m\x1b[K>("/transcription", 10);\n'}
[214.653279] (speech_to_text_pkg) StderrLine: {'line': b'      |                                                             \x1b[01;31m\x1b[K^~~~~~\x1b[m\x1b[K\n'}
[214.653381] (speech_to_text_pkg) StderrLine: {'line': b'\n'}
[214.653525] (speech_to_text_pkg) StderrLine: {'line': b'\x1b[01m\x1b[K/home/dredre/DevStuff/scrollDiary/speechToText/ros2Workspace/src/speech_to_text_pkg/src/whisperTranscriptionNode.cpp:19:70:\x1b[m\x1b[K \x1b[01;31m\x1b[Kerror: \x1b[m\x1b[Kno matching function for call to \xe2\x80\x98\x1b[01m\x1b[KwhisperTranscriptionNode::create_publisher<<expression error> >(const char [15], int)\x1b[m\x1b[K\xe2\x80\x99\n'}
[214.653649] (speech_to_text_pkg) StderrLine: {'line': b'   19 | criptionPublisher_ = \x1b[01;31m\x1b[Kcreate_publisher<std_msgs::msg::String>("/transcription", 10)\x1b[m\x1b[K;\n'}
[214.653751] (speech_to_text_pkg) StderrLine: {'line': b'      |                      \x1b[01;31m\x1b[K~~~~~~~~~~~~~~~~~~~~~~~~~~~~~~~~~~~~~~~^~~~~~~~~~~~~~~~~~~~~~\x1b[m\x1b[K\n'}
[214.653846] (speech_to_text_pkg) StderrLine: {'line': b'\n'}
[214.653938] (speech_to_text_pkg) StderrLine: {'line': b'\x1b[01m\x1b[K/opt/ros/jazzy/include/rclcpp/rclcpp/node.hpp:197:3:\x1b[m\x1b[K \x1b[01;36m\x1b[Knote: \x1b[m\x1b[Kcandidate: \xe2\x80\x98\x1b[01m\x1b[Ktemplate<class MessageT, class AllocatorT, class PublisherT> std::shared_ptr<PublisherT> rclcpp::Node::\x1b[01;32m\x1b[Kcreate_publisher\x1b[m\x1b[K(const std::string&, const rclcpp::QoS&, const rclcpp::PublisherOptionsWithAllocator<AllocatorT>&)\x1b[m\x1b[K\xe2\x80\x99\n'}
[214.654032] (speech_to_text_pkg) StderrLine: {'line': b'  197 |   \x1b[01;36m\x1b[Kcreate_publisher\x1b[m\x1b[K(\n'}
[214.654118] (speech_to_text_pkg) StderrLine: {'line': b'      |   \x1b[01;36m\x1b[K^~~~~~~~~~~~~~~~\x1b[m\x1b[K\n'}
[214.654207] (speech_to_text_pkg) StderrLine: {'line': b'\x1b[01m\x1b[K/opt/ros/jazzy/include/rclcpp/rclcpp/node.hpp:197:3:\x1b[m\x1b[K \x1b[01;36m\x1b[Knote: \x1b[m\x1b[K  template argument deduction/substitution failed:\n'}
[214.654296] (speech_to_text_pkg) StderrLine: {'line': b'\x1b[01m\x1b[K/home/dredre/DevStuff/scrollDiary/speechToText/ros2Workspace/src/speech_to_text_pkg/src/whisperTranscriptionNode.cpp:19:70:\x1b[m\x1b[K \x1b[01;31m\x1b[Kerror: \x1b[m\x1b[Ktemplate argument 1 is invalid\n'}
[214.654388] (speech_to_text_pkg) StderrLine: {'line': b'   19 | criptionPublisher_ = \x1b[01;31m\x1b[Kcreate_publisher<std_msgs::msg::String>("/transcription", 10)\x1b[m\x1b[K;\n'}
[214.654570] (speech_to_text_pkg) StderrLine: {'line': b'      |                      \x1b[01;31m\x1b[K~~~~~~~~~~~~~~~~~~~~~~~~~~~~~~~~~~~~~~~^~~~~~~~~~~~~~~~~~~~~~\x1b[m\x1b[K\n'}
[214.654690] (speech_to_text_pkg) StderrLine: {'line': b'\n'}
[214.662142] (-) TimerEvent: {}
[214.685303] (speech_to_text_pkg) StderrLine: {'line': b'\x1b[01m\x1b[K/home/dredre/DevStuff/scrollDiary/speechToText/ros2Workspace/src/speech_to_text_pkg/src/whisperTranscriptionNode.cpp:21:5:\x1b[m\x1b[K \x1b[01;31m\x1b[Kerror: \x1b[m\x1b[K\xe2\x80\x98\x1b[01m\x1b[Kraw_audio_subscriber_\x1b[m\x1b[K\xe2\x80\x99 was not declared in this scope; did you mean \xe2\x80\x98\x1b[01m\x1b[Kcleaned_audio_subscriber_\x1b[m\x1b[K\xe2\x80\x99?\n'}
[214.685899] (speech_to_text_pkg) StderrLine: {'line': b'   21 |     \x1b[01;31m\x1b[Kraw_audio_subscriber_\x1b[m\x1b[K = create_subscription<speech_to_text_interfaces::msg::AudioStamped>(\n'}
[214.686130] (speech_to_text_pkg) StderrLine: {'line': b'      |     \x1b[01;31m\x1b[K^~~~~~~~~~~~~~~~~~~~~\x1b[m\x1b[K\n'}
[214.686254] (speech_to_text_pkg) StderrLine: {'line': b'      |     \x1b[32m\x1b[Kcleaned_audio_subscriber_\x1b[m\x1b[K\n'}
[214.686580] (speech_to_text_pkg) StderrLine: {'line': b'\x1b[01m\x1b[K/home/dredre/DevStuff/scrollDiary/speechToText/ros2Workspace/src/speech_to_text_pkg/src/whisperTranscriptionNode.cpp:23:20:\x1b[m\x1b[K \x1b[01;31m\x1b[Kerror: \x1b[m\x1b[K\xe2\x80\x98\x1b[01m\x1b[KtranscriptionPreProcessNode\x1b[m\x1b[K\xe2\x80\x99 has not been declared\n'}
[214.686807] (speech_to_text_pkg) StderrLine: {'line': b'   23 |         std::bind(&\x1b[01;31m\x1b[KtranscriptionPreProcessNode\x1b[m\x1b[K::audioCallback, this, std::placeholders::_1));\n'}
[214.686933] (speech_to_text_pkg) StderrLine: {'line': b'      |                    \x1b[01;31m\x1b[K^~~~~~~~~~~~~~~~~~~~~~~~~~~\x1b[m\x1b[K\n'}
[214.687080] (speech_to_text_pkg) StderrLine: {'line': b'\x1b[01m\x1b[K/home/dredre/DevStuff/scrollDiary/speechToText/ros2Workspace/src/speech_to_text_pkg/src/whisperTranscriptionNode.cpp:25:34:\x1b[m\x1b[K \x1b[01;35m\x1b[Kwarning: \x1b[m\x1b[K\xe2\x80\x98\x1b[01m\x1b[Kwhisper_context*\x1b[01;32m\x1b[K whisper_init_from_file\x1b[m\x1b[K(const char*)\x1b[m\x1b[K\xe2\x80\x99 is deprecated: use whisper_init_from_file_with_params instead [\x1b[01;35m\x1b[K\x1b]8;;https://gcc.gnu.org/onlinedocs/gcc/Warning-Options.html#index-Wdeprecated-declarations\x07-Wdeprecated-declarations\x1b]8;;\x07\x1b[m\x1b[K]\n'}
[214.687229] (speech_to_text_pkg) StderrLine: {'line': b'   25 |     ctx_ = \x1b[01;35m\x1b[Kwhisper_init_from_file(modelPath.c_str())\x1b[m\x1b[K;\n'}
[214.687343] (speech_to_text_pkg) StderrLine: {'line': b'      |            \x1b[01;35m\x1b[K~~~~~~~~~~~~~~~~~~~~~~^~~~~~~~~~~~~~~~~~~\x1b[m\x1b[K\n'}
[214.687502] (speech_to_text_pkg) StderrLine: {'line': b'In file included from \x1b[01m\x1b[K/home/dredre/DevStuff/scrollDiary/speechToText/ros2Workspace/src/speech_to_text_pkg/include/speech_to_text_pkg/whisperTranscriptionNode.hpp:8\x1b[m\x1b[K:\n'}
[214.687656] (speech_to_text_pkg) StderrLine: {'line': b'\x1b[01m\x1b[K/home/dredre/DevStuff/scrollDiary/speechToText/ros2Workspace/build/speech_to_text_pkg/_deps/whisper-src/src/../include/whisper.h:217:46:\x1b[m\x1b[K \x1b[01;36m\x1b[Knote: \x1b[m\x1b[Kdeclared here\n'}
[214.687767] (speech_to_text_pkg) StderrLine: {'line': b'  217 |         WHISPER_API struct whisper_context * \x1b[01;36m\x1b[Kwhisper_init_from_file\x1b[m\x1b[K(const char * path_model),\n'}
[214.687879] (speech_to_text_pkg) StderrLine: {'line': b'      |                                              \x1b[01;36m\x1b[K^~~~~~~~~~~~~~~~~~~~~~\x1b[m\x1b[K\n'}
[214.688006] (speech_to_text_pkg) StderrLine: {'line': b'\x1b[01m\x1b[K/home/dredre/DevStuff/scrollDiary/speechToText/ros2Workspace/build/speech_to_text_pkg/_deps/whisper-src/src/../include/whisper.h:12:44:\x1b[m\x1b[K \x1b[01;36m\x1b[Knote: \x1b[m\x1b[Kin definition of macro \xe2\x80\x98\x1b[01m\x1b[KWHISPER_DEPRECATED\x1b[m\x1b[K\xe2\x80\x99\n'}
[214.688132] (speech_to_text_pkg) StderrLine: {'line': b'   12 | #    define WHISPER_DEPRECATED(func, hint) \x1b[01;36m\x1b[Kfunc\x1b[m\x1b[K __attribute__((deprecated(hint)))\n'}
[214.688239] (speech_to_text_pkg) StderrLine: {'line': b'      |                                            \x1b[01;36m\x1b[K^~~~\x1b[m\x1b[K\n'}
[214.688535] (speech_to_text_pkg) StderrLine: {'line': b'\x1b[01m\x1b[K/home/dredre/DevStuff/scrollDiary/speechToText/ros2Workspace/src/speech_to_text_pkg/src/whisperTranscriptionNode.cpp:3:71:\x1b[m\x1b[K \x1b[01;35m\x1b[Kwarning: \x1b[m\x1b[Kunused parameter \xe2\x80\x98\x1b[01m\x1b[KmodelPath\x1b[m\x1b[K\xe2\x80\x99 [\x1b[01;35m\x1b[K\x1b]8;;https://gcc.gnu.org/onlinedocs/gcc/Warning-Options.html#index-Wunused-parameter\x07-Wunused-parameter\x1b]8;;\x07\x1b[m\x1b[K]\n'}
[214.688756] (speech_to_text_pkg) StderrLine: {'line': b'    3 | anscriptionNode::whisperTranscriptionNode(\x1b[01;35m\x1b[Kconst std::string &modelPath\x1b[m\x1b[K)\n'}
[214.688945] (speech_to_text_pkg) StderrLine: {'line': b'      |                                           \x1b[01;35m\x1b[K~~~~~~~~~~~~~~~~~~~^~~~~~~~~\x1b[m\x1b[K\n'}
[214.689068] (speech_to_text_pkg) StderrLine: {'line': b'\n'}
[214.722819] (speech_to_text_pkg) StderrLine: {'line': b'\x1b[01m\x1b[K/home/dredre/DevStuff/scrollDiary/speechToText/ros2Workspace/src/speech_to_text_pkg/src/whisperTranscriptionNode.cpp:\x1b[m\x1b[K In member function \xe2\x80\x98\x1b[01m\x1b[Kbool whisperTranscriptionNode::\x1b[01;32m\x1b[KliveCapture\x1b[m\x1b[K()\x1b[m\x1b[K\xe2\x80\x99:\n'}
[214.723254] (speech_to_text_pkg) StderrLine: {'line': b'\x1b[01m\x1b[K/home/dredre/DevStuff/scrollDiary/speechToText/ros2Workspace/src/speech_to_text_pkg/src/whisperTranscriptionNode.cpp:103:5:\x1b[m\x1b[K \x1b[01;31m\x1b[Kerror: \x1b[m\x1b[K\xe2\x80\x98\x1b[01m\x1b[Krunning\x1b[m\x1b[K\xe2\x80\x99 was not declared in this scope; did you mean \xe2\x80\x98\x1b[01m\x1b[Krunning_\x1b[m\x1b[K\xe2\x80\x99?\n'}
[214.723451] (speech_to_text_pkg) StderrLine: {'line': b'  103 |     \x1b[01;31m\x1b[Krunning\x1b[m\x1b[K.store(true);\n'}
[214.723614] (speech_to_text_pkg) StderrLine: {'line': b'      |     \x1b[01;31m\x1b[K^~~~~~~\x1b[m\x1b[K\n'}
[214.723718] (speech_to_text_pkg) StderrLine: {'line': b'      |     \x1b[32m\x1b[Krunning_\x1b[m\x1b[K\n'}
[214.754632] (speech_to_text_pkg) StderrLine: {'line': b'\x1b[01m\x1b[K/home/dredre/DevStuff/scrollDiary/speechToText/ros2Workspace/src/speech_to_text_pkg/src/whisperTranscriptionNode.cpp:104:41:\x1b[m\x1b[K \x1b[01;31m\x1b[Kerror: \x1b[m\x1b[K\xe2\x80\x98\x1b[01m\x1b[KSpeechToTextManager\x1b[m\x1b[K\xe2\x80\x99 was not declared in this scope\n'}
[214.754953] (speech_to_text_pkg) StderrLine: {'line': b'  104 |     transcriptionThread_ = std::thread(&\x1b[01;31m\x1b[KSpeechToTextManager\x1b[m\x1b[K::processorThreadFunc, this);\n'}
[214.755108] (speech_to_text_pkg) StderrLine: {'line': b'      |                                         \x1b[01;31m\x1b[K^~~~~~~~~~~~~~~~~~~\x1b[m\x1b[K\n'}
[214.762301] (-) TimerEvent: {}
[214.793996] (speech_to_text_pkg) StderrLine: {'line': b'\x1b[01m\x1b[K/home/dredre/DevStuff/scrollDiary/speechToText/ros2Workspace/src/speech_to_text_pkg/src/whisperTranscriptionNode.cpp:\x1b[m\x1b[K In member function \xe2\x80\x98\x1b[01m\x1b[Kvoid whisperTranscriptionNode::\x1b[01;32m\x1b[KpublishTranscription\x1b[m\x1b[K(const std::string&)\x1b[m\x1b[K\xe2\x80\x99:\n'}
[214.794511] (speech_to_text_pkg) StderrLine: {'line': b'\x1b[01m\x1b[K/home/dredre/DevStuff/scrollDiary/speechToText/ros2Workspace/src/speech_to_text_pkg/src/whisperTranscriptionNode.cpp:112:5:\x1b[m\x1b[K \x1b[01;31m\x1b[Kerror: \x1b[m\x1b[K\xe2\x80\x98\x1b[01m\x1b[KtranscriptionPublisher_\x1b[m\x1b[K\xe2\x80\x99 was not declared in this scope; did you mean \xe2\x80\x98\x1b[01m\x1b[KtranscriptionWorker\x1b[m\x1b[K\xe2\x80\x99?\n'}
[214.794695] (speech_to_text_pkg) StderrLine: {'line': b'  112 |     \x1b[01;31m\x1b[KtranscriptionPublisher_\x1b[m\x1b[K->publish();\n'}
[214.794812] (speech_to_text_pkg) StderrLine: {'line': b'      |     \x1b[01;31m\x1b[K^~~~~~~~~~~~~~~~~~~~~~~\x1b[m\x1b[K\n'}
[214.794947] (speech_to_text_pkg) StderrLine: {'line': b'      |     \x1b[32m\x1b[KtranscriptionWorker\x1b[m\x1b[K\n'}
[214.797716] (speech_to_text_pkg) StderrLine: {'line': b'In file included from \x1b[01m\x1b[K/opt/ros/jazzy/include/rclcpp/rclcpp/logging.hpp:24\x1b[m\x1b[K,\n'}
[214.798183] (speech_to_text_pkg) StderrLine: {'line': b'                 from \x1b[01m\x1b[K/opt/ros/jazzy/include/rclcpp/rclcpp/copy_all_parameter_values.hpp:27\x1b[m\x1b[K,\n'}
[214.798392] (speech_to_text_pkg) StderrLine: {'line': b'                 from \x1b[01m\x1b[K/opt/ros/jazzy/include/rclcpp/rclcpp/rclcpp.hpp:171\x1b[m\x1b[K:\n'}
[214.798578] (speech_to_text_pkg) StderrLine: {'line': b'\x1b[01m\x1b[K/home/dredre/DevStuff/scrollDiary/speechToText/ros2Workspace/src/speech_to_text_pkg/src/whisperTranscriptionNode.cpp:\x1b[m\x1b[K In member function \xe2\x80\x98\x1b[01m\x1b[Kvoid whisperTranscriptionNode::\x1b[01;32m\x1b[KtranscriptionWorker\x1b[m\x1b[K()\x1b[m\x1b[K\xe2\x80\x99:\n'}
[214.798768] (speech_to_text_pkg) StderrLine: {'line': b'\x1b[01m\x1b[K/home/dredre/DevStuff/scrollDiary/speechToText/ros2Workspace/src/speech_to_text_pkg/src/whisperTranscriptionNode.cpp:123:71:\x1b[m\x1b[K \x1b[01;31m\x1b[Kerror: \x1b[m\x1b[Kinvalid operands of types \xe2\x80\x98\x1b[01m\x1b[Kconst char [31]\x1b[m\x1b[K\xe2\x80\x99 and \xe2\x80\x98\x1b[01m\x1b[Kconst char16_t [9]\x1b[m\x1b[K\xe2\x80\x99 to binary \xe2\x80\x98\x1b[01m\x1b[Koperator%\x1b[m\x1b[K\xe2\x80\x99\n'}
[214.798904] (speech_to_text_pkg) StderrLine: {'line': b'  123 |   RCLCPP_INFO(get_logger(), \x1b[32m\x1b[K"[PROCESSOR] Processing chunk: "\x1b[m\x1b[K\x1b[01;31m\x1b[K%\x1b[m\x1b[K\x1b[34m\x1b[Ku" samples"\x1b[m\x1b[K, chunk.size());\n'}
[214.799011] (speech_to_text_pkg) StderrLine: {'line': b'      |                             \x1b[32m\x1b[K~~~~~~~~~~~~~~~~~~~~~~~~~~~~~~~~\x1b[m\x1b[K\x1b[01;31m\x1b[K^\x1b[m\x1b[K\x1b[34m\x1b[K~~~~~~~~~~~\x1b[m\x1b[K\n'}
[214.799111] (speech_to_text_pkg) StderrLine: {'line': b'      |                             \x1b[32m\x1b[K|\x1b[m\x1b[K                                \x1b[34m\x1b[K|\x1b[m\x1b[K\n'}
[214.799219] (speech_to_text_pkg) StderrLine: {'line': b'      |                             \x1b[32m\x1b[Kconst char [31]\x1b[m\x1b[K                  \x1b[34m\x1b[Kconst char16_t [9]\x1b[m\x1b[K\n'}
[214.799317] (speech_to_text_pkg) StderrLine: {'line': b'\n'}
[214.799412] (speech_to_text_pkg) StderrLine: {'line': b'\x1b[01m\x1b[K/home/dredre/DevStuff/scrollDiary/speechToText/ros2Workspace/src/speech_to_text_pkg/src/whisperTranscriptionNode.cpp:131:72:\x1b[m\x1b[K \x1b[01;31m\x1b[Kerror: \x1b[m\x1b[Kinvalid operands of types \xe2\x80\x98\x1b[01m\x1b[Kconst char [32]\x1b[m\x1b[K\xe2\x80\x99 and \xe2\x80\x98\x1b[01m\x1b[Kconst char16_t [4]\x1b[m\x1b[K\xe2\x80\x99 to binary \xe2\x80\x98\x1b[01m\x1b[Koperator%\x1b[m\x1b[K\xe2\x80\x99\n'}
[214.799552] (speech_to_text_pkg) StderrLine: {'line': b'  131 |  RCLCPP_INFO(get_logger(), \x1b[32m\x1b[K"[PROCESSOR] Transcription took "\x1b[m\x1b[K\x1b[01;31m\x1b[K%\x1b[m\x1b[K\x1b[34m\x1b[Ku" ms"\x1b[m\x1b[K, duration.count());\n'}
[214.799657] (speech_to_text_pkg) StderrLine: {'line': b'      |                            \x1b[32m\x1b[K~~~~~~~~~~~~~~~~~~~~~~~~~~~~~~~~~\x1b[m\x1b[K\x1b[01;31m\x1b[K^\x1b[m\x1b[K\x1b[34m\x1b[K~~~~~~\x1b[m\x1b[K\n'}
[214.799756] (speech_to_text_pkg) StderrLine: {'line': b'      |                            \x1b[32m\x1b[K|\x1b[m\x1b[K                                 \x1b[34m\x1b[K|\x1b[m\x1b[K\n'}
[214.799847] (speech_to_text_pkg) StderrLine: {'line': b'      |                            \x1b[32m\x1b[Kconst char [32]\x1b[m\x1b[K                   \x1b[34m\x1b[Kconst char16_t [4]\x1b[m\x1b[K\n'}
[214.799937] (speech_to_text_pkg) StderrLine: {'line': b'\n'}
[214.819312] (speech_to_text_pkg) StderrLine: {'line': b'\x1b[01m\x1b[K/home/dredre/DevStuff/scrollDiary/speechToText/ros2Workspace/src/speech_to_text_pkg/src/whisperTranscriptionNode.cpp:\x1b[m\x1b[K In member function \xe2\x80\x98\x1b[01m\x1b[Kvoid whisperTranscriptionNode::\x1b[01;32m\x1b[KcleanUpNode\x1b[m\x1b[K()\x1b[m\x1b[K\xe2\x80\x99:\n'}
[214.819866] (speech_to_text_pkg) StderrLine: {'line': b'\x1b[01m\x1b[K/home/dredre/DevStuff/scrollDiary/speechToText/ros2Workspace/src/speech_to_text_pkg/src/whisperTranscriptionNode.cpp:139:10:\x1b[m\x1b[K \x1b[01;31m\x1b[Kerror: \x1b[m\x1b[K\xe2\x80\x98\x1b[01m\x1b[Krunning\x1b[m\x1b[K\xe2\x80\x99 was not declared in this scope; did you mean \xe2\x80\x98\x1b[01m\x1b[Krunning_\x1b[m\x1b[K\xe2\x80\x99?\n'}
[214.820055] (speech_to_text_pkg) StderrLine: {'line': b'  139 |      if(!\x1b[01;31m\x1b[Krunning\x1b[m\x1b[K.load()) {\n'}
[214.820202] (speech_to_text_pkg) StderrLine: {'line': b'      |          \x1b[01;31m\x1b[K^~~~~~~\x1b[m\x1b[K\n'}
[214.820325] (speech_to_text_pkg) StderrLine: {'line': b'      |          \x1b[32m\x1b[Krunning_\x1b[m\x1b[K\n'}
[214.843640] (speech_to_text_pkg) StderrLine: {'line': b'\x1b[01m\x1b[K/home/dredre/DevStuff/scrollDiary/speechToText/ros2Workspace/src/speech_to_text_pkg/src/whisperTranscriptionNode.cpp:146:5:\x1b[m\x1b[K \x1b[01;31m\x1b[Kerror: \x1b[m\x1b[K\xe2\x80\x98\x1b[01m\x1b[Krunning\x1b[m\x1b[K\xe2\x80\x99 was not declared in this scope; did you mean \xe2\x80\x98\x1b[01m\x1b[Krunning_\x1b[m\x1b[K\xe2\x80\x99?\n'}
[214.844206] (speech_to_text_pkg) StderrLine: {'line': b'  146 |     \x1b[01;31m\x1b[Krunning\x1b[m\x1b[K.store(false);\n'}
[214.845664] (speech_to_text_pkg) StderrLine: {'line': b'      |     \x1b[01;31m\x1b[K^~~~~~~\x1b[m\x1b[K\n'}
[214.846134] (speech_to_text_pkg) StderrLine: {'line': b'      |     \x1b[32m\x1b[Krunning_\x1b[m\x1b[K\n'}
[214.854983] (speech_to_text_pkg) StderrLine: {'line': b'\x1b[01m\x1b[K/home/dredre/DevStuff/scrollDiary/speechToText/ros2Workspace/src/speech_to_text_pkg/src/whisperTranscriptionNode.cpp:\x1b[m\x1b[K In function \xe2\x80\x98\x1b[01m\x1b[Kint\x1b[01;32m\x1b[K main\x1b[m\x1b[K(int, char**)\x1b[m\x1b[K\xe2\x80\x99:\n'}
[214.855294] (speech_to_text_pkg) StderrLine: {'line': b'\x1b[01m\x1b[K/home/dredre/DevStuff/scrollDiary/speechToText/ros2Workspace/src/speech_to_text_pkg/src/whisperTranscriptionNode.cpp:164:65:\x1b[m\x1b[K \x1b[01;31m\x1b[Kerror: \x1b[m\x1b[K\xe2\x80\x98\x1b[01m\x1b[KmodelPath\x1b[m\x1b[K\xe2\x80\x99 was not declared in this scope\n'}
[214.855402] (speech_to_text_pkg) StderrLine: {'line': b'  164 |     rclcpp::spin(std::make_shared<whisperTranscriptionNode>(\x1b[01;31m\x1b[KmodelPath\x1b[m\x1b[K));\n'}
[214.855531] (speech_to_text_pkg) StderrLine: {'line': b'      |                                                             \x1b[01;31m\x1b[K^~~~~~~~~\x1b[m\x1b[K\n'}
[214.855627] (speech_to_text_pkg) StderrLine: {'line': b'\n'}
[214.862490] (-) TimerEvent: {}
[214.963063] (-) TimerEvent: {}
[215.063640] (-) TimerEvent: {}
[215.164046] (-) TimerEvent: {}
[215.264465] (-) TimerEvent: {}
[215.364859] (-) TimerEvent: {}
[215.465254] (-) TimerEvent: {}
[215.565741] (-) TimerEvent: {}
[215.666187] (-) TimerEvent: {}
[215.769421] (-) TimerEvent: {}
[215.870744] (-) TimerEvent: {}
[215.971130] (-) TimerEvent: {}
[216.071512] (-) TimerEvent: {}
[216.171901] (-) TimerEvent: {}
[216.272308] (-) TimerEvent: {}
[216.372710] (-) TimerEvent: {}
[216.422300] (speech_to_text_pkg) StderrLine: {'line': b'gmake[2]: *** [CMakeFiles/whisper_transcription_node.dir/build.make:79: CMakeFiles/whisper_transcription_node.dir/src/whisperTranscriptionNode.cpp.o] Error 1\n'}
[216.423075] (speech_to_text_pkg) StderrLine: {'line': b'gmake[1]: *** [CMakeFiles/Makefile2:337: CMakeFiles/whisper_transcription_node.dir/all] Error 2\n'}
[216.423230] (speech_to_text_pkg) StderrLine: {'line': b'gmake: *** [Makefile:146: all] Error 2\n'}
[216.426248] (speech_to_text_pkg) CommandEnded: {'returncode': 2}
[216.436125] (speech_to_text_pkg) JobEnded: {'identifier': 'speech_to_text_pkg', 'rc': 2}
[216.449042] (-) EventReactorShutdown: {}
