[0.000000] (-) TimerEvent: {}
[0.004801] (speech_to_text_interfaces) JobQueued: {'identifier': 'speech_to_text_interfaces', 'dependencies': OrderedDict()}
[0.005206] (speech_to_text_pkg) JobQueued: {'identifier': 'speech_to_text_pkg', 'dependencies': OrderedDict({'speech_to_text_interfaces': '/home/dredre/DevStuff/scrollDiary/speechToText/ros2Workspace/install/speech_to_text_interfaces'})}
[0.005316] (printer_pkg) JobQueued: {'identifier': 'printer_pkg', 'dependencies': OrderedDict({'speech_to_text_interfaces': '/home/dredre/DevStuff/scrollDiary/speechToText/ros2Workspace/install/speech_to_text_interfaces', 'speech_to_text_pkg': '/home/dredre/DevStuff/scrollDiary/speechToText/ros2Workspace/install/speech_to_text_pkg'})}
[0.005369] (speech_to_text_interfaces) JobStarted: {'identifier': 'speech_to_text_interfaces'}
[0.049518] (speech_to_text_interfaces) JobProgress: {'identifier': 'speech_to_text_interfaces', 'progress': 'cmake'}
[0.055074] (speech_to_text_interfaces) JobProgress: {'identifier': 'speech_to_text_interfaces', 'progress': 'build'}
[0.058676] (speech_to_text_interfaces) Command: {'cmd': ['/usr/local/bin/cmake', '--build', '/home/dredre/DevStuff/scrollDiary/speechToText/ros2Workspace/build/speech_to_text_interfaces', '--', '-j4', '-l4'], 'cwd': '/home/dredre/DevStuff/scrollDiary/speechToText/ros2Workspace/build/speech_to_text_interfaces', 'env': OrderedDict({'LESSOPEN': '| /usr/bin/lesspipe %s', 'USER': 'dredre', 'GZ_CONFIG_PATH': '/opt/ros/jazzy/opt/sdformat_vendor/share/gz', 'XDG_SESSION_TYPE': 'wayland', 'CLUTTER_DISABLE_MIPMAPPED_TEXT': '1', 'SHLVL': '1', 'LD_LIBRARY_PATH': '/home/dredre/DevStuff/scrollDiary/speechToText/ros2Workspace/install/speech_to_text_pkg/lib:/home/dredre/DevStuff/scrollDiary/speechToText/ros2Workspace/install/speech_to_text_interfaces/lib:/opt/ros/jazzy/opt/sdformat_vendor/lib:/opt/ros/jazzy/opt/rviz_ogre_vendor/lib:/opt/ros/jazzy/lib/aarch64-linux-gnu:/opt/ros/jazzy/opt/gz_math_vendor/lib:/opt/ros/jazzy/opt/gz_utils_vendor/lib:/opt/ros/jazzy/opt/gz_tools_vendor/lib:/opt/ros/jazzy/opt/gz_cmake_vendor/lib:/opt/ros/jazzy/lib', 'HOME': '/home/dredre', 'DESKTOP_SESSION': 'ubuntu', 'ROS_PYTHON_VERSION': '3', 'GNOME_SHELL_SESSION_MODE': 'ubuntu', 'GTK_MODULES': 'gail:atk-bridge', 'SYSTEMD_EXEC_PID': '25429', 'GSM_SKIP_SSH_AGENT_WORKAROUND': 'true', 'DBUS_SESSION_BUS_ADDRESS': 'unix:path=/run/user/1000/bus', 'COLORTERM': 'truecolor', 'DEBUGINFOD_URLS': 'https://debuginfod.ubuntu.com', 'IM_CONFIG_PHASE': '1', 'WAYLAND_DISPLAY': 'wayland-0', 'COLCON_PREFIX_PATH': '/home/dredre/DevStuff/scrollDiary/speechToText/ros2Workspace/install', 'ROS_DISTRO': 'jazzy', 'LOGNAME': 'dredre', '_': '/usr/bin/colcon', 'ROS_VERSION': '2', 'MEMORY_PRESSURE_WATCH': '/sys/fs/cgroup/user.slice/user-1000.slice/user@1000.service/session.slice/org.gnome.Shell@wayland.service/memory.pressure', 'XDG_SESSION_CLASS': 'user', 'USERNAME': 'dredre', 'TERM': 'xterm-256color', 'GNOME_DESKTOP_SESSION_ID': 'this-is-deprecated', 'PATH': '/opt/ros/jazzy/opt/gz_tools_vendor/bin:/opt/ros/jazzy/bin:/home/dredre/.local/bin:/usr/local/sbin:/usr/local/bin:/usr/sbin:/usr/bin:/sbin:/bin:/usr/games:/usr/local/games:/snap/bin:/snap/bin:/home/dredre/.local/bin', 'SESSION_MANAGER': 'local/dredre-desktop:@/tmp/.ICE-unix/25400,unix/dredre-desktop:/tmp/.ICE-unix/25400', 'XDG_MENU_PREFIX': 'gnome-', 'GNOME_TERMINAL_SCREEN': '/org/gnome/Terminal/screen/9bdb21a1_b945_47ed_b57d_6a0b7c63b1ef', 'GNOME_SETUP_DISPLAY': ':1', 'XDG_RUNTIME_DIR': '/run/user/1000', 'DISPLAY': ':0', 'LANG': 'C.UTF-8', 'XDG_CURRENT_DESKTOP': 'ubuntu:GNOME', 'XMODIFIERS': '@im=ibus', 'XDG_SESSION_DESKTOP': 'ubuntu', 'XAUTHORITY': '/run/user/1000/.mutter-Xwaylandauth.5Z7NP3', 'LS_COLORS': 'rs=0:di=01;34:ln=01;36:mh=00:pi=40;33:so=01;35:do=01;35:bd=40;33;01:cd=40;33;01:or=40;31;01:mi=00:su=37;41:sg=30;43:ca=00:tw=30;42:ow=34;42:st=37;44:ex=01;32:*.tar=01;31:*.tgz=01;31:*.arc=01;31:*.arj=01;31:*.taz=01;31:*.lha=01;31:*.lz4=01;31:*.lzh=01;31:*.lzma=01;31:*.tlz=01;31:*.txz=01;31:*.tzo=01;31:*.t7z=01;31:*.zip=01;31:*.z=01;31:*.dz=01;31:*.gz=01;31:*.lrz=01;31:*.lz=01;31:*.lzo=01;31:*.xz=01;31:*.zst=01;31:*.tzst=01;31:*.bz2=01;31:*.bz=01;31:*.tbz=01;31:*.tbz2=01;31:*.tz=01;31:*.deb=01;31:*.rpm=01;31:*.jar=01;31:*.war=01;31:*.ear=01;31:*.sar=01;31:*.rar=01;31:*.alz=01;31:*.ace=01;31:*.zoo=01;31:*.cpio=01;31:*.7z=01;31:*.rz=01;31:*.cab=01;31:*.wim=01;31:*.swm=01;31:*.dwm=01;31:*.esd=01;31:*.avif=01;35:*.jpg=01;35:*.jpeg=01;35:*.mjpg=01;35:*.mjpeg=01;35:*.gif=01;35:*.bmp=01;35:*.pbm=01;35:*.pgm=01;35:*.ppm=01;35:*.tga=01;35:*.xbm=01;35:*.xpm=01;35:*.tif=01;35:*.tiff=01;35:*.png=01;35:*.svg=01;35:*.svgz=01;35:*.mng=01;35:*.pcx=01;35:*.mov=01;35:*.mpg=01;35:*.mpeg=01;35:*.m2v=01;35:*.mkv=01;35:*.webm=01;35:*.webp=01;35:*.ogm=01;35:*.mp4=01;35:*.m4v=01;35:*.mp4v=01;35:*.vob=01;35:*.qt=01;35:*.nuv=01;35:*.wmv=01;35:*.asf=01;35:*.rm=01;35:*.rmvb=01;35:*.flc=01;35:*.avi=01;35:*.fli=01;35:*.flv=01;35:*.gl=01;35:*.dl=01;35:*.xcf=01;35:*.xwd=01;35:*.yuv=01;35:*.cgm=01;35:*.emf=01;35:*.ogv=01;35:*.ogx=01;35:*.aac=00;36:*.au=00;36:*.flac=00;36:*.m4a=00;36:*.mid=00;36:*.midi=00;36:*.mka=00;36:*.mp3=00;36:*.mpc=00;36:*.ogg=00;36:*.ra=00;36:*.wav=00;36:*.oga=00;36:*.opus=00;36:*.spx=00;36:*.xspf=00;36:*~=00;90:*#=00;90:*.bak=00;90:*.crdownload=00;90:*.dpkg-dist=00;90:*.dpkg-new=00;90:*.dpkg-old=00;90:*.dpkg-tmp=00;90:*.old=00;90:*.orig=00;90:*.part=00;90:*.rej=00;90:*.rpmnew=00;90:*.rpmorig=00;90:*.rpmsave=00;90:*.swp=00;90:*.tmp=00;90:*.ucf-dist=00;90:*.ucf-new=00;90:*.ucf-old=00;90:', 'GNOME_TERMINAL_SERVICE': ':1.98', 'SSH_AUTH_SOCK': '/run/user/1000/keyring/ssh', 'ROS_DOMAIN_ID': '1', 'AMENT_PREFIX_PATH': '/home/dredre/DevStuff/scrollDiary/speechToText/ros2Workspace/install/printer_pkg:/home/dredre/DevStuff/scrollDiary/speechToText/ros2Workspace/install/speech_to_text_pkg:/home/dredre/DevStuff/scrollDiary/speechToText/ros2Workspace/install/speech_to_text_interfaces:/opt/ros/jazzy', 'SHELL': '/bin/bash', 'QT_ACCESSIBILITY': '1', 'GDMSESSION': 'ubuntu', 'LESSCLOSE': '/usr/bin/lesspipe %s %s', 'ROS_AUTOMATIC_DISCOVERY_RANGE': 'SUBNET', 'QT_IM_MODULE': 'ibus', 'PWD': '/home/dredre/DevStuff/scrollDiary/speechToText/ros2Workspace/build/speech_to_text_interfaces', 'XDG_CONFIG_DIRS': '/etc/xdg/xdg-ubuntu:/etc/xdg', 'XDG_DATA_DIRS': '/usr/share/ubuntu:/usr/share/gnome:/usr/local/share/:/usr/share/:/var/lib/snapd/desktop', 'PYTHONPATH': '/home/dredre/DevStuff/scrollDiary/speechToText/ros2Workspace/install/speech_to_text_interfaces/lib/python3.12/site-packages:/opt/ros/jazzy/lib/python3.12/site-packages', 'COLCON': '1', 'MEMORY_PRESSURE_WRITE': 'c29tZSAyMDAwMDAgMjAwMDAwMAA=', 'VTE_VERSION': '7600', 'CMAKE_PREFIX_PATH': '/home/dredre/DevStuff/scrollDiary/speechToText/ros2Workspace/install/printer_pkg:/home/dredre/DevStuff/scrollDiary/speechToText/ros2Workspace/install/speech_to_text_pkg:/home/dredre/DevStuff/scrollDiary/speechToText/ros2Workspace/install/speech_to_text_interfaces:/opt/ros/jazzy/opt/sdformat_vendor:/opt/ros/jazzy/opt/gz_math_vendor:/opt/ros/jazzy/opt/gz_utils_vendor:/opt/ros/jazzy/opt/gz_tools_vendor:/opt/ros/jazzy/opt/gz_cmake_vendor:/opt/ros/jazzy'}), 'shell': False}
[0.098402] (-) TimerEvent: {}
[0.207225] (-) TimerEvent: {}
[0.221215] (speech_to_text_interfaces) StdoutLine: {'line': b'[  2%] Built target speech_to_text_interfaces__rosidl_generator_type_description\n'}
[0.260030] (speech_to_text_interfaces) StdoutLine: {'line': b'[  2%] Built target ament_cmake_python_copy_speech_to_text_interfaces\n'}
[0.310790] (speech_to_text_interfaces) StdoutLine: {'line': b'[  8%] Built target speech_to_text_interfaces__cpp\n'}
[0.311805] (-) TimerEvent: {}
[0.316996] (speech_to_text_interfaces) StdoutLine: {'line': b'[ 20%] Built target speech_to_text_interfaces__rosidl_generator_c\n'}
[0.412048] (-) TimerEvent: {}
[0.448243] (speech_to_text_interfaces) StdoutLine: {'line': b'[ 29%] Built target speech_to_text_interfaces__rosidl_typesupport_introspection_c\n'}
[0.493232] (speech_to_text_interfaces) StdoutLine: {'line': b'[ 38%] Built target speech_to_text_interfaces__rosidl_typesupport_fastrtps_c\n'}
[0.498581] (speech_to_text_interfaces) StdoutLine: {'line': b'[ 47%] Built target speech_to_text_interfaces__rosidl_typesupport_fastrtps_cpp\n'}
[0.515328] (-) TimerEvent: {}
[0.580580] (speech_to_text_interfaces) StdoutLine: {'line': b'[ 55%] Built target speech_to_text_interfaces__rosidl_typesupport_introspection_cpp\n'}
[0.594959] (speech_to_text_interfaces) StdoutLine: {'line': b'[ 64%] Built target speech_to_text_interfaces__rosidl_typesupport_c\n'}
[0.619272] (speech_to_text_interfaces) StdoutLine: {'line': b'[ 73%] Built target speech_to_text_interfaces__rosidl_typesupport_cpp\n'}
[0.620428] (-) TimerEvent: {}
[0.684831] (speech_to_text_interfaces) StdoutLine: {'line': b'[ 73%] Built target speech_to_text_interfaces\n'}
[0.722893] (-) TimerEvent: {}
[0.750882] (speech_to_text_interfaces) StdoutLine: {'line': b'[ 76%] Built target speech_to_text_interfaces__py\n'}
[0.826259] (-) TimerEvent: {}
[0.914039] (speech_to_text_interfaces) StdoutLine: {'line': b'[ 82%] Built target speech_to_text_interfaces__rosidl_generator_py\n'}
[0.929078] (-) TimerEvent: {}
[1.032704] (-) TimerEvent: {}
[1.070597] (speech_to_text_interfaces) StdoutLine: {'line': b'[ 88%] Built target speech_to_text_interfaces_s__rosidl_typesupport_fastrtps_c\n'}
[1.074371] (speech_to_text_interfaces) StdoutLine: {'line': b'[ 94%] Built target speech_to_text_interfaces_s__rosidl_typesupport_c\n'}
[1.088692] (speech_to_text_interfaces) StdoutLine: {'line': b'[100%] Built target speech_to_text_interfaces_s__rosidl_typesupport_introspection_c\n'}
[1.141107] (-) TimerEvent: {}
[1.241937] (-) TimerEvent: {}
[1.342597] (-) TimerEvent: {}
[1.445625] (-) TimerEvent: {}
[1.546372] (-) TimerEvent: {}
[1.651614] (-) TimerEvent: {}
[1.752145] (-) TimerEvent: {}
[1.857355] (-) TimerEvent: {}
[1.962538] (-) TimerEvent: {}
[2.070868] (-) TimerEvent: {}
[2.177709] (-) TimerEvent: {}
[2.285594] (-) TimerEvent: {}
[2.389623] (-) TimerEvent: {}
[2.490565] (-) TimerEvent: {}
[2.575824] (speech_to_text_interfaces) StdoutLine: {'line': b'running egg_info\n'}
[2.591741] (-) TimerEvent: {}
[2.694914] (-) TimerEvent: {}
[2.712613] (speech_to_text_interfaces) StdoutLine: {'line': b'writing speech_to_text_interfaces.egg-info/PKG-INFO\n'}
[2.715808] (speech_to_text_interfaces) StdoutLine: {'line': b'writing dependency_links to speech_to_text_interfaces.egg-info/dependency_links.txt\n'}
[2.719593] (speech_to_text_interfaces) StdoutLine: {'line': b'writing top-level names to speech_to_text_interfaces.egg-info/top_level.txt\n'}
[2.795302] (-) TimerEvent: {}
[2.896821] (-) TimerEvent: {}
[2.997476] (-) TimerEvent: {}
[3.098185] (-) TimerEvent: {}
[3.114261] (speech_to_text_interfaces) StdoutLine: {'line': b"reading manifest file 'speech_to_text_interfaces.egg-info/SOURCES.txt'\n"}
[3.120081] (speech_to_text_interfaces) StdoutLine: {'line': b"writing manifest file 'speech_to_text_interfaces.egg-info/SOURCES.txt'\n"}
[3.198603] (-) TimerEvent: {}
[3.306294] (-) TimerEvent: {}
[3.410562] (-) TimerEvent: {}
[3.417748] (speech_to_text_interfaces) StdoutLine: {'line': b'[100%] Built target ament_cmake_python_build_speech_to_text_interfaces_egg\n'}
[3.453937] (speech_to_text_interfaces) CommandEnded: {'returncode': 0}
[3.457728] (speech_to_text_interfaces) JobProgress: {'identifier': 'speech_to_text_interfaces', 'progress': 'install'}
[3.479769] (speech_to_text_interfaces) Command: {'cmd': ['/usr/local/bin/cmake', '--install', '/home/dredre/DevStuff/scrollDiary/speechToText/ros2Workspace/build/speech_to_text_interfaces'], 'cwd': '/home/dredre/DevStuff/scrollDiary/speechToText/ros2Workspace/build/speech_to_text_interfaces', 'env': OrderedDict({'LESSOPEN': '| /usr/bin/lesspipe %s', 'USER': 'dredre', 'GZ_CONFIG_PATH': '/opt/ros/jazzy/opt/sdformat_vendor/share/gz', 'XDG_SESSION_TYPE': 'wayland', 'CLUTTER_DISABLE_MIPMAPPED_TEXT': '1', 'SHLVL': '1', 'LD_LIBRARY_PATH': '/home/dredre/DevStuff/scrollDiary/speechToText/ros2Workspace/install/speech_to_text_pkg/lib:/home/dredre/DevStuff/scrollDiary/speechToText/ros2Workspace/install/speech_to_text_interfaces/lib:/opt/ros/jazzy/opt/sdformat_vendor/lib:/opt/ros/jazzy/opt/rviz_ogre_vendor/lib:/opt/ros/jazzy/lib/aarch64-linux-gnu:/opt/ros/jazzy/opt/gz_math_vendor/lib:/opt/ros/jazzy/opt/gz_utils_vendor/lib:/opt/ros/jazzy/opt/gz_tools_vendor/lib:/opt/ros/jazzy/opt/gz_cmake_vendor/lib:/opt/ros/jazzy/lib', 'HOME': '/home/dredre', 'DESKTOP_SESSION': 'ubuntu', 'ROS_PYTHON_VERSION': '3', 'GNOME_SHELL_SESSION_MODE': 'ubuntu', 'GTK_MODULES': 'gail:atk-bridge', 'SYSTEMD_EXEC_PID': '25429', 'GSM_SKIP_SSH_AGENT_WORKAROUND': 'true', 'DBUS_SESSION_BUS_ADDRESS': 'unix:path=/run/user/1000/bus', 'COLORTERM': 'truecolor', 'DEBUGINFOD_URLS': 'https://debuginfod.ubuntu.com', 'IM_CONFIG_PHASE': '1', 'WAYLAND_DISPLAY': 'wayland-0', 'COLCON_PREFIX_PATH': '/home/dredre/DevStuff/scrollDiary/speechToText/ros2Workspace/install', 'ROS_DISTRO': 'jazzy', 'LOGNAME': 'dredre', '_': '/usr/bin/colcon', 'ROS_VERSION': '2', 'MEMORY_PRESSURE_WATCH': '/sys/fs/cgroup/user.slice/user-1000.slice/user@1000.service/session.slice/org.gnome.Shell@wayland.service/memory.pressure', 'XDG_SESSION_CLASS': 'user', 'USERNAME': 'dredre', 'TERM': 'xterm-256color', 'GNOME_DESKTOP_SESSION_ID': 'this-is-deprecated', 'PATH': '/opt/ros/jazzy/opt/gz_tools_vendor/bin:/opt/ros/jazzy/bin:/home/dredre/.local/bin:/usr/local/sbin:/usr/local/bin:/usr/sbin:/usr/bin:/sbin:/bin:/usr/games:/usr/local/games:/snap/bin:/snap/bin:/home/dredre/.local/bin', 'SESSION_MANAGER': 'local/dredre-desktop:@/tmp/.ICE-unix/25400,unix/dredre-desktop:/tmp/.ICE-unix/25400', 'XDG_MENU_PREFIX': 'gnome-', 'GNOME_TERMINAL_SCREEN': '/org/gnome/Terminal/screen/9bdb21a1_b945_47ed_b57d_6a0b7c63b1ef', 'GNOME_SETUP_DISPLAY': ':1', 'XDG_RUNTIME_DIR': '/run/user/1000', 'DISPLAY': ':0', 'LANG': 'C.UTF-8', 'XDG_CURRENT_DESKTOP': 'ubuntu:GNOME', 'XMODIFIERS': '@im=ibus', 'XDG_SESSION_DESKTOP': 'ubuntu', 'XAUTHORITY': '/run/user/1000/.mutter-Xwaylandauth.5Z7NP3', 'LS_COLORS': 'rs=0:di=01;34:ln=01;36:mh=00:pi=40;33:so=01;35:do=01;35:bd=40;33;01:cd=40;33;01:or=40;31;01:mi=00:su=37;41:sg=30;43:ca=00:tw=30;42:ow=34;42:st=37;44:ex=01;32:*.tar=01;31:*.tgz=01;31:*.arc=01;31:*.arj=01;31:*.taz=01;31:*.lha=01;31:*.lz4=01;31:*.lzh=01;31:*.lzma=01;31:*.tlz=01;31:*.txz=01;31:*.tzo=01;31:*.t7z=01;31:*.zip=01;31:*.z=01;31:*.dz=01;31:*.gz=01;31:*.lrz=01;31:*.lz=01;31:*.lzo=01;31:*.xz=01;31:*.zst=01;31:*.tzst=01;31:*.bz2=01;31:*.bz=01;31:*.tbz=01;31:*.tbz2=01;31:*.tz=01;31:*.deb=01;31:*.rpm=01;31:*.jar=01;31:*.war=01;31:*.ear=01;31:*.sar=01;31:*.rar=01;31:*.alz=01;31:*.ace=01;31:*.zoo=01;31:*.cpio=01;31:*.7z=01;31:*.rz=01;31:*.cab=01;31:*.wim=01;31:*.swm=01;31:*.dwm=01;31:*.esd=01;31:*.avif=01;35:*.jpg=01;35:*.jpeg=01;35:*.mjpg=01;35:*.mjpeg=01;35:*.gif=01;35:*.bmp=01;35:*.pbm=01;35:*.pgm=01;35:*.ppm=01;35:*.tga=01;35:*.xbm=01;35:*.xpm=01;35:*.tif=01;35:*.tiff=01;35:*.png=01;35:*.svg=01;35:*.svgz=01;35:*.mng=01;35:*.pcx=01;35:*.mov=01;35:*.mpg=01;35:*.mpeg=01;35:*.m2v=01;35:*.mkv=01;35:*.webm=01;35:*.webp=01;35:*.ogm=01;35:*.mp4=01;35:*.m4v=01;35:*.mp4v=01;35:*.vob=01;35:*.qt=01;35:*.nuv=01;35:*.wmv=01;35:*.asf=01;35:*.rm=01;35:*.rmvb=01;35:*.flc=01;35:*.avi=01;35:*.fli=01;35:*.flv=01;35:*.gl=01;35:*.dl=01;35:*.xcf=01;35:*.xwd=01;35:*.yuv=01;35:*.cgm=01;35:*.emf=01;35:*.ogv=01;35:*.ogx=01;35:*.aac=00;36:*.au=00;36:*.flac=00;36:*.m4a=00;36:*.mid=00;36:*.midi=00;36:*.mka=00;36:*.mp3=00;36:*.mpc=00;36:*.ogg=00;36:*.ra=00;36:*.wav=00;36:*.oga=00;36:*.opus=00;36:*.spx=00;36:*.xspf=00;36:*~=00;90:*#=00;90:*.bak=00;90:*.crdownload=00;90:*.dpkg-dist=00;90:*.dpkg-new=00;90:*.dpkg-old=00;90:*.dpkg-tmp=00;90:*.old=00;90:*.orig=00;90:*.part=00;90:*.rej=00;90:*.rpmnew=00;90:*.rpmorig=00;90:*.rpmsave=00;90:*.swp=00;90:*.tmp=00;90:*.ucf-dist=00;90:*.ucf-new=00;90:*.ucf-old=00;90:', 'GNOME_TERMINAL_SERVICE': ':1.98', 'SSH_AUTH_SOCK': '/run/user/1000/keyring/ssh', 'ROS_DOMAIN_ID': '1', 'AMENT_PREFIX_PATH': '/home/dredre/DevStuff/scrollDiary/speechToText/ros2Workspace/install/printer_pkg:/home/dredre/DevStuff/scrollDiary/speechToText/ros2Workspace/install/speech_to_text_pkg:/home/dredre/DevStuff/scrollDiary/speechToText/ros2Workspace/install/speech_to_text_interfaces:/opt/ros/jazzy', 'SHELL': '/bin/bash', 'QT_ACCESSIBILITY': '1', 'GDMSESSION': 'ubuntu', 'LESSCLOSE': '/usr/bin/lesspipe %s %s', 'ROS_AUTOMATIC_DISCOVERY_RANGE': 'SUBNET', 'QT_IM_MODULE': 'ibus', 'PWD': '/home/dredre/DevStuff/scrollDiary/speechToText/ros2Workspace/build/speech_to_text_interfaces', 'XDG_CONFIG_DIRS': '/etc/xdg/xdg-ubuntu:/etc/xdg', 'XDG_DATA_DIRS': '/usr/share/ubuntu:/usr/share/gnome:/usr/local/share/:/usr/share/:/var/lib/snapd/desktop', 'PYTHONPATH': '/home/dredre/DevStuff/scrollDiary/speechToText/ros2Workspace/install/speech_to_text_interfaces/lib/python3.12/site-packages:/opt/ros/jazzy/lib/python3.12/site-packages', 'COLCON': '1', 'MEMORY_PRESSURE_WRITE': 'c29tZSAyMDAwMDAgMjAwMDAwMAA=', 'VTE_VERSION': '7600', 'CMAKE_PREFIX_PATH': '/home/dredre/DevStuff/scrollDiary/speechToText/ros2Workspace/install/printer_pkg:/home/dredre/DevStuff/scrollDiary/speechToText/ros2Workspace/install/speech_to_text_pkg:/home/dredre/DevStuff/scrollDiary/speechToText/ros2Workspace/install/speech_to_text_interfaces:/opt/ros/jazzy/opt/sdformat_vendor:/opt/ros/jazzy/opt/gz_math_vendor:/opt/ros/jazzy/opt/gz_utils_vendor:/opt/ros/jazzy/opt/gz_tools_vendor:/opt/ros/jazzy/opt/gz_cmake_vendor:/opt/ros/jazzy'}), 'shell': False}
[3.499074] (speech_to_text_interfaces) StdoutLine: {'line': b'-- Install configuration: ""\n'}
[3.499617] (speech_to_text_interfaces) StdoutLine: {'line': b'-- Up-to-date: /home/dredre/DevStuff/scrollDiary/speechToText/ros2Workspace/install/speech_to_text_interfaces/share/ament_index/resource_index/rosidl_interfaces/speech_to_text_interfaces\n'}
[3.504749] (speech_to_text_interfaces) StdoutLine: {'line': b'-- Up-to-date: /home/dredre/DevStuff/scrollDiary/speechToText/ros2Workspace/install/speech_to_text_interfaces/share/speech_to_text_interfaces/msg/AudioStamped.json\n'}
[3.505354] (speech_to_text_interfaces) StdoutLine: {'line': b'-- Up-to-date: /home/dredre/DevStuff/scrollDiary/speechToText/ros2Workspace/install/speech_to_text_interfaces/include/speech_to_text_interfaces/speech_to_text_interfaces\n'}
[3.511123] (-) TimerEvent: {}
[3.513790] (speech_to_text_interfaces) StdoutLine: {'line': b'-- Up-to-date: /home/dredre/DevStuff/scrollDiary/speechToText/ros2Workspace/install/speech_to_text_interfaces/include/speech_to_text_interfaces/speech_to_text_interfaces/msg\n'}
[3.514279] (speech_to_text_interfaces) StdoutLine: {'line': b'-- Up-to-date: /home/dredre/DevStuff/scrollDiary/speechToText/ros2Workspace/install/speech_to_text_interfaces/include/speech_to_text_interfaces/speech_to_text_interfaces/msg/audio_stamped.h\n'}
[3.516777] (speech_to_text_interfaces) StdoutLine: {'line': b'-- Up-to-date: /home/dredre/DevStuff/scrollDiary/speechToText/ros2Workspace/install/speech_to_text_interfaces/include/speech_to_text_interfaces/speech_to_text_interfaces/msg/rosidl_generator_c__visibility_control.h\n'}
[3.517258] (speech_to_text_interfaces) StdoutLine: {'line': b'-- Up-to-date: /home/dredre/DevStuff/scrollDiary/speechToText/ros2Workspace/install/speech_to_text_interfaces/include/speech_to_text_interfaces/speech_to_text_interfaces/msg/detail\n'}
[3.517539] (speech_to_text_interfaces) StdoutLine: {'line': b'-- Up-to-date: /home/dredre/DevStuff/scrollDiary/speechToText/ros2Workspace/install/speech_to_text_interfaces/include/speech_to_text_interfaces/speech_to_text_interfaces/msg/detail/audio_stamped__struct.h\n'}
[3.521946] (speech_to_text_interfaces) StdoutLine: {'line': b'-- Up-to-date: /home/dredre/DevStuff/scrollDiary/speechToText/ros2Workspace/install/speech_to_text_interfaces/include/speech_to_text_interfaces/speech_to_text_interfaces/msg/detail/audio_stamped__description.c\n'}
[3.522630] (speech_to_text_interfaces) StdoutLine: {'line': b'-- Up-to-date: /home/dredre/DevStuff/scrollDiary/speechToText/ros2Workspace/install/speech_to_text_interfaces/include/speech_to_text_interfaces/speech_to_text_interfaces/msg/detail/audio_stamped__functions.c\n'}
[3.526197] (speech_to_text_interfaces) StdoutLine: {'line': b'-- Up-to-date: /home/dredre/DevStuff/scrollDiary/speechToText/ros2Workspace/install/speech_to_text_interfaces/include/speech_to_text_interfaces/speech_to_text_interfaces/msg/detail/audio_stamped__functions.h\n'}
[3.526779] (speech_to_text_interfaces) StdoutLine: {'line': b'-- Up-to-date: /home/dredre/DevStuff/scrollDiary/speechToText/ros2Workspace/install/speech_to_text_interfaces/include/speech_to_text_interfaces/speech_to_text_interfaces/msg/detail/audio_stamped__type_support.c\n'}
[3.527211] (speech_to_text_interfaces) StdoutLine: {'line': b'-- Up-to-date: /home/dredre/DevStuff/scrollDiary/speechToText/ros2Workspace/install/speech_to_text_interfaces/include/speech_to_text_interfaces/speech_to_text_interfaces/msg/detail/audio_stamped__type_support.h\n'}
[3.531923] (speech_to_text_interfaces) StdoutLine: {'line': b'-- Up-to-date: /home/dredre/DevStuff/scrollDiary/speechToText/ros2Workspace/install/speech_to_text_interfaces/share/speech_to_text_interfaces/environment/library_path.sh\n'}
[3.534839] (speech_to_text_interfaces) StdoutLine: {'line': b'-- Up-to-date: /home/dredre/DevStuff/scrollDiary/speechToText/ros2Workspace/install/speech_to_text_interfaces/share/speech_to_text_interfaces/environment/library_path.dsv\n'}
[3.536127] (speech_to_text_interfaces) StdoutLine: {'line': b'-- Up-to-date: /home/dredre/DevStuff/scrollDiary/speechToText/ros2Workspace/install/speech_to_text_interfaces/lib/libspeech_to_text_interfaces__rosidl_generator_c.so\n'}
[3.536396] (speech_to_text_interfaces) StdoutLine: {'line': b'-- Up-to-date: /home/dredre/DevStuff/scrollDiary/speechToText/ros2Workspace/install/speech_to_text_interfaces/include/speech_to_text_interfaces/speech_to_text_interfaces\n'}
[3.538990] (speech_to_text_interfaces) StdoutLine: {'line': b'-- Up-to-date: /home/dredre/DevStuff/scrollDiary/speechToText/ros2Workspace/install/speech_to_text_interfaces/include/speech_to_text_interfaces/speech_to_text_interfaces/msg\n'}
[3.539205] (speech_to_text_interfaces) StdoutLine: {'line': b'-- Up-to-date: /home/dredre/DevStuff/scrollDiary/speechToText/ros2Workspace/install/speech_to_text_interfaces/include/speech_to_text_interfaces/speech_to_text_interfaces/msg/rosidl_typesupport_fastrtps_c__visibility_control.h\n'}
[3.539365] (speech_to_text_interfaces) StdoutLine: {'line': b'-- Up-to-date: /home/dredre/DevStuff/scrollDiary/speechToText/ros2Workspace/install/speech_to_text_interfaces/include/speech_to_text_interfaces/speech_to_text_interfaces/msg/detail\n'}
[3.544352] (speech_to_text_interfaces) StdoutLine: {'line': b'-- Up-to-date: /home/dredre/DevStuff/scrollDiary/speechToText/ros2Workspace/install/speech_to_text_interfaces/include/speech_to_text_interfaces/speech_to_text_interfaces/msg/detail/audio_stamped__rosidl_typesupport_fastrtps_c.h\n'}
[3.545102] (speech_to_text_interfaces) StdoutLine: {'line': b'-- Up-to-date: /home/dredre/DevStuff/scrollDiary/speechToText/ros2Workspace/install/speech_to_text_interfaces/lib/libspeech_to_text_interfaces__rosidl_typesupport_fastrtps_c.so\n'}
[3.551932] (speech_to_text_interfaces) StdoutLine: {'line': b'-- Up-to-date: /home/dredre/DevStuff/scrollDiary/speechToText/ros2Workspace/install/speech_to_text_interfaces/include/speech_to_text_interfaces/speech_to_text_interfaces\n'}
[3.553345] (speech_to_text_interfaces) StdoutLine: {'line': b'-- Up-to-date: /home/dredre/DevStuff/scrollDiary/speechToText/ros2Workspace/install/speech_to_text_interfaces/include/speech_to_text_interfaces/speech_to_text_interfaces/msg\n'}
[3.553901] (speech_to_text_interfaces) StdoutLine: {'line': b'-- Up-to-date: /home/dredre/DevStuff/scrollDiary/speechToText/ros2Workspace/install/speech_to_text_interfaces/include/speech_to_text_interfaces/speech_to_text_interfaces/msg/rosidl_typesupport_introspection_c__visibility_control.h\n'}
[3.554150] (speech_to_text_interfaces) StdoutLine: {'line': b'-- Up-to-date: /home/dredre/DevStuff/scrollDiary/speechToText/ros2Workspace/install/speech_to_text_interfaces/include/speech_to_text_interfaces/speech_to_text_interfaces/msg/detail\n'}
[3.561044] (speech_to_text_interfaces) StdoutLine: {'line': b'-- Up-to-date: /home/dredre/DevStuff/scrollDiary/speechToText/ros2Workspace/install/speech_to_text_interfaces/include/speech_to_text_interfaces/speech_to_text_interfaces/msg/detail/audio_stamped__rosidl_typesupport_introspection_c.h\n'}
[3.563374] (speech_to_text_interfaces) StdoutLine: {'line': b'-- Up-to-date: /home/dredre/DevStuff/scrollDiary/speechToText/ros2Workspace/install/speech_to_text_interfaces/include/speech_to_text_interfaces/speech_to_text_interfaces/msg/detail/audio_stamped__type_support.c\n'}
[3.563771] (speech_to_text_interfaces) StdoutLine: {'line': b'-- Up-to-date: /home/dredre/DevStuff/scrollDiary/speechToText/ros2Workspace/install/speech_to_text_interfaces/lib/libspeech_to_text_interfaces__rosidl_typesupport_introspection_c.so\n'}
[3.563958] (speech_to_text_interfaces) StdoutLine: {'line': b'-- Up-to-date: /home/dredre/DevStuff/scrollDiary/speechToText/ros2Workspace/install/speech_to_text_interfaces/lib/libspeech_to_text_interfaces__rosidl_typesupport_c.so\n'}
[3.564109] (speech_to_text_interfaces) StdoutLine: {'line': b'-- Up-to-date: /home/dredre/DevStuff/scrollDiary/speechToText/ros2Workspace/install/speech_to_text_interfaces/include/speech_to_text_interfaces/speech_to_text_interfaces\n'}
[3.564264] (speech_to_text_interfaces) StdoutLine: {'line': b'-- Up-to-date: /home/dredre/DevStuff/scrollDiary/speechToText/ros2Workspace/install/speech_to_text_interfaces/include/speech_to_text_interfaces/speech_to_text_interfaces/msg\n'}
[3.564401] (speech_to_text_interfaces) StdoutLine: {'line': b'-- Up-to-date: /home/dredre/DevStuff/scrollDiary/speechToText/ros2Workspace/install/speech_to_text_interfaces/include/speech_to_text_interfaces/speech_to_text_interfaces/msg/rosidl_generator_cpp__visibility_control.hpp\n'}
[3.565172] (speech_to_text_interfaces) StdoutLine: {'line': b'-- Up-to-date: /home/dredre/DevStuff/scrollDiary/speechToText/ros2Workspace/install/speech_to_text_interfaces/include/speech_to_text_interfaces/speech_to_text_interfaces/msg/audio_stamped.hpp\n'}
[3.565363] (speech_to_text_interfaces) StdoutLine: {'line': b'-- Up-to-date: /home/dredre/DevStuff/scrollDiary/speechToText/ros2Workspace/install/speech_to_text_interfaces/include/speech_to_text_interfaces/speech_to_text_interfaces/msg/detail\n'}
[3.565749] (speech_to_text_interfaces) StdoutLine: {'line': b'-- Up-to-date: /home/dredre/DevStuff/scrollDiary/speechToText/ros2Workspace/install/speech_to_text_interfaces/include/speech_to_text_interfaces/speech_to_text_interfaces/msg/detail/audio_stamped__builder.hpp\n'}
[3.566045] (speech_to_text_interfaces) StdoutLine: {'line': b'-- Up-to-date: /home/dredre/DevStuff/scrollDiary/speechToText/ros2Workspace/install/speech_to_text_interfaces/include/speech_to_text_interfaces/speech_to_text_interfaces/msg/detail/audio_stamped__struct.hpp\n'}
[3.566311] (speech_to_text_interfaces) StdoutLine: {'line': b'-- Up-to-date: /home/dredre/DevStuff/scrollDiary/speechToText/ros2Workspace/install/speech_to_text_interfaces/include/speech_to_text_interfaces/speech_to_text_interfaces/msg/detail/audio_stamped__traits.hpp\n'}
[3.566515] (speech_to_text_interfaces) StdoutLine: {'line': b'-- Up-to-date: /home/dredre/DevStuff/scrollDiary/speechToText/ros2Workspace/install/speech_to_text_interfaces/include/speech_to_text_interfaces/speech_to_text_interfaces/msg/detail/audio_stamped__type_support.hpp\n'}
[3.566746] (speech_to_text_interfaces) StdoutLine: {'line': b'-- Up-to-date: /home/dredre/DevStuff/scrollDiary/speechToText/ros2Workspace/install/speech_to_text_interfaces/include/speech_to_text_interfaces/speech_to_text_interfaces\n'}
[3.566907] (speech_to_text_interfaces) StdoutLine: {'line': b'-- Up-to-date: /home/dredre/DevStuff/scrollDiary/speechToText/ros2Workspace/install/speech_to_text_interfaces/include/speech_to_text_interfaces/speech_to_text_interfaces/msg\n'}
[3.567080] (speech_to_text_interfaces) StdoutLine: {'line': b'-- Up-to-date: /home/dredre/DevStuff/scrollDiary/speechToText/ros2Workspace/install/speech_to_text_interfaces/include/speech_to_text_interfaces/speech_to_text_interfaces/msg/rosidl_typesupport_fastrtps_cpp__visibility_control.h\n'}
[3.567270] (speech_to_text_interfaces) StdoutLine: {'line': b'-- Up-to-date: /home/dredre/DevStuff/scrollDiary/speechToText/ros2Workspace/install/speech_to_text_interfaces/include/speech_to_text_interfaces/speech_to_text_interfaces/msg/detail\n'}
[3.569379] (speech_to_text_interfaces) StdoutLine: {'line': b'-- Up-to-date: /home/dredre/DevStuff/scrollDiary/speechToText/ros2Workspace/install/speech_to_text_interfaces/include/speech_to_text_interfaces/speech_to_text_interfaces/msg/detail/audio_stamped__rosidl_typesupport_fastrtps_cpp.hpp\n'}
[3.569999] (speech_to_text_interfaces) StdoutLine: {'line': b'-- Up-to-date: /home/dredre/DevStuff/scrollDiary/speechToText/ros2Workspace/install/speech_to_text_interfaces/include/speech_to_text_interfaces/speech_to_text_interfaces/msg/detail/dds_fastrtps\n'}
[3.570554] (speech_to_text_interfaces) StdoutLine: {'line': b'-- Up-to-date: /home/dredre/DevStuff/scrollDiary/speechToText/ros2Workspace/install/speech_to_text_interfaces/lib/libspeech_to_text_interfaces__rosidl_typesupport_fastrtps_cpp.so\n'}
[3.571272] (speech_to_text_interfaces) StdoutLine: {'line': b'-- Up-to-date: /home/dredre/DevStuff/scrollDiary/speechToText/ros2Workspace/install/speech_to_text_interfaces/include/speech_to_text_interfaces/speech_to_text_interfaces\n'}
[3.571713] (speech_to_text_interfaces) StdoutLine: {'line': b'-- Up-to-date: /home/dredre/DevStuff/scrollDiary/speechToText/ros2Workspace/install/speech_to_text_interfaces/include/speech_to_text_interfaces/speech_to_text_interfaces/msg\n'}
[3.571965] (speech_to_text_interfaces) StdoutLine: {'line': b'-- Up-to-date: /home/dredre/DevStuff/scrollDiary/speechToText/ros2Workspace/install/speech_to_text_interfaces/include/speech_to_text_interfaces/speech_to_text_interfaces/msg/detail\n'}
[3.572133] (speech_to_text_interfaces) StdoutLine: {'line': b'-- Up-to-date: /home/dredre/DevStuff/scrollDiary/speechToText/ros2Workspace/install/speech_to_text_interfaces/include/speech_to_text_interfaces/speech_to_text_interfaces/msg/detail/audio_stamped__rosidl_typesupport_introspection_cpp.hpp\n'}
[3.572328] (speech_to_text_interfaces) StdoutLine: {'line': b'-- Up-to-date: /home/dredre/DevStuff/scrollDiary/speechToText/ros2Workspace/install/speech_to_text_interfaces/include/speech_to_text_interfaces/speech_to_text_interfaces/msg/detail/audio_stamped__type_support.cpp\n'}
[3.572549] (speech_to_text_interfaces) StdoutLine: {'line': b'-- Up-to-date: /home/dredre/DevStuff/scrollDiary/speechToText/ros2Workspace/install/speech_to_text_interfaces/lib/libspeech_to_text_interfaces__rosidl_typesupport_introspection_cpp.so\n'}
[3.572737] (speech_to_text_interfaces) StdoutLine: {'line': b'-- Up-to-date: /home/dredre/DevStuff/scrollDiary/speechToText/ros2Workspace/install/speech_to_text_interfaces/lib/libspeech_to_text_interfaces__rosidl_typesupport_cpp.so\n'}
[3.572898] (speech_to_text_interfaces) StdoutLine: {'line': b'-- Up-to-date: /home/dredre/DevStuff/scrollDiary/speechToText/ros2Workspace/install/speech_to_text_interfaces/share/speech_to_text_interfaces/environment/pythonpath.sh\n'}
[3.573424] (speech_to_text_interfaces) StdoutLine: {'line': b'-- Up-to-date: /home/dredre/DevStuff/scrollDiary/speechToText/ros2Workspace/install/speech_to_text_interfaces/share/speech_to_text_interfaces/environment/pythonpath.dsv\n'}
[3.574721] (speech_to_text_interfaces) StdoutLine: {'line': b'-- Up-to-date: /home/dredre/DevStuff/scrollDiary/speechToText/ros2Workspace/install/speech_to_text_interfaces/lib/python3.12/site-packages/speech_to_text_interfaces-0.0.0-py3.12.egg-info\n'}
[3.575213] (speech_to_text_interfaces) StdoutLine: {'line': b'-- Installing: /home/dredre/DevStuff/scrollDiary/speechToText/ros2Workspace/install/speech_to_text_interfaces/lib/python3.12/site-packages/speech_to_text_interfaces-0.0.0-py3.12.egg-info/dependency_links.txt\n'}
[3.575558] (speech_to_text_interfaces) StdoutLine: {'line': b'-- Installing: /home/dredre/DevStuff/scrollDiary/speechToText/ros2Workspace/install/speech_to_text_interfaces/lib/python3.12/site-packages/speech_to_text_interfaces-0.0.0-py3.12.egg-info/top_level.txt\n'}
[3.575700] (speech_to_text_interfaces) StdoutLine: {'line': b'-- Installing: /home/dredre/DevStuff/scrollDiary/speechToText/ros2Workspace/install/speech_to_text_interfaces/lib/python3.12/site-packages/speech_to_text_interfaces-0.0.0-py3.12.egg-info/SOURCES.txt\n'}
[3.578134] (speech_to_text_interfaces) StdoutLine: {'line': b'-- Installing: /home/dredre/DevStuff/scrollDiary/speechToText/ros2Workspace/install/speech_to_text_interfaces/lib/python3.12/site-packages/speech_to_text_interfaces-0.0.0-py3.12.egg-info/PKG-INFO\n'}
[3.578662] (speech_to_text_interfaces) StdoutLine: {'line': b'-- Up-to-date: /home/dredre/DevStuff/scrollDiary/speechToText/ros2Workspace/install/speech_to_text_interfaces/lib/python3.12/site-packages/speech_to_text_interfaces\n'}
[3.580566] (speech_to_text_interfaces) StdoutLine: {'line': b'-- Up-to-date: /home/dredre/DevStuff/scrollDiary/speechToText/ros2Workspace/install/speech_to_text_interfaces/lib/python3.12/site-packages/speech_to_text_interfaces/_speech_to_text_interfaces_s.ep.rosidl_typesupport_fastrtps_c.c\n'}
[3.581038] (speech_to_text_interfaces) StdoutLine: {'line': b'-- Up-to-date: /home/dredre/DevStuff/scrollDiary/speechToText/ros2Workspace/install/speech_to_text_interfaces/lib/python3.12/site-packages/speech_to_text_interfaces/_speech_to_text_interfaces_s.ep.rosidl_typesupport_introspection_c.c\n'}
[3.583607] (speech_to_text_interfaces) StdoutLine: {'line': b'-- Up-to-date: /home/dredre/DevStuff/scrollDiary/speechToText/ros2Workspace/install/speech_to_text_interfaces/lib/python3.12/site-packages/speech_to_text_interfaces/speech_to_text_interfaces_s__rosidl_typesupport_c.so\n'}
[3.583872] (speech_to_text_interfaces) StdoutLine: {'line': b'-- Up-to-date: /home/dredre/DevStuff/scrollDiary/speechToText/ros2Workspace/install/speech_to_text_interfaces/lib/python3.12/site-packages/speech_to_text_interfaces/msg\n'}
[3.584020] (speech_to_text_interfaces) StdoutLine: {'line': b'-- Up-to-date: /home/dredre/DevStuff/scrollDiary/speechToText/ros2Workspace/install/speech_to_text_interfaces/lib/python3.12/site-packages/speech_to_text_interfaces/msg/_audio_stamped_s.c\n'}
[3.584177] (speech_to_text_interfaces) StdoutLine: {'line': b'-- Up-to-date: /home/dredre/DevStuff/scrollDiary/speechToText/ros2Workspace/install/speech_to_text_interfaces/lib/python3.12/site-packages/speech_to_text_interfaces/msg/__init__.py\n'}
[3.584370] (speech_to_text_interfaces) StdoutLine: {'line': b'-- Up-to-date: /home/dredre/DevStuff/scrollDiary/speechToText/ros2Workspace/install/speech_to_text_interfaces/lib/python3.12/site-packages/speech_to_text_interfaces/msg/_audio_stamped.py\n'}
[3.587819] (speech_to_text_interfaces) StdoutLine: {'line': b'-- Up-to-date: /home/dredre/DevStuff/scrollDiary/speechToText/ros2Workspace/install/speech_to_text_interfaces/lib/python3.12/site-packages/speech_to_text_interfaces/__init__.py\n'}
[3.588733] (speech_to_text_interfaces) StdoutLine: {'line': b'-- Up-to-date: /home/dredre/DevStuff/scrollDiary/speechToText/ros2Workspace/install/speech_to_text_interfaces/lib/python3.12/site-packages/speech_to_text_interfaces/speech_to_text_interfaces_s__rosidl_typesupport_introspection_c.so\n'}
[3.589157] (speech_to_text_interfaces) StdoutLine: {'line': b'-- Up-to-date: /home/dredre/DevStuff/scrollDiary/speechToText/ros2Workspace/install/speech_to_text_interfaces/lib/python3.12/site-packages/speech_to_text_interfaces/speech_to_text_interfaces_s__rosidl_typesupport_fastrtps_c.so\n'}
[3.592848] (speech_to_text_interfaces) StdoutLine: {'line': b'-- Up-to-date: /home/dredre/DevStuff/scrollDiary/speechToText/ros2Workspace/install/speech_to_text_interfaces/lib/python3.12/site-packages/speech_to_text_interfaces/_speech_to_text_interfaces_s.ep.rosidl_typesupport_c.c\n'}
[3.612204] (-) TimerEvent: {}
[3.715829] (-) TimerEvent: {}
[3.749279] (speech_to_text_interfaces) StdoutLine: {'line': b"Listing '/home/dredre/DevStuff/scrollDiary/speechToText/ros2Workspace/install/speech_to_text_interfaces/lib/python3.12/site-packages/speech_to_text_interfaces'...\n"}
[3.749835] (speech_to_text_interfaces) StdoutLine: {'line': b"Listing '/home/dredre/DevStuff/scrollDiary/speechToText/ros2Workspace/install/speech_to_text_interfaces/lib/python3.12/site-packages/speech_to_text_interfaces/msg'...\n"}
[3.792952] (speech_to_text_interfaces) StdoutLine: {'line': b'-- Up-to-date: /home/dredre/DevStuff/scrollDiary/speechToText/ros2Workspace/install/speech_to_text_interfaces/lib/python3.12/site-packages/speech_to_text_interfaces/speech_to_text_interfaces_s__rosidl_typesupport_fastrtps_c.so\n'}
[3.799586] (speech_to_text_interfaces) StdoutLine: {'line': b'-- Up-to-date: /home/dredre/DevStuff/scrollDiary/speechToText/ros2Workspace/install/speech_to_text_interfaces/lib/python3.12/site-packages/speech_to_text_interfaces/speech_to_text_interfaces_s__rosidl_typesupport_introspection_c.so\n'}
[3.805668] (speech_to_text_interfaces) StdoutLine: {'line': b'-- Up-to-date: /home/dredre/DevStuff/scrollDiary/speechToText/ros2Workspace/install/speech_to_text_interfaces/lib/python3.12/site-packages/speech_to_text_interfaces/speech_to_text_interfaces_s__rosidl_typesupport_c.so\n'}
[3.805972] (speech_to_text_interfaces) StdoutLine: {'line': b'-- Up-to-date: /home/dredre/DevStuff/scrollDiary/speechToText/ros2Workspace/install/speech_to_text_interfaces/lib/libspeech_to_text_interfaces__rosidl_generator_py.so\n'}
[3.806098] (speech_to_text_interfaces) StdoutLine: {'line': b'-- Up-to-date: /home/dredre/DevStuff/scrollDiary/speechToText/ros2Workspace/install/speech_to_text_interfaces/share/speech_to_text_interfaces/msg/AudioStamped.idl\n'}
[3.806216] (speech_to_text_interfaces) StdoutLine: {'line': b'-- Up-to-date: /home/dredre/DevStuff/scrollDiary/speechToText/ros2Workspace/install/speech_to_text_interfaces/share/speech_to_text_interfaces/msg/AudioStamped.msg\n'}
[3.808154] (speech_to_text_interfaces) StdoutLine: {'line': b'-- Up-to-date: /home/dredre/DevStuff/scrollDiary/speechToText/ros2Workspace/install/speech_to_text_interfaces/share/ament_index/resource_index/package_run_dependencies/speech_to_text_interfaces\n'}
[3.808482] (speech_to_text_interfaces) StdoutLine: {'line': b'-- Up-to-date: /home/dredre/DevStuff/scrollDiary/speechToText/ros2Workspace/install/speech_to_text_interfaces/share/ament_index/resource_index/parent_prefix_path/speech_to_text_interfaces\n'}
[3.808894] (speech_to_text_interfaces) StdoutLine: {'line': b'-- Up-to-date: /home/dredre/DevStuff/scrollDiary/speechToText/ros2Workspace/install/speech_to_text_interfaces/share/speech_to_text_interfaces/environment/ament_prefix_path.sh\n'}
[3.809514] (speech_to_text_interfaces) StdoutLine: {'line': b'-- Up-to-date: /home/dredre/DevStuff/scrollDiary/speechToText/ros2Workspace/install/speech_to_text_interfaces/share/speech_to_text_interfaces/environment/ament_prefix_path.dsv\n'}
[3.811194] (speech_to_text_interfaces) StdoutLine: {'line': b'-- Up-to-date: /home/dredre/DevStuff/scrollDiary/speechToText/ros2Workspace/install/speech_to_text_interfaces/share/speech_to_text_interfaces/environment/path.sh\n'}
[3.812044] (speech_to_text_interfaces) StdoutLine: {'line': b'-- Up-to-date: /home/dredre/DevStuff/scrollDiary/speechToText/ros2Workspace/install/speech_to_text_interfaces/share/speech_to_text_interfaces/environment/path.dsv\n'}
[3.812322] (speech_to_text_interfaces) StdoutLine: {'line': b'-- Up-to-date: /home/dredre/DevStuff/scrollDiary/speechToText/ros2Workspace/install/speech_to_text_interfaces/share/speech_to_text_interfaces/local_setup.bash\n'}
[3.817040] (-) TimerEvent: {}
[3.817546] (speech_to_text_interfaces) StdoutLine: {'line': b'-- Up-to-date: /home/dredre/DevStuff/scrollDiary/speechToText/ros2Workspace/install/speech_to_text_interfaces/share/speech_to_text_interfaces/local_setup.sh\n'}
[3.818365] (speech_to_text_interfaces) StdoutLine: {'line': b'-- Up-to-date: /home/dredre/DevStuff/scrollDiary/speechToText/ros2Workspace/install/speech_to_text_interfaces/share/speech_to_text_interfaces/local_setup.zsh\n'}
[3.829398] (speech_to_text_interfaces) StdoutLine: {'line': b'-- Up-to-date: /home/dredre/DevStuff/scrollDiary/speechToText/ros2Workspace/install/speech_to_text_interfaces/share/speech_to_text_interfaces/local_setup.dsv\n'}
[3.829833] (speech_to_text_interfaces) StdoutLine: {'line': b'-- Installing: /home/dredre/DevStuff/scrollDiary/speechToText/ros2Workspace/install/speech_to_text_interfaces/share/speech_to_text_interfaces/package.dsv\n'}
[3.830199] (speech_to_text_interfaces) StdoutLine: {'line': b'-- Up-to-date: /home/dredre/DevStuff/scrollDiary/speechToText/ros2Workspace/install/speech_to_text_interfaces/share/ament_index/resource_index/packages/speech_to_text_interfaces\n'}
[3.830339] (speech_to_text_interfaces) StdoutLine: {'line': b'-- Up-to-date: /home/dredre/DevStuff/scrollDiary/speechToText/ros2Workspace/install/speech_to_text_interfaces/share/speech_to_text_interfaces/cmake/export_speech_to_text_interfaces__rosidl_generator_cExport.cmake\n'}
[3.830528] (speech_to_text_interfaces) StdoutLine: {'line': b'-- Up-to-date: /home/dredre/DevStuff/scrollDiary/speechToText/ros2Workspace/install/speech_to_text_interfaces/share/speech_to_text_interfaces/cmake/export_speech_to_text_interfaces__rosidl_generator_cExport-noconfig.cmake\n'}
[3.830694] (speech_to_text_interfaces) StdoutLine: {'line': b'-- Up-to-date: /home/dredre/DevStuff/scrollDiary/speechToText/ros2Workspace/install/speech_to_text_interfaces/share/speech_to_text_interfaces/cmake/export_speech_to_text_interfaces__rosidl_typesupport_fastrtps_cExport.cmake\n'}
[3.830850] (speech_to_text_interfaces) StdoutLine: {'line': b'-- Up-to-date: /home/dredre/DevStuff/scrollDiary/speechToText/ros2Workspace/install/speech_to_text_interfaces/share/speech_to_text_interfaces/cmake/export_speech_to_text_interfaces__rosidl_typesupport_fastrtps_cExport-noconfig.cmake\n'}
[3.837698] (speech_to_text_interfaces) StdoutLine: {'line': b'-- Up-to-date: /home/dredre/DevStuff/scrollDiary/speechToText/ros2Workspace/install/speech_to_text_interfaces/share/speech_to_text_interfaces/cmake/speech_to_text_interfaces__rosidl_typesupport_introspection_cExport.cmake\n'}
[3.838231] (speech_to_text_interfaces) StdoutLine: {'line': b'-- Up-to-date: /home/dredre/DevStuff/scrollDiary/speechToText/ros2Workspace/install/speech_to_text_interfaces/share/speech_to_text_interfaces/cmake/speech_to_text_interfaces__rosidl_typesupport_introspection_cExport-noconfig.cmake\n'}
[3.838416] (speech_to_text_interfaces) StdoutLine: {'line': b'-- Up-to-date: /home/dredre/DevStuff/scrollDiary/speechToText/ros2Workspace/install/speech_to_text_interfaces/share/speech_to_text_interfaces/cmake/speech_to_text_interfaces__rosidl_typesupport_cExport.cmake\n'}
[3.850323] (speech_to_text_interfaces) StdoutLine: {'line': b'-- Up-to-date: /home/dredre/DevStuff/scrollDiary/speechToText/ros2Workspace/install/speech_to_text_interfaces/share/speech_to_text_interfaces/cmake/speech_to_text_interfaces__rosidl_typesupport_cExport-noconfig.cmake\n'}
[3.850754] (speech_to_text_interfaces) StdoutLine: {'line': b'-- Up-to-date: /home/dredre/DevStuff/scrollDiary/speechToText/ros2Workspace/install/speech_to_text_interfaces/share/speech_to_text_interfaces/cmake/export_speech_to_text_interfaces__rosidl_generator_cppExport.cmake\n'}
[3.850956] (speech_to_text_interfaces) StdoutLine: {'line': b'-- Up-to-date: /home/dredre/DevStuff/scrollDiary/speechToText/ros2Workspace/install/speech_to_text_interfaces/share/speech_to_text_interfaces/cmake/export_speech_to_text_interfaces__rosidl_typesupport_fastrtps_cppExport.cmake\n'}
[3.851123] (speech_to_text_interfaces) StdoutLine: {'line': b'-- Up-to-date: /home/dredre/DevStuff/scrollDiary/speechToText/ros2Workspace/install/speech_to_text_interfaces/share/speech_to_text_interfaces/cmake/export_speech_to_text_interfaces__rosidl_typesupport_fastrtps_cppExport-noconfig.cmake\n'}
[3.852677] (speech_to_text_interfaces) StdoutLine: {'line': b'-- Up-to-date: /home/dredre/DevStuff/scrollDiary/speechToText/ros2Workspace/install/speech_to_text_interfaces/share/speech_to_text_interfaces/cmake/speech_to_text_interfaces__rosidl_typesupport_introspection_cppExport.cmake\n'}
[3.855340] (speech_to_text_interfaces) StdoutLine: {'line': b'-- Up-to-date: /home/dredre/DevStuff/scrollDiary/speechToText/ros2Workspace/install/speech_to_text_interfaces/share/speech_to_text_interfaces/cmake/speech_to_text_interfaces__rosidl_typesupport_introspection_cppExport-noconfig.cmake\n'}
[3.855823] (speech_to_text_interfaces) StdoutLine: {'line': b'-- Up-to-date: /home/dredre/DevStuff/scrollDiary/speechToText/ros2Workspace/install/speech_to_text_interfaces/share/speech_to_text_interfaces/cmake/speech_to_text_interfaces__rosidl_typesupport_cppExport.cmake\n'}
[3.862494] (speech_to_text_interfaces) StdoutLine: {'line': b'-- Up-to-date: /home/dredre/DevStuff/scrollDiary/speechToText/ros2Workspace/install/speech_to_text_interfaces/share/speech_to_text_interfaces/cmake/speech_to_text_interfaces__rosidl_typesupport_cppExport-noconfig.cmake\n'}
[3.863903] (speech_to_text_interfaces) StdoutLine: {'line': b'-- Up-to-date: /home/dredre/DevStuff/scrollDiary/speechToText/ros2Workspace/install/speech_to_text_interfaces/share/speech_to_text_interfaces/cmake/export_speech_to_text_interfaces__rosidl_generator_pyExport.cmake\n'}
[3.864467] (speech_to_text_interfaces) StdoutLine: {'line': b'-- Up-to-date: /home/dredre/DevStuff/scrollDiary/speechToText/ros2Workspace/install/speech_to_text_interfaces/share/speech_to_text_interfaces/cmake/export_speech_to_text_interfaces__rosidl_generator_pyExport-noconfig.cmake\n'}
[3.882987] (speech_to_text_interfaces) StdoutLine: {'line': b'-- Up-to-date: /home/dredre/DevStuff/scrollDiary/speechToText/ros2Workspace/install/speech_to_text_interfaces/share/speech_to_text_interfaces/cmake/rosidl_cmake-extras.cmake\n'}
[3.883180] (speech_to_text_interfaces) StdoutLine: {'line': b'-- Up-to-date: /home/dredre/DevStuff/scrollDiary/speechToText/ros2Workspace/install/speech_to_text_interfaces/share/speech_to_text_interfaces/cmake/ament_cmake_export_include_directories-extras.cmake\n'}
[3.883361] (speech_to_text_interfaces) StdoutLine: {'line': b'-- Up-to-date: /home/dredre/DevStuff/scrollDiary/speechToText/ros2Workspace/install/speech_to_text_interfaces/share/speech_to_text_interfaces/cmake/ament_cmake_export_libraries-extras.cmake\n'}
[3.883554] (speech_to_text_interfaces) StdoutLine: {'line': b'-- Up-to-date: /home/dredre/DevStuff/scrollDiary/speechToText/ros2Workspace/install/speech_to_text_interfaces/share/speech_to_text_interfaces/cmake/ament_cmake_export_targets-extras.cmake\n'}
[3.883720] (speech_to_text_interfaces) StdoutLine: {'line': b'-- Up-to-date: /home/dredre/DevStuff/scrollDiary/speechToText/ros2Workspace/install/speech_to_text_interfaces/share/speech_to_text_interfaces/cmake/rosidl_cmake_export_typesupport_targets-extras.cmake\n'}
[3.883891] (speech_to_text_interfaces) StdoutLine: {'line': b'-- Up-to-date: /home/dredre/DevStuff/scrollDiary/speechToText/ros2Workspace/install/speech_to_text_interfaces/share/speech_to_text_interfaces/cmake/ament_cmake_export_dependencies-extras.cmake\n'}
[3.884073] (speech_to_text_interfaces) StdoutLine: {'line': b'-- Up-to-date: /home/dredre/DevStuff/scrollDiary/speechToText/ros2Workspace/install/speech_to_text_interfaces/share/speech_to_text_interfaces/cmake/rosidl_cmake_export_typesupport_libraries-extras.cmake\n'}
[3.884302] (speech_to_text_interfaces) StdoutLine: {'line': b'-- Up-to-date: /home/dredre/DevStuff/scrollDiary/speechToText/ros2Workspace/install/speech_to_text_interfaces/share/speech_to_text_interfaces/cmake/speech_to_text_interfacesConfig.cmake\n'}
[3.884574] (speech_to_text_interfaces) StdoutLine: {'line': b'-- Up-to-date: /home/dredre/DevStuff/scrollDiary/speechToText/ros2Workspace/install/speech_to_text_interfaces/share/speech_to_text_interfaces/cmake/speech_to_text_interfacesConfig-version.cmake\n'}
[3.901827] (speech_to_text_interfaces) StdoutLine: {'line': b'-- Up-to-date: /home/dredre/DevStuff/scrollDiary/speechToText/ros2Workspace/install/speech_to_text_interfaces/share/speech_to_text_interfaces/package.xml\n'}
[3.902262] (speech_to_text_interfaces) CommandEnded: {'returncode': 0}
[3.920213] (-) TimerEvent: {}
[4.021266] (-) TimerEvent: {}
[4.122189] (-) TimerEvent: {}
[4.137038] (speech_to_text_interfaces) JobEnded: {'identifier': 'speech_to_text_interfaces', 'rc': 0}
[4.149929] (speech_to_text_pkg) JobStarted: {'identifier': 'speech_to_text_pkg'}
[4.226222] (speech_to_text_pkg) JobProgress: {'identifier': 'speech_to_text_pkg', 'progress': 'cmake'}
[4.226737] (-) TimerEvent: {}
[4.231786] (speech_to_text_pkg) JobProgress: {'identifier': 'speech_to_text_pkg', 'progress': 'build'}
[4.232072] (speech_to_text_pkg) Command: {'cmd': ['/usr/local/bin/cmake', '--build', '/home/dredre/DevStuff/scrollDiary/speechToText/ros2Workspace/build/speech_to_text_pkg', '--', '-j4', '-l4'], 'cwd': '/home/dredre/DevStuff/scrollDiary/speechToText/ros2Workspace/build/speech_to_text_pkg', 'env': OrderedDict({'LESSOPEN': '| /usr/bin/lesspipe %s', 'USER': 'dredre', 'GZ_CONFIG_PATH': '/opt/ros/jazzy/opt/sdformat_vendor/share/gz', 'XDG_SESSION_TYPE': 'wayland', 'CLUTTER_DISABLE_MIPMAPPED_TEXT': '1', 'SHLVL': '1', 'LD_LIBRARY_PATH': '/home/dredre/DevStuff/scrollDiary/speechToText/ros2Workspace/install/speech_to_text_interfaces/lib:/home/dredre/DevStuff/scrollDiary/speechToText/ros2Workspace/install/speech_to_text_pkg/lib:/opt/ros/jazzy/opt/sdformat_vendor/lib:/opt/ros/jazzy/opt/rviz_ogre_vendor/lib:/opt/ros/jazzy/lib/aarch64-linux-gnu:/opt/ros/jazzy/opt/gz_math_vendor/lib:/opt/ros/jazzy/opt/gz_utils_vendor/lib:/opt/ros/jazzy/opt/gz_tools_vendor/lib:/opt/ros/jazzy/opt/gz_cmake_vendor/lib:/opt/ros/jazzy/lib', 'HOME': '/home/dredre', 'DESKTOP_SESSION': 'ubuntu', 'ROS_PYTHON_VERSION': '3', 'GNOME_SHELL_SESSION_MODE': 'ubuntu', 'GTK_MODULES': 'gail:atk-bridge', 'SYSTEMD_EXEC_PID': '25429', 'GSM_SKIP_SSH_AGENT_WORKAROUND': 'true', 'DBUS_SESSION_BUS_ADDRESS': 'unix:path=/run/user/1000/bus', 'COLORTERM': 'truecolor', 'DEBUGINFOD_URLS': 'https://debuginfod.ubuntu.com', 'IM_CONFIG_PHASE': '1', 'WAYLAND_DISPLAY': 'wayland-0', 'COLCON_PREFIX_PATH': '/home/dredre/DevStuff/scrollDiary/speechToText/ros2Workspace/install', 'ROS_DISTRO': 'jazzy', 'LOGNAME': 'dredre', '_': '/usr/bin/colcon', 'ROS_VERSION': '2', 'MEMORY_PRESSURE_WATCH': '/sys/fs/cgroup/user.slice/user-1000.slice/user@1000.service/session.slice/org.gnome.Shell@wayland.service/memory.pressure', 'XDG_SESSION_CLASS': 'user', 'USERNAME': 'dredre', 'TERM': 'xterm-256color', 'GNOME_DESKTOP_SESSION_ID': 'this-is-deprecated', 'PATH': '/opt/ros/jazzy/opt/gz_tools_vendor/bin:/opt/ros/jazzy/bin:/home/dredre/.local/bin:/usr/local/sbin:/usr/local/bin:/usr/sbin:/usr/bin:/sbin:/bin:/usr/games:/usr/local/games:/snap/bin:/snap/bin:/home/dredre/.local/bin', 'SESSION_MANAGER': 'local/dredre-desktop:@/tmp/.ICE-unix/25400,unix/dredre-desktop:/tmp/.ICE-unix/25400', 'XDG_MENU_PREFIX': 'gnome-', 'GNOME_TERMINAL_SCREEN': '/org/gnome/Terminal/screen/9bdb21a1_b945_47ed_b57d_6a0b7c63b1ef', 'GNOME_SETUP_DISPLAY': ':1', 'XDG_RUNTIME_DIR': '/run/user/1000', 'DISPLAY': ':0', 'LANG': 'C.UTF-8', 'XDG_CURRENT_DESKTOP': 'ubuntu:GNOME', 'XMODIFIERS': '@im=ibus', 'XDG_SESSION_DESKTOP': 'ubuntu', 'XAUTHORITY': '/run/user/1000/.mutter-Xwaylandauth.5Z7NP3', 'LS_COLORS': 'rs=0:di=01;34:ln=01;36:mh=00:pi=40;33:so=01;35:do=01;35:bd=40;33;01:cd=40;33;01:or=40;31;01:mi=00:su=37;41:sg=30;43:ca=00:tw=30;42:ow=34;42:st=37;44:ex=01;32:*.tar=01;31:*.tgz=01;31:*.arc=01;31:*.arj=01;31:*.taz=01;31:*.lha=01;31:*.lz4=01;31:*.lzh=01;31:*.lzma=01;31:*.tlz=01;31:*.txz=01;31:*.tzo=01;31:*.t7z=01;31:*.zip=01;31:*.z=01;31:*.dz=01;31:*.gz=01;31:*.lrz=01;31:*.lz=01;31:*.lzo=01;31:*.xz=01;31:*.zst=01;31:*.tzst=01;31:*.bz2=01;31:*.bz=01;31:*.tbz=01;31:*.tbz2=01;31:*.tz=01;31:*.deb=01;31:*.rpm=01;31:*.jar=01;31:*.war=01;31:*.ear=01;31:*.sar=01;31:*.rar=01;31:*.alz=01;31:*.ace=01;31:*.zoo=01;31:*.cpio=01;31:*.7z=01;31:*.rz=01;31:*.cab=01;31:*.wim=01;31:*.swm=01;31:*.dwm=01;31:*.esd=01;31:*.avif=01;35:*.jpg=01;35:*.jpeg=01;35:*.mjpg=01;35:*.mjpeg=01;35:*.gif=01;35:*.bmp=01;35:*.pbm=01;35:*.pgm=01;35:*.ppm=01;35:*.tga=01;35:*.xbm=01;35:*.xpm=01;35:*.tif=01;35:*.tiff=01;35:*.png=01;35:*.svg=01;35:*.svgz=01;35:*.mng=01;35:*.pcx=01;35:*.mov=01;35:*.mpg=01;35:*.mpeg=01;35:*.m2v=01;35:*.mkv=01;35:*.webm=01;35:*.webp=01;35:*.ogm=01;35:*.mp4=01;35:*.m4v=01;35:*.mp4v=01;35:*.vob=01;35:*.qt=01;35:*.nuv=01;35:*.wmv=01;35:*.asf=01;35:*.rm=01;35:*.rmvb=01;35:*.flc=01;35:*.avi=01;35:*.fli=01;35:*.flv=01;35:*.gl=01;35:*.dl=01;35:*.xcf=01;35:*.xwd=01;35:*.yuv=01;35:*.cgm=01;35:*.emf=01;35:*.ogv=01;35:*.ogx=01;35:*.aac=00;36:*.au=00;36:*.flac=00;36:*.m4a=00;36:*.mid=00;36:*.midi=00;36:*.mka=00;36:*.mp3=00;36:*.mpc=00;36:*.ogg=00;36:*.ra=00;36:*.wav=00;36:*.oga=00;36:*.opus=00;36:*.spx=00;36:*.xspf=00;36:*~=00;90:*#=00;90:*.bak=00;90:*.crdownload=00;90:*.dpkg-dist=00;90:*.dpkg-new=00;90:*.dpkg-old=00;90:*.dpkg-tmp=00;90:*.old=00;90:*.orig=00;90:*.part=00;90:*.rej=00;90:*.rpmnew=00;90:*.rpmorig=00;90:*.rpmsave=00;90:*.swp=00;90:*.tmp=00;90:*.ucf-dist=00;90:*.ucf-new=00;90:*.ucf-old=00;90:', 'GNOME_TERMINAL_SERVICE': ':1.98', 'SSH_AUTH_SOCK': '/run/user/1000/keyring/ssh', 'ROS_DOMAIN_ID': '1', 'AMENT_PREFIX_PATH': '/home/dredre/DevStuff/scrollDiary/speechToText/ros2Workspace/install/printer_pkg:/home/dredre/DevStuff/scrollDiary/speechToText/ros2Workspace/install/speech_to_text_pkg:/home/dredre/DevStuff/scrollDiary/speechToText/ros2Workspace/install/speech_to_text_interfaces:/opt/ros/jazzy', 'SHELL': '/bin/bash', 'QT_ACCESSIBILITY': '1', 'GDMSESSION': 'ubuntu', 'LESSCLOSE': '/usr/bin/lesspipe %s %s', 'ROS_AUTOMATIC_DISCOVERY_RANGE': 'SUBNET', 'QT_IM_MODULE': 'ibus', 'PWD': '/home/dredre/DevStuff/scrollDiary/speechToText/ros2Workspace/build/speech_to_text_pkg', 'XDG_CONFIG_DIRS': '/etc/xdg/xdg-ubuntu:/etc/xdg', 'XDG_DATA_DIRS': '/usr/share/ubuntu:/usr/share/gnome:/usr/local/share/:/usr/share/:/var/lib/snapd/desktop', 'PYTHONPATH': '/home/dredre/DevStuff/scrollDiary/speechToText/ros2Workspace/install/speech_to_text_interfaces/lib/python3.12/site-packages:/opt/ros/jazzy/lib/python3.12/site-packages', 'COLCON': '1', 'MEMORY_PRESSURE_WRITE': 'c29tZSAyMDAwMDAgMjAwMDAwMAA=', 'VTE_VERSION': '7600', 'CMAKE_PREFIX_PATH': '/home/dredre/DevStuff/scrollDiary/speechToText/ros2Workspace/install/speech_to_text_interfaces:/home/dredre/DevStuff/scrollDiary/speechToText/ros2Workspace/install/printer_pkg:/home/dredre/DevStuff/scrollDiary/speechToText/ros2Workspace/install/speech_to_text_pkg:/opt/ros/jazzy/opt/sdformat_vendor:/opt/ros/jazzy/opt/gz_math_vendor:/opt/ros/jazzy/opt/gz_utils_vendor:/opt/ros/jazzy/opt/gz_tools_vendor:/opt/ros/jazzy/opt/gz_cmake_vendor:/opt/ros/jazzy'}), 'shell': False}
[4.328681] (-) TimerEvent: {}
[4.429794] (-) TimerEvent: {}
[4.475653] (speech_to_text_pkg) StdoutLine: {'line': b'[ 28%] Built target ggml-base\n'}
[4.477040] (speech_to_text_pkg) StdoutLine: {'line': b'[ 34%] Built target audio_capture_node\n'}
[4.493323] (speech_to_text_pkg) StdoutLine: {'line': b'[ 37%] \x1b[32mBuilding CXX object CMakeFiles/transcription_pre_process_node.dir/src/whisperPreProcessNode.cpp.o\x1b[0m\n'}
[4.533112] (-) TimerEvent: {}
[4.584079] (speech_to_text_pkg) StdoutLine: {'line': b'[ 80%] Built target ggml-cpu\n'}
[4.634615] (-) TimerEvent: {}
[4.645292] (speech_to_text_pkg) StdoutLine: {'line': b'[ 85%] Built target ggml\n'}
[4.706598] (speech_to_text_pkg) StdoutLine: {'line': b'[ 91%] Built target whisper\n'}
[4.734842] (-) TimerEvent: {}
[4.780093] (speech_to_text_pkg) StdoutLine: {'line': b'[ 97%] Built target whisper_transcription_node\n'}
[4.837724] (-) TimerEvent: {}
[4.938721] (-) TimerEvent: {}
[5.039117] (-) TimerEvent: {}
[5.139629] (-) TimerEvent: {}
[5.245785] (-) TimerEvent: {}
[5.347806] (-) TimerEvent: {}
[5.451792] (-) TimerEvent: {}
[5.555954] (-) TimerEvent: {}
[5.656759] (-) TimerEvent: {}
[5.759549] (-) TimerEvent: {}
[5.860129] (-) TimerEvent: {}
[5.961873] (-) TimerEvent: {}
[6.064966] (-) TimerEvent: {}
[6.167815] (-) TimerEvent: {}
[6.270182] (-) TimerEvent: {}
[6.375114] (-) TimerEvent: {}
[6.475891] (-) TimerEvent: {}
[6.579641] (-) TimerEvent: {}
[6.683876] (-) TimerEvent: {}
[6.786918] (-) TimerEvent: {}
[6.887753] (-) TimerEvent: {}
[6.991867] (-) TimerEvent: {}
[7.092532] (-) TimerEvent: {}
[7.193621] (-) TimerEvent: {}
[7.295129] (-) TimerEvent: {}
[7.398831] (-) TimerEvent: {}
[7.499387] (-) TimerEvent: {}
[7.601399] (-) TimerEvent: {}
[7.701860] (-) TimerEvent: {}
[7.805929] (-) TimerEvent: {}
[7.907301] (-) TimerEvent: {}
[8.012775] (-) TimerEvent: {}
[8.113531] (-) TimerEvent: {}
[8.216607] (-) TimerEvent: {}
[8.317293] (-) TimerEvent: {}
[8.418293] (-) TimerEvent: {}
[8.521412] (-) TimerEvent: {}
[8.622329] (-) TimerEvent: {}
[8.728013] (-) TimerEvent: {}
[8.831648] (-) TimerEvent: {}
[8.932702] (-) TimerEvent: {}
[9.039770] (-) TimerEvent: {}
[9.142349] (-) TimerEvent: {}
[9.244550] (-) TimerEvent: {}
[9.349340] (-) TimerEvent: {}
[9.457355] (-) TimerEvent: {}
[9.561658] (-) TimerEvent: {}
[9.667639] (-) TimerEvent: {}
[9.770341] (-) TimerEvent: {}
[9.872854] (-) TimerEvent: {}
[9.978591] (-) TimerEvent: {}
[10.088967] (-) TimerEvent: {}
[10.191696] (-) TimerEvent: {}
[10.293747] (-) TimerEvent: {}
[10.397001] (-) TimerEvent: {}
[10.499148] (-) TimerEvent: {}
[10.601601] (-) TimerEvent: {}
[10.702333] (-) TimerEvent: {}
[10.802855] (-) TimerEvent: {}
[10.904675] (-) TimerEvent: {}
[11.005912] (-) TimerEvent: {}
[11.111013] (-) TimerEvent: {}
[11.214604] (-) TimerEvent: {}
[11.315350] (-) TimerEvent: {}
[11.416770] (-) TimerEvent: {}
[11.523054] (-) TimerEvent: {}
[11.623674] (-) TimerEvent: {}
[11.724672] (-) TimerEvent: {}
[11.825677] (-) TimerEvent: {}
[11.927753] (-) TimerEvent: {}
[12.029511] (-) TimerEvent: {}
[12.134162] (-) TimerEvent: {}
[12.237181] (-) TimerEvent: {}
[12.337795] (-) TimerEvent: {}
[12.438173] (-) TimerEvent: {}
[12.538590] (-) TimerEvent: {}
[12.638959] (-) TimerEvent: {}
[12.739480] (-) TimerEvent: {}
[12.840263] (-) TimerEvent: {}
[12.941126] (-) TimerEvent: {}
[13.046181] (-) TimerEvent: {}
[13.147165] (-) TimerEvent: {}
[13.248003] (-) TimerEvent: {}
[13.350017] (-) TimerEvent: {}
[13.452595] (-) TimerEvent: {}
[13.555184] (-) TimerEvent: {}
[13.659853] (-) TimerEvent: {}
[13.760255] (-) TimerEvent: {}
[13.860687] (-) TimerEvent: {}
[13.961106] (-) TimerEvent: {}
[14.061827] (-) TimerEvent: {}
[14.162358] (-) TimerEvent: {}
[14.263273] (-) TimerEvent: {}
[14.363837] (-) TimerEvent: {}
[14.466942] (-) TimerEvent: {}
[14.568163] (-) TimerEvent: {}
[14.669293] (-) TimerEvent: {}
[14.769722] (-) TimerEvent: {}
[14.865597] (speech_to_text_pkg) StderrLine: {'line': b'In file included from \x1b[01m\x1b[K/home/dredre/DevStuff/scrollDiary/speechToText/ros2Workspace/src/speech_to_text_pkg/include/speech_to_text_pkg/whisperPreProcess.hpp:9\x1b[m\x1b[K,\n'}
[14.865962] (speech_to_text_pkg) StderrLine: {'line': b'                 from \x1b[01m\x1b[K/home/dredre/DevStuff/scrollDiary/speechToText/ros2Workspace/src/speech_to_text_pkg/src/whisperPreProcessNode.cpp:1\x1b[m\x1b[K:\n'}
[14.866077] (speech_to_text_pkg) StderrLine: {'line': b'\x1b[01m\x1b[K/home/dredre/DevStuff/scrollDiary/speechToText/ros2Workspace/src/speech_to_text_pkg/src/vad.hpp:\x1b[m\x1b[K In constructor \xe2\x80\x98\x1b[01m\x1b[KLightweightVAD::\x1b[01;32m\x1b[KLightweightVAD\x1b[m\x1b[K(float, float, float, float, int)\x1b[m\x1b[K\xe2\x80\x99:\n'}
[14.866178] (speech_to_text_pkg) StderrLine: {'line': b'\x1b[01m\x1b[K/home/dredre/DevStuff/scrollDiary/speechToText/ros2Workspace/src/speech_to_text_pkg/src/vad.hpp:11:11:\x1b[m\x1b[K \x1b[01;35m\x1b[Kwarning: \x1b[m\x1b[K\xe2\x80\x98\x1b[01m\x1b[KLightweightVAD::noiseAdaptRate_\x1b[m\x1b[K\xe2\x80\x99 will be initialized after [\x1b[01;35m\x1b[K\x1b]8;;https://gcc.gnu.org/onlinedocs/gcc/Warning-Options.html#index-Wreorder\x07-Wreorder\x1b]8;;\x07\x1b[m\x1b[K]\n'}
[14.866274] (speech_to_text_pkg) StderrLine: {'line': b'   11 |     float \x1b[01;35m\x1b[KnoiseAdaptRate_\x1b[m\x1b[K;\n'}
[14.866365] (speech_to_text_pkg) StderrLine: {'line': b'      |           \x1b[01;35m\x1b[K^~~~~~~~~~~~~~~\x1b[m\x1b[K\n'}
[14.866468] (speech_to_text_pkg) StderrLine: {'line': b'\x1b[01m\x1b[K/home/dredre/DevStuff/scrollDiary/speechToText/ros2Workspace/src/speech_to_text_pkg/src/vad.hpp:10:11:\x1b[m\x1b[K \x1b[01;35m\x1b[Kwarning: \x1b[m\x1b[K  \xe2\x80\x98\x1b[01m\x1b[Kfloat LightweightVAD::speechMultiplier_\x1b[m\x1b[K\xe2\x80\x99 [\x1b[01;35m\x1b[K\x1b]8;;https://gcc.gnu.org/onlinedocs/gcc/Warning-Options.html#index-Wreorder\x07-Wreorder\x1b]8;;\x07\x1b[m\x1b[K]\n'}
[14.866565] (speech_to_text_pkg) StderrLine: {'line': b'   10 |     float \x1b[01;35m\x1b[KspeechMultiplier_\x1b[m\x1b[K;\n'}
[14.866650] (speech_to_text_pkg) StderrLine: {'line': b'      |           \x1b[01;35m\x1b[K^~~~~~~~~~~~~~~~~\x1b[m\x1b[K\n'}
[14.866738] (speech_to_text_pkg) StderrLine: {'line': b'\x1b[01m\x1b[K/home/dredre/DevStuff/scrollDiary/speechToText/ros2Workspace/src/speech_to_text_pkg/src/vad.hpp:18:5:\x1b[m\x1b[K \x1b[01;35m\x1b[Kwarning: \x1b[m\x1b[K  when initialized here [\x1b[01;35m\x1b[K\x1b]8;;https://gcc.gnu.org/onlinedocs/gcc/Warning-Options.html#index-Wreorder\x07-Wreorder\x1b]8;;\x07\x1b[m\x1b[K]\n'}
[14.866853] (speech_to_text_pkg) StderrLine: {'line': b'   18 |     \x1b[01;35m\x1b[KLightweightVAD\x1b[m\x1b[K(float noiseFloorIn = 0.01f, float noiseAdaptRateIn = 0.01f,\n'}
[14.866938] (speech_to_text_pkg) StderrLine: {'line': b'      |     \x1b[01;35m\x1b[K^~~~~~~~~~~~~~\x1b[m\x1b[K\n'}
[14.869780] (-) TimerEvent: {}
[14.970083] (-) TimerEvent: {}
[15.070728] (-) TimerEvent: {}
[15.171273] (-) TimerEvent: {}
[15.271808] (-) TimerEvent: {}
[15.372205] (-) TimerEvent: {}
[15.472680] (-) TimerEvent: {}
[15.573057] (-) TimerEvent: {}
[15.673483] (-) TimerEvent: {}
[15.773868] (-) TimerEvent: {}
[15.874285] (-) TimerEvent: {}
[15.974694] (-) TimerEvent: {}
[16.075097] (-) TimerEvent: {}
[16.175566] (-) TimerEvent: {}
[16.275955] (-) TimerEvent: {}
[16.376332] (-) TimerEvent: {}
[16.476776] (-) TimerEvent: {}
[16.577136] (-) TimerEvent: {}
[16.677515] (-) TimerEvent: {}
[16.777873] (-) TimerEvent: {}
[16.878234] (-) TimerEvent: {}
[16.978675] (-) TimerEvent: {}
[17.079029] (-) TimerEvent: {}
[17.179388] (-) TimerEvent: {}
[17.279771] (-) TimerEvent: {}
[17.380736] (-) TimerEvent: {}
[17.482655] (-) TimerEvent: {}
[17.584285] (-) TimerEvent: {}
[17.688203] (-) TimerEvent: {}
[17.789120] (-) TimerEvent: {}
[17.889576] (-) TimerEvent: {}
[17.990168] (-) TimerEvent: {}
[18.090598] (-) TimerEvent: {}
[18.191186] (-) TimerEvent: {}
[18.291589] (-) TimerEvent: {}
[18.391992] (-) TimerEvent: {}
[18.492780] (-) TimerEvent: {}
[18.593530] (-) TimerEvent: {}
[18.693964] (-) TimerEvent: {}
[18.794612] (-) TimerEvent: {}
[18.897455] (-) TimerEvent: {}
[18.998504] (-) TimerEvent: {}
[19.099148] (-) TimerEvent: {}
[19.200312] (-) TimerEvent: {}
[19.300820] (-) TimerEvent: {}
[19.401427] (-) TimerEvent: {}
[19.501850] (-) TimerEvent: {}
[19.602284] (-) TimerEvent: {}
[19.703018] (-) TimerEvent: {}
[19.803393] (-) TimerEvent: {}
[19.903787] (-) TimerEvent: {}
[20.004215] (-) TimerEvent: {}
[20.105011] (-) TimerEvent: {}
[20.205377] (-) TimerEvent: {}
[20.305793] (-) TimerEvent: {}
[20.406290] (-) TimerEvent: {}
[20.506895] (-) TimerEvent: {}
[20.607368] (-) TimerEvent: {}
[20.707977] (-) TimerEvent: {}
[20.808362] (-) TimerEvent: {}
[20.908772] (-) TimerEvent: {}
[21.009205] (-) TimerEvent: {}
[21.109599] (-) TimerEvent: {}
[21.209969] (-) TimerEvent: {}
[21.310353] (-) TimerEvent: {}
[21.410879] (-) TimerEvent: {}
[21.511992] (-) TimerEvent: {}
[21.612361] (-) TimerEvent: {}
[21.712761] (-) TimerEvent: {}
[21.813194] (-) TimerEvent: {}
[21.914195] (-) TimerEvent: {}
[22.014779] (-) TimerEvent: {}
[22.116124] (-) TimerEvent: {}
[22.216511] (-) TimerEvent: {}
[22.317010] (-) TimerEvent: {}
[22.417821] (-) TimerEvent: {}
[22.518830] (-) TimerEvent: {}
[22.619203] (-) TimerEvent: {}
[22.719648] (-) TimerEvent: {}
[22.820206] (-) TimerEvent: {}
[22.920602] (-) TimerEvent: {}
[23.020975] (-) TimerEvent: {}
[23.121350] (-) TimerEvent: {}
[23.221744] (-) TimerEvent: {}
[23.322114] (-) TimerEvent: {}
[23.422494] (-) TimerEvent: {}
[23.522932] (-) TimerEvent: {}
[23.623494] (-) TimerEvent: {}
[23.723858] (-) TimerEvent: {}
[23.824211] (-) TimerEvent: {}
[23.924587] (-) TimerEvent: {}
[24.024984] (-) TimerEvent: {}
[24.125354] (-) TimerEvent: {}
[24.226000] (-) TimerEvent: {}
[24.327033] (-) TimerEvent: {}
[24.427399] (-) TimerEvent: {}
[24.527793] (-) TimerEvent: {}
[24.628161] (-) TimerEvent: {}
[24.728528] (-) TimerEvent: {}
[24.828889] (-) TimerEvent: {}
[24.929239] (-) TimerEvent: {}
[25.029684] (-) TimerEvent: {}
[25.130119] (-) TimerEvent: {}
[25.230509] (-) TimerEvent: {}
[25.330870] (-) TimerEvent: {}
[25.431239] (-) TimerEvent: {}
[25.531624] (-) TimerEvent: {}
[25.631991] (-) TimerEvent: {}
[25.732338] (-) TimerEvent: {}
[25.832726] (-) TimerEvent: {}
[25.933103] (-) TimerEvent: {}
[26.033475] (-) TimerEvent: {}
[26.133838] (-) TimerEvent: {}
[26.234226] (-) TimerEvent: {}
[26.334620] (-) TimerEvent: {}
[26.435029] (-) TimerEvent: {}
[26.535403] (-) TimerEvent: {}
[26.635791] (-) TimerEvent: {}
[26.736154] (-) TimerEvent: {}
[26.836512] (-) TimerEvent: {}
[26.936887] (-) TimerEvent: {}
[27.037250] (-) TimerEvent: {}
[27.137637] (-) TimerEvent: {}
[27.238021] (-) TimerEvent: {}
[27.338391] (-) TimerEvent: {}
[27.438782] (-) TimerEvent: {}
[27.539138] (-) TimerEvent: {}
[27.639501] (-) TimerEvent: {}
[27.739853] (-) TimerEvent: {}
[27.840220] (-) TimerEvent: {}
[27.940602] (-) TimerEvent: {}
[28.040969] (-) TimerEvent: {}
[28.141363] (-) TimerEvent: {}
[28.241774] (-) TimerEvent: {}
[28.342134] (-) TimerEvent: {}
[28.442530] (-) TimerEvent: {}
[28.542904] (-) TimerEvent: {}
[28.643285] (-) TimerEvent: {}
[28.743670] (-) TimerEvent: {}
[28.844049] (-) TimerEvent: {}
[28.944452] (-) TimerEvent: {}
[29.044839] (-) TimerEvent: {}
[29.145218] (-) TimerEvent: {}
[29.245619] (-) TimerEvent: {}
[29.346022] (-) TimerEvent: {}
[29.446516] (-) TimerEvent: {}
[29.546927] (-) TimerEvent: {}
[29.647320] (-) TimerEvent: {}
[29.747725] (-) TimerEvent: {}
[29.848129] (-) TimerEvent: {}
[29.948518] (-) TimerEvent: {}
[30.048883] (-) TimerEvent: {}
[30.149268] (-) TimerEvent: {}
[30.249660] (-) TimerEvent: {}
[30.350029] (-) TimerEvent: {}
[30.450405] (-) TimerEvent: {}
[30.550814] (-) TimerEvent: {}
[30.651180] (-) TimerEvent: {}
[30.751546] (-) TimerEvent: {}
[30.851917] (-) TimerEvent: {}
[30.952304] (-) TimerEvent: {}
[31.052696] (-) TimerEvent: {}
[31.153076] (-) TimerEvent: {}
[31.253461] (-) TimerEvent: {}
[31.353831] (-) TimerEvent: {}
[31.454187] (-) TimerEvent: {}
[31.554574] (-) TimerEvent: {}
[31.654938] (-) TimerEvent: {}
[31.755319] (-) TimerEvent: {}
[31.855779] (-) TimerEvent: {}
[31.956151] (-) TimerEvent: {}
[32.056522] (-) TimerEvent: {}
[32.156889] (-) TimerEvent: {}
[32.257269] (-) TimerEvent: {}
[32.357672] (-) TimerEvent: {}
[32.458062] (-) TimerEvent: {}
[32.558470] (-) TimerEvent: {}
[32.658834] (-) TimerEvent: {}
[32.759217] (-) TimerEvent: {}
[32.859642] (-) TimerEvent: {}
[32.960045] (-) TimerEvent: {}
[33.060402] (-) TimerEvent: {}
[33.160793] (-) TimerEvent: {}
[33.261170] (-) TimerEvent: {}
[33.361546] (-) TimerEvent: {}
[33.461920] (-) TimerEvent: {}
[33.562287] (-) TimerEvent: {}
[33.662812] (-) TimerEvent: {}
[33.763257] (-) TimerEvent: {}
[33.863698] (-) TimerEvent: {}
[33.964072] (-) TimerEvent: {}
[34.064465] (-) TimerEvent: {}
[34.165161] (-) TimerEvent: {}
[34.266294] (-) TimerEvent: {}
[34.366691] (-) TimerEvent: {}
[34.467035] (-) TimerEvent: {}
[34.567398] (-) TimerEvent: {}
[34.667800] (-) TimerEvent: {}
[34.770771] (-) TimerEvent: {}
[34.875997] (-) TimerEvent: {}
[34.976368] (-) TimerEvent: {}
[35.076753] (-) TimerEvent: {}
[35.177124] (-) TimerEvent: {}
[35.277501] (-) TimerEvent: {}
[35.377878] (-) TimerEvent: {}
[35.478239] (-) TimerEvent: {}
[35.578630] (-) TimerEvent: {}
[35.679073] (-) TimerEvent: {}
[35.779573] (-) TimerEvent: {}
[35.879979] (-) TimerEvent: {}
[35.980418] (-) TimerEvent: {}
[36.070384] (speech_to_text_pkg) StdoutLine: {'line': b'[100%] \x1b[32m\x1b[1mLinking CXX executable transcription_pre_process_node\x1b[0m\n'}
[36.080533] (-) TimerEvent: {}
[36.180967] (-) TimerEvent: {}
[36.281500] (-) TimerEvent: {}
[36.382258] (-) TimerEvent: {}
[36.468643] (speech_to_text_pkg) StdoutLine: {'line': b'[100%] Built target transcription_pre_process_node\n'}
[36.482413] (-) TimerEvent: {}
[36.499048] (speech_to_text_pkg) CommandEnded: {'returncode': 0}
[36.503459] (speech_to_text_pkg) JobProgress: {'identifier': 'speech_to_text_pkg', 'progress': 'install'}
[36.503709] (speech_to_text_pkg) Command: {'cmd': ['/usr/local/bin/cmake', '--install', '/home/dredre/DevStuff/scrollDiary/speechToText/ros2Workspace/build/speech_to_text_pkg'], 'cwd': '/home/dredre/DevStuff/scrollDiary/speechToText/ros2Workspace/build/speech_to_text_pkg', 'env': OrderedDict({'LESSOPEN': '| /usr/bin/lesspipe %s', 'USER': 'dredre', 'GZ_CONFIG_PATH': '/opt/ros/jazzy/opt/sdformat_vendor/share/gz', 'XDG_SESSION_TYPE': 'wayland', 'CLUTTER_DISABLE_MIPMAPPED_TEXT': '1', 'SHLVL': '1', 'LD_LIBRARY_PATH': '/home/dredre/DevStuff/scrollDiary/speechToText/ros2Workspace/install/speech_to_text_interfaces/lib:/home/dredre/DevStuff/scrollDiary/speechToText/ros2Workspace/install/speech_to_text_pkg/lib:/opt/ros/jazzy/opt/sdformat_vendor/lib:/opt/ros/jazzy/opt/rviz_ogre_vendor/lib:/opt/ros/jazzy/lib/aarch64-linux-gnu:/opt/ros/jazzy/opt/gz_math_vendor/lib:/opt/ros/jazzy/opt/gz_utils_vendor/lib:/opt/ros/jazzy/opt/gz_tools_vendor/lib:/opt/ros/jazzy/opt/gz_cmake_vendor/lib:/opt/ros/jazzy/lib', 'HOME': '/home/dredre', 'DESKTOP_SESSION': 'ubuntu', 'ROS_PYTHON_VERSION': '3', 'GNOME_SHELL_SESSION_MODE': 'ubuntu', 'GTK_MODULES': 'gail:atk-bridge', 'SYSTEMD_EXEC_PID': '25429', 'GSM_SKIP_SSH_AGENT_WORKAROUND': 'true', 'DBUS_SESSION_BUS_ADDRESS': 'unix:path=/run/user/1000/bus', 'COLORTERM': 'truecolor', 'DEBUGINFOD_URLS': 'https://debuginfod.ubuntu.com', 'IM_CONFIG_PHASE': '1', 'WAYLAND_DISPLAY': 'wayland-0', 'COLCON_PREFIX_PATH': '/home/dredre/DevStuff/scrollDiary/speechToText/ros2Workspace/install', 'ROS_DISTRO': 'jazzy', 'LOGNAME': 'dredre', '_': '/usr/bin/colcon', 'ROS_VERSION': '2', 'MEMORY_PRESSURE_WATCH': '/sys/fs/cgroup/user.slice/user-1000.slice/user@1000.service/session.slice/org.gnome.Shell@wayland.service/memory.pressure', 'XDG_SESSION_CLASS': 'user', 'USERNAME': 'dredre', 'TERM': 'xterm-256color', 'GNOME_DESKTOP_SESSION_ID': 'this-is-deprecated', 'PATH': '/opt/ros/jazzy/opt/gz_tools_vendor/bin:/opt/ros/jazzy/bin:/home/dredre/.local/bin:/usr/local/sbin:/usr/local/bin:/usr/sbin:/usr/bin:/sbin:/bin:/usr/games:/usr/local/games:/snap/bin:/snap/bin:/home/dredre/.local/bin', 'SESSION_MANAGER': 'local/dredre-desktop:@/tmp/.ICE-unix/25400,unix/dredre-desktop:/tmp/.ICE-unix/25400', 'XDG_MENU_PREFIX': 'gnome-', 'GNOME_TERMINAL_SCREEN': '/org/gnome/Terminal/screen/9bdb21a1_b945_47ed_b57d_6a0b7c63b1ef', 'GNOME_SETUP_DISPLAY': ':1', 'XDG_RUNTIME_DIR': '/run/user/1000', 'DISPLAY': ':0', 'LANG': 'C.UTF-8', 'XDG_CURRENT_DESKTOP': 'ubuntu:GNOME', 'XMODIFIERS': '@im=ibus', 'XDG_SESSION_DESKTOP': 'ubuntu', 'XAUTHORITY': '/run/user/1000/.mutter-Xwaylandauth.5Z7NP3', 'LS_COLORS': 'rs=0:di=01;34:ln=01;36:mh=00:pi=40;33:so=01;35:do=01;35:bd=40;33;01:cd=40;33;01:or=40;31;01:mi=00:su=37;41:sg=30;43:ca=00:tw=30;42:ow=34;42:st=37;44:ex=01;32:*.tar=01;31:*.tgz=01;31:*.arc=01;31:*.arj=01;31:*.taz=01;31:*.lha=01;31:*.lz4=01;31:*.lzh=01;31:*.lzma=01;31:*.tlz=01;31:*.txz=01;31:*.tzo=01;31:*.t7z=01;31:*.zip=01;31:*.z=01;31:*.dz=01;31:*.gz=01;31:*.lrz=01;31:*.lz=01;31:*.lzo=01;31:*.xz=01;31:*.zst=01;31:*.tzst=01;31:*.bz2=01;31:*.bz=01;31:*.tbz=01;31:*.tbz2=01;31:*.tz=01;31:*.deb=01;31:*.rpm=01;31:*.jar=01;31:*.war=01;31:*.ear=01;31:*.sar=01;31:*.rar=01;31:*.alz=01;31:*.ace=01;31:*.zoo=01;31:*.cpio=01;31:*.7z=01;31:*.rz=01;31:*.cab=01;31:*.wim=01;31:*.swm=01;31:*.dwm=01;31:*.esd=01;31:*.avif=01;35:*.jpg=01;35:*.jpeg=01;35:*.mjpg=01;35:*.mjpeg=01;35:*.gif=01;35:*.bmp=01;35:*.pbm=01;35:*.pgm=01;35:*.ppm=01;35:*.tga=01;35:*.xbm=01;35:*.xpm=01;35:*.tif=01;35:*.tiff=01;35:*.png=01;35:*.svg=01;35:*.svgz=01;35:*.mng=01;35:*.pcx=01;35:*.mov=01;35:*.mpg=01;35:*.mpeg=01;35:*.m2v=01;35:*.mkv=01;35:*.webm=01;35:*.webp=01;35:*.ogm=01;35:*.mp4=01;35:*.m4v=01;35:*.mp4v=01;35:*.vob=01;35:*.qt=01;35:*.nuv=01;35:*.wmv=01;35:*.asf=01;35:*.rm=01;35:*.rmvb=01;35:*.flc=01;35:*.avi=01;35:*.fli=01;35:*.flv=01;35:*.gl=01;35:*.dl=01;35:*.xcf=01;35:*.xwd=01;35:*.yuv=01;35:*.cgm=01;35:*.emf=01;35:*.ogv=01;35:*.ogx=01;35:*.aac=00;36:*.au=00;36:*.flac=00;36:*.m4a=00;36:*.mid=00;36:*.midi=00;36:*.mka=00;36:*.mp3=00;36:*.mpc=00;36:*.ogg=00;36:*.ra=00;36:*.wav=00;36:*.oga=00;36:*.opus=00;36:*.spx=00;36:*.xspf=00;36:*~=00;90:*#=00;90:*.bak=00;90:*.crdownload=00;90:*.dpkg-dist=00;90:*.dpkg-new=00;90:*.dpkg-old=00;90:*.dpkg-tmp=00;90:*.old=00;90:*.orig=00;90:*.part=00;90:*.rej=00;90:*.rpmnew=00;90:*.rpmorig=00;90:*.rpmsave=00;90:*.swp=00;90:*.tmp=00;90:*.ucf-dist=00;90:*.ucf-new=00;90:*.ucf-old=00;90:', 'GNOME_TERMINAL_SERVICE': ':1.98', 'SSH_AUTH_SOCK': '/run/user/1000/keyring/ssh', 'ROS_DOMAIN_ID': '1', 'AMENT_PREFIX_PATH': '/home/dredre/DevStuff/scrollDiary/speechToText/ros2Workspace/install/printer_pkg:/home/dredre/DevStuff/scrollDiary/speechToText/ros2Workspace/install/speech_to_text_pkg:/home/dredre/DevStuff/scrollDiary/speechToText/ros2Workspace/install/speech_to_text_interfaces:/opt/ros/jazzy', 'SHELL': '/bin/bash', 'QT_ACCESSIBILITY': '1', 'GDMSESSION': 'ubuntu', 'LESSCLOSE': '/usr/bin/lesspipe %s %s', 'ROS_AUTOMATIC_DISCOVERY_RANGE': 'SUBNET', 'QT_IM_MODULE': 'ibus', 'PWD': '/home/dredre/DevStuff/scrollDiary/speechToText/ros2Workspace/build/speech_to_text_pkg', 'XDG_CONFIG_DIRS': '/etc/xdg/xdg-ubuntu:/etc/xdg', 'XDG_DATA_DIRS': '/usr/share/ubuntu:/usr/share/gnome:/usr/local/share/:/usr/share/:/var/lib/snapd/desktop', 'PYTHONPATH': '/home/dredre/DevStuff/scrollDiary/speechToText/ros2Workspace/install/speech_to_text_interfaces/lib/python3.12/site-packages:/opt/ros/jazzy/lib/python3.12/site-packages', 'COLCON': '1', 'MEMORY_PRESSURE_WRITE': 'c29tZSAyMDAwMDAgMjAwMDAwMAA=', 'VTE_VERSION': '7600', 'CMAKE_PREFIX_PATH': '/home/dredre/DevStuff/scrollDiary/speechToText/ros2Workspace/install/speech_to_text_interfaces:/home/dredre/DevStuff/scrollDiary/speechToText/ros2Workspace/install/printer_pkg:/home/dredre/DevStuff/scrollDiary/speechToText/ros2Workspace/install/speech_to_text_pkg:/opt/ros/jazzy/opt/sdformat_vendor:/opt/ros/jazzy/opt/gz_math_vendor:/opt/ros/jazzy/opt/gz_utils_vendor:/opt/ros/jazzy/opt/gz_tools_vendor:/opt/ros/jazzy/opt/gz_cmake_vendor:/opt/ros/jazzy'}), 'shell': False}
[36.516336] (speech_to_text_pkg) StdoutLine: {'line': b'-- Install configuration: "Release"\n'}
[36.517633] (speech_to_text_pkg) StdoutLine: {'line': b'-- Installing: /home/dredre/DevStuff/scrollDiary/speechToText/ros2Workspace/install/speech_to_text_pkg/lib/speech_to_text_pkg/transcription_pre_process_node\n'}
[36.522825] (speech_to_text_pkg) StdoutLine: {'line': b'-- Set non-toolchain portion of runtime path of "/home/dredre/DevStuff/scrollDiary/speechToText/ros2Workspace/install/speech_to_text_pkg/lib/speech_to_text_pkg/transcription_pre_process_node" to ""\n'}
[36.523513] (speech_to_text_pkg) StdoutLine: {'line': b'-- Up-to-date: /home/dredre/DevStuff/scrollDiary/speechToText/ros2Workspace/install/speech_to_text_pkg/lib/speech_to_text_pkg/audio_capture_node\n'}
[36.523832] (speech_to_text_pkg) StdoutLine: {'line': b'-- Up-to-date: /home/dredre/DevStuff/scrollDiary/speechToText/ros2Workspace/install/speech_to_text_pkg/lib/speech_to_text_pkg/whisper_transcription_node\n'}
[36.524147] (speech_to_text_pkg) StdoutLine: {'line': b'-- Up-to-date: /home/dredre/DevStuff/scrollDiary/speechToText/ros2Workspace/install/speech_to_text_pkg/lib/speech_to_text_pkg/wakeWordNode.py\n'}
[36.526719] (speech_to_text_pkg) StdoutLine: {'line': b'-- Up-to-date: /home/dredre/DevStuff/scrollDiary/speechToText/ros2Workspace/install/speech_to_text_pkg/share/ament_index/resource_index/package_run_dependencies/speech_to_text_pkg\n'}
[36.526934] (speech_to_text_pkg) StdoutLine: {'line': b'-- Up-to-date: /home/dredre/DevStuff/scrollDiary/speechToText/ros2Workspace/install/speech_to_text_pkg/share/ament_index/resource_index/parent_prefix_path/speech_to_text_pkg\n'}
[36.527303] (speech_to_text_pkg) StdoutLine: {'line': b'-- Up-to-date: /home/dredre/DevStuff/scrollDiary/speechToText/ros2Workspace/install/speech_to_text_pkg/share/speech_to_text_pkg/environment/ament_prefix_path.sh\n'}
[36.527599] (speech_to_text_pkg) StdoutLine: {'line': b'-- Up-to-date: /home/dredre/DevStuff/scrollDiary/speechToText/ros2Workspace/install/speech_to_text_pkg/share/speech_to_text_pkg/environment/ament_prefix_path.dsv\n'}
[36.527809] (speech_to_text_pkg) StdoutLine: {'line': b'-- Up-to-date: /home/dredre/DevStuff/scrollDiary/speechToText/ros2Workspace/install/speech_to_text_pkg/share/speech_to_text_pkg/environment/path.sh\n'}
[36.528011] (speech_to_text_pkg) StdoutLine: {'line': b'-- Up-to-date: /home/dredre/DevStuff/scrollDiary/speechToText/ros2Workspace/install/speech_to_text_pkg/share/speech_to_text_pkg/environment/path.dsv\n'}
[36.528171] (speech_to_text_pkg) StdoutLine: {'line': b'-- Up-to-date: /home/dredre/DevStuff/scrollDiary/speechToText/ros2Workspace/install/speech_to_text_pkg/share/speech_to_text_pkg/local_setup.bash\n'}
[36.528422] (speech_to_text_pkg) StdoutLine: {'line': b'-- Up-to-date: /home/dredre/DevStuff/scrollDiary/speechToText/ros2Workspace/install/speech_to_text_pkg/share/speech_to_text_pkg/local_setup.sh\n'}
[36.528630] (speech_to_text_pkg) StdoutLine: {'line': b'-- Up-to-date: /home/dredre/DevStuff/scrollDiary/speechToText/ros2Workspace/install/speech_to_text_pkg/share/speech_to_text_pkg/local_setup.zsh\n'}
[36.528786] (speech_to_text_pkg) StdoutLine: {'line': b'-- Up-to-date: /home/dredre/DevStuff/scrollDiary/speechToText/ros2Workspace/install/speech_to_text_pkg/share/speech_to_text_pkg/local_setup.dsv\n'}
[36.531289] (speech_to_text_pkg) StdoutLine: {'line': b'-- Installing: /home/dredre/DevStuff/scrollDiary/speechToText/ros2Workspace/install/speech_to_text_pkg/share/speech_to_text_pkg/package.dsv\n'}
[36.531562] (speech_to_text_pkg) StdoutLine: {'line': b'-- Up-to-date: /home/dredre/DevStuff/scrollDiary/speechToText/ros2Workspace/install/speech_to_text_pkg/share/ament_index/resource_index/packages/speech_to_text_pkg\n'}
[36.531746] (speech_to_text_pkg) StdoutLine: {'line': b'-- Up-to-date: /home/dredre/DevStuff/scrollDiary/speechToText/ros2Workspace/install/speech_to_text_pkg/share/speech_to_text_pkg/cmake/speech_to_text_pkgConfig.cmake\n'}
[36.531900] (speech_to_text_pkg) StdoutLine: {'line': b'-- Up-to-date: /home/dredre/DevStuff/scrollDiary/speechToText/ros2Workspace/install/speech_to_text_pkg/share/speech_to_text_pkg/cmake/speech_to_text_pkgConfig-version.cmake\n'}
[36.532066] (speech_to_text_pkg) StdoutLine: {'line': b'-- Up-to-date: /home/dredre/DevStuff/scrollDiary/speechToText/ros2Workspace/install/speech_to_text_pkg/share/speech_to_text_pkg/package.xml\n'}
[36.532202] (speech_to_text_pkg) StdoutLine: {'line': b'-- Up-to-date: /home/dredre/DevStuff/scrollDiary/speechToText/ros2Workspace/install/speech_to_text_pkg/lib/libwhisper.so.1.8.3\n'}
[36.532378] (speech_to_text_pkg) StdoutLine: {'line': b'-- Up-to-date: /home/dredre/DevStuff/scrollDiary/speechToText/ros2Workspace/install/speech_to_text_pkg/lib/libwhisper.so.1\n'}
[36.532565] (speech_to_text_pkg) StdoutLine: {'line': b'-- Up-to-date: /home/dredre/DevStuff/scrollDiary/speechToText/ros2Workspace/install/speech_to_text_pkg/lib/libwhisper.so\n'}
[36.538214] (speech_to_text_pkg) StdoutLine: {'line': b'-- Up-to-date: /home/dredre/DevStuff/scrollDiary/speechToText/ros2Workspace/install/speech_to_text_pkg/include/whisper.h\n'}
[36.538552] (speech_to_text_pkg) StdoutLine: {'line': b'-- Up-to-date: /home/dredre/DevStuff/scrollDiary/speechToText/ros2Workspace/install/speech_to_text_pkg/lib/cmake/whisper/whisper-config.cmake\n'}
[36.538765] (speech_to_text_pkg) StdoutLine: {'line': b'-- Up-to-date: /home/dredre/DevStuff/scrollDiary/speechToText/ros2Workspace/install/speech_to_text_pkg/lib/cmake/whisper/whisper-version.cmake\n'}
[36.538875] (speech_to_text_pkg) StdoutLine: {'line': b'-- Up-to-date: /home/dredre/DevStuff/scrollDiary/speechToText/ros2Workspace/install/speech_to_text_pkg/lib/pkgconfig/whisper.pc\n'}
[36.538967] (speech_to_text_pkg) StdoutLine: {'line': b'-- Up-to-date: /home/dredre/DevStuff/scrollDiary/speechToText/ros2Workspace/install/speech_to_text_pkg/lib/libggml-cpu.so.0.9.5\n'}
[36.539052] (speech_to_text_pkg) StdoutLine: {'line': b'-- Up-to-date: /home/dredre/DevStuff/scrollDiary/speechToText/ros2Workspace/install/speech_to_text_pkg/lib/libggml-cpu.so.0\n'}
[36.539140] (speech_to_text_pkg) StdoutLine: {'line': b'-- Up-to-date: /home/dredre/DevStuff/scrollDiary/speechToText/ros2Workspace/install/speech_to_text_pkg/lib/libggml-cpu.so\n'}
[36.539224] (speech_to_text_pkg) StdoutLine: {'line': b'-- Up-to-date: /home/dredre/DevStuff/scrollDiary/speechToText/ros2Workspace/install/speech_to_text_pkg/lib/libggml.so.0.9.5\n'}
[36.539306] (speech_to_text_pkg) StdoutLine: {'line': b'-- Up-to-date: /home/dredre/DevStuff/scrollDiary/speechToText/ros2Workspace/install/speech_to_text_pkg/lib/libggml.so.0\n'}
[36.539385] (speech_to_text_pkg) StdoutLine: {'line': b'-- Up-to-date: /home/dredre/DevStuff/scrollDiary/speechToText/ros2Workspace/install/speech_to_text_pkg/lib/libggml.so\n'}
[36.539519] (speech_to_text_pkg) StdoutLine: {'line': b'-- Up-to-date: /home/dredre/DevStuff/scrollDiary/speechToText/ros2Workspace/install/speech_to_text_pkg/include/ggml.h\n'}
[36.542343] (speech_to_text_pkg) StdoutLine: {'line': b'-- Up-to-date: /home/dredre/DevStuff/scrollDiary/speechToText/ros2Workspace/install/speech_to_text_pkg/include/ggml-cpu.h\n'}
[36.545875] (speech_to_text_pkg) StdoutLine: {'line': b'-- Up-to-date: /home/dredre/DevStuff/scrollDiary/speechToText/ros2Workspace/install/speech_to_text_pkg/include/ggml-alloc.h\n'}
[36.546149] (speech_to_text_pkg) StdoutLine: {'line': b'-- Up-to-date: /home/dredre/DevStuff/scrollDiary/speechToText/ros2Workspace/install/speech_to_text_pkg/include/ggml-backend.h\n'}
[36.546285] (speech_to_text_pkg) StdoutLine: {'line': b'-- Up-to-date: /home/dredre/DevStuff/scrollDiary/speechToText/ros2Workspace/install/speech_to_text_pkg/include/ggml-blas.h\n'}
[36.546396] (speech_to_text_pkg) StdoutLine: {'line': b'-- Up-to-date: /home/dredre/DevStuff/scrollDiary/speechToText/ros2Workspace/install/speech_to_text_pkg/include/ggml-cann.h\n'}
[36.546564] (speech_to_text_pkg) StdoutLine: {'line': b'-- Up-to-date: /home/dredre/DevStuff/scrollDiary/speechToText/ros2Workspace/install/speech_to_text_pkg/include/ggml-cpp.h\n'}
[36.546781] (speech_to_text_pkg) StdoutLine: {'line': b'-- Up-to-date: /home/dredre/DevStuff/scrollDiary/speechToText/ros2Workspace/install/speech_to_text_pkg/include/ggml-cuda.h\n'}
[36.546946] (speech_to_text_pkg) StdoutLine: {'line': b'-- Up-to-date: /home/dredre/DevStuff/scrollDiary/speechToText/ros2Workspace/install/speech_to_text_pkg/include/ggml-opt.h\n'}
[36.547158] (speech_to_text_pkg) StdoutLine: {'line': b'-- Up-to-date: /home/dredre/DevStuff/scrollDiary/speechToText/ros2Workspace/install/speech_to_text_pkg/include/ggml-metal.h\n'}
[36.547381] (speech_to_text_pkg) StdoutLine: {'line': b'-- Up-to-date: /home/dredre/DevStuff/scrollDiary/speechToText/ros2Workspace/install/speech_to_text_pkg/include/ggml-rpc.h\n'}
[36.547631] (speech_to_text_pkg) StdoutLine: {'line': b'-- Up-to-date: /home/dredre/DevStuff/scrollDiary/speechToText/ros2Workspace/install/speech_to_text_pkg/include/ggml-sycl.h\n'}
[36.547797] (speech_to_text_pkg) StdoutLine: {'line': b'-- Up-to-date: /home/dredre/DevStuff/scrollDiary/speechToText/ros2Workspace/install/speech_to_text_pkg/include/ggml-vulkan.h\n'}
[36.547928] (speech_to_text_pkg) StdoutLine: {'line': b'-- Up-to-date: /home/dredre/DevStuff/scrollDiary/speechToText/ros2Workspace/install/speech_to_text_pkg/include/ggml-webgpu.h\n'}
[36.548045] (speech_to_text_pkg) StdoutLine: {'line': b'-- Up-to-date: /home/dredre/DevStuff/scrollDiary/speechToText/ros2Workspace/install/speech_to_text_pkg/include/ggml-zendnn.h\n'}
[36.548154] (speech_to_text_pkg) StdoutLine: {'line': b'-- Up-to-date: /home/dredre/DevStuff/scrollDiary/speechToText/ros2Workspace/install/speech_to_text_pkg/include/gguf.h\n'}
[36.548284] (speech_to_text_pkg) StdoutLine: {'line': b'-- Up-to-date: /home/dredre/DevStuff/scrollDiary/speechToText/ros2Workspace/install/speech_to_text_pkg/lib/libggml-base.so.0.9.5\n'}
[36.548405] (speech_to_text_pkg) StdoutLine: {'line': b'-- Up-to-date: /home/dredre/DevStuff/scrollDiary/speechToText/ros2Workspace/install/speech_to_text_pkg/lib/libggml-base.so.0\n'}
[36.550819] (speech_to_text_pkg) StdoutLine: {'line': b'-- Up-to-date: /home/dredre/DevStuff/scrollDiary/speechToText/ros2Workspace/install/speech_to_text_pkg/lib/libggml-base.so\n'}
[36.550999] (speech_to_text_pkg) StdoutLine: {'line': b'-- Up-to-date: /home/dredre/DevStuff/scrollDiary/speechToText/ros2Workspace/install/speech_to_text_pkg/lib/cmake/ggml/ggml-config.cmake\n'}
[36.551104] (speech_to_text_pkg) StdoutLine: {'line': b'-- Up-to-date: /home/dredre/DevStuff/scrollDiary/speechToText/ros2Workspace/install/speech_to_text_pkg/lib/cmake/ggml/ggml-version.cmake\n'}
[36.551194] (speech_to_text_pkg) CommandEnded: {'returncode': 0}
[36.582521] (-) TimerEvent: {}
[36.593254] (speech_to_text_pkg) JobEnded: {'identifier': 'speech_to_text_pkg', 'rc': 0}
[36.596321] (printer_pkg) JobStarted: {'identifier': 'printer_pkg'}
[36.623189] (printer_pkg) JobProgress: {'identifier': 'printer_pkg', 'progress': 'cmake'}
[36.624519] (printer_pkg) JobProgress: {'identifier': 'printer_pkg', 'progress': 'build'}
[36.624932] (printer_pkg) Command: {'cmd': ['/usr/local/bin/cmake', '--build', '/home/dredre/DevStuff/scrollDiary/speechToText/ros2Workspace/build/printer_pkg', '--', '-j4', '-l4'], 'cwd': '/home/dredre/DevStuff/scrollDiary/speechToText/ros2Workspace/build/printer_pkg', 'env': OrderedDict({'LESSOPEN': '| /usr/bin/lesspipe %s', 'USER': 'dredre', 'GZ_CONFIG_PATH': '/opt/ros/jazzy/opt/sdformat_vendor/share/gz', 'XDG_SESSION_TYPE': 'wayland', 'CLUTTER_DISABLE_MIPMAPPED_TEXT': '1', 'SHLVL': '1', 'LD_LIBRARY_PATH': '/home/dredre/DevStuff/scrollDiary/speechToText/ros2Workspace/install/speech_to_text_pkg/lib:/home/dredre/DevStuff/scrollDiary/speechToText/ros2Workspace/install/speech_to_text_interfaces/lib:/opt/ros/jazzy/opt/sdformat_vendor/lib:/opt/ros/jazzy/opt/rviz_ogre_vendor/lib:/opt/ros/jazzy/lib/aarch64-linux-gnu:/opt/ros/jazzy/opt/gz_math_vendor/lib:/opt/ros/jazzy/opt/gz_utils_vendor/lib:/opt/ros/jazzy/opt/gz_tools_vendor/lib:/opt/ros/jazzy/opt/gz_cmake_vendor/lib:/opt/ros/jazzy/lib', 'HOME': '/home/dredre', 'DESKTOP_SESSION': 'ubuntu', 'ROS_PYTHON_VERSION': '3', 'GNOME_SHELL_SESSION_MODE': 'ubuntu', 'GTK_MODULES': 'gail:atk-bridge', 'SYSTEMD_EXEC_PID': '25429', 'GSM_SKIP_SSH_AGENT_WORKAROUND': 'true', 'DBUS_SESSION_BUS_ADDRESS': 'unix:path=/run/user/1000/bus', 'COLORTERM': 'truecolor', 'DEBUGINFOD_URLS': 'https://debuginfod.ubuntu.com', 'IM_CONFIG_PHASE': '1', 'WAYLAND_DISPLAY': 'wayland-0', 'COLCON_PREFIX_PATH': '/home/dredre/DevStuff/scrollDiary/speechToText/ros2Workspace/install', 'ROS_DISTRO': 'jazzy', 'LOGNAME': 'dredre', '_': '/usr/bin/colcon', 'ROS_VERSION': '2', 'MEMORY_PRESSURE_WATCH': '/sys/fs/cgroup/user.slice/user-1000.slice/user@1000.service/session.slice/org.gnome.Shell@wayland.service/memory.pressure', 'XDG_SESSION_CLASS': 'user', 'USERNAME': 'dredre', 'TERM': 'xterm-256color', 'GNOME_DESKTOP_SESSION_ID': 'this-is-deprecated', 'PATH': '/opt/ros/jazzy/opt/gz_tools_vendor/bin:/opt/ros/jazzy/bin:/home/dredre/.local/bin:/usr/local/sbin:/usr/local/bin:/usr/sbin:/usr/bin:/sbin:/bin:/usr/games:/usr/local/games:/snap/bin:/snap/bin:/home/dredre/.local/bin', 'SESSION_MANAGER': 'local/dredre-desktop:@/tmp/.ICE-unix/25400,unix/dredre-desktop:/tmp/.ICE-unix/25400', 'XDG_MENU_PREFIX': 'gnome-', 'GNOME_TERMINAL_SCREEN': '/org/gnome/Terminal/screen/9bdb21a1_b945_47ed_b57d_6a0b7c63b1ef', 'GNOME_SETUP_DISPLAY': ':1', 'XDG_RUNTIME_DIR': '/run/user/1000', 'DISPLAY': ':0', 'LANG': 'C.UTF-8', 'XDG_CURRENT_DESKTOP': 'ubuntu:GNOME', 'XMODIFIERS': '@im=ibus', 'XDG_SESSION_DESKTOP': 'ubuntu', 'XAUTHORITY': '/run/user/1000/.mutter-Xwaylandauth.5Z7NP3', 'LS_COLORS': 'rs=0:di=01;34:ln=01;36:mh=00:pi=40;33:so=01;35:do=01;35:bd=40;33;01:cd=40;33;01:or=40;31;01:mi=00:su=37;41:sg=30;43:ca=00:tw=30;42:ow=34;42:st=37;44:ex=01;32:*.tar=01;31:*.tgz=01;31:*.arc=01;31:*.arj=01;31:*.taz=01;31:*.lha=01;31:*.lz4=01;31:*.lzh=01;31:*.lzma=01;31:*.tlz=01;31:*.txz=01;31:*.tzo=01;31:*.t7z=01;31:*.zip=01;31:*.z=01;31:*.dz=01;31:*.gz=01;31:*.lrz=01;31:*.lz=01;31:*.lzo=01;31:*.xz=01;31:*.zst=01;31:*.tzst=01;31:*.bz2=01;31:*.bz=01;31:*.tbz=01;31:*.tbz2=01;31:*.tz=01;31:*.deb=01;31:*.rpm=01;31:*.jar=01;31:*.war=01;31:*.ear=01;31:*.sar=01;31:*.rar=01;31:*.alz=01;31:*.ace=01;31:*.zoo=01;31:*.cpio=01;31:*.7z=01;31:*.rz=01;31:*.cab=01;31:*.wim=01;31:*.swm=01;31:*.dwm=01;31:*.esd=01;31:*.avif=01;35:*.jpg=01;35:*.jpeg=01;35:*.mjpg=01;35:*.mjpeg=01;35:*.gif=01;35:*.bmp=01;35:*.pbm=01;35:*.pgm=01;35:*.ppm=01;35:*.tga=01;35:*.xbm=01;35:*.xpm=01;35:*.tif=01;35:*.tiff=01;35:*.png=01;35:*.svg=01;35:*.svgz=01;35:*.mng=01;35:*.pcx=01;35:*.mov=01;35:*.mpg=01;35:*.mpeg=01;35:*.m2v=01;35:*.mkv=01;35:*.webm=01;35:*.webp=01;35:*.ogm=01;35:*.mp4=01;35:*.m4v=01;35:*.mp4v=01;35:*.vob=01;35:*.qt=01;35:*.nuv=01;35:*.wmv=01;35:*.asf=01;35:*.rm=01;35:*.rmvb=01;35:*.flc=01;35:*.avi=01;35:*.fli=01;35:*.flv=01;35:*.gl=01;35:*.dl=01;35:*.xcf=01;35:*.xwd=01;35:*.yuv=01;35:*.cgm=01;35:*.emf=01;35:*.ogv=01;35:*.ogx=01;35:*.aac=00;36:*.au=00;36:*.flac=00;36:*.m4a=00;36:*.mid=00;36:*.midi=00;36:*.mka=00;36:*.mp3=00;36:*.mpc=00;36:*.ogg=00;36:*.ra=00;36:*.wav=00;36:*.oga=00;36:*.opus=00;36:*.spx=00;36:*.xspf=00;36:*~=00;90:*#=00;90:*.bak=00;90:*.crdownload=00;90:*.dpkg-dist=00;90:*.dpkg-new=00;90:*.dpkg-old=00;90:*.dpkg-tmp=00;90:*.old=00;90:*.orig=00;90:*.part=00;90:*.rej=00;90:*.rpmnew=00;90:*.rpmorig=00;90:*.rpmsave=00;90:*.swp=00;90:*.tmp=00;90:*.ucf-dist=00;90:*.ucf-new=00;90:*.ucf-old=00;90:', 'GNOME_TERMINAL_SERVICE': ':1.98', 'SSH_AUTH_SOCK': '/run/user/1000/keyring/ssh', 'ROS_DOMAIN_ID': '1', 'AMENT_PREFIX_PATH': '/home/dredre/DevStuff/scrollDiary/speechToText/ros2Workspace/install/printer_pkg:/home/dredre/DevStuff/scrollDiary/speechToText/ros2Workspace/install/speech_to_text_pkg:/home/dredre/DevStuff/scrollDiary/speechToText/ros2Workspace/install/speech_to_text_interfaces:/opt/ros/jazzy', 'SHELL': '/bin/bash', 'QT_ACCESSIBILITY': '1', 'GDMSESSION': 'ubuntu', 'LESSCLOSE': '/usr/bin/lesspipe %s %s', 'ROS_AUTOMATIC_DISCOVERY_RANGE': 'SUBNET', 'QT_IM_MODULE': 'ibus', 'PWD': '/home/dredre/DevStuff/scrollDiary/speechToText/ros2Workspace/build/printer_pkg', 'XDG_CONFIG_DIRS': '/etc/xdg/xdg-ubuntu:/etc/xdg', 'XDG_DATA_DIRS': '/usr/share/ubuntu:/usr/share/gnome:/usr/local/share/:/usr/share/:/var/lib/snapd/desktop', 'PYTHONPATH': '/home/dredre/DevStuff/scrollDiary/speechToText/ros2Workspace/install/speech_to_text_interfaces/lib/python3.12/site-packages:/opt/ros/jazzy/lib/python3.12/site-packages', 'COLCON': '1', 'MEMORY_PRESSURE_WRITE': 'c29tZSAyMDAwMDAgMjAwMDAwMAA=', 'VTE_VERSION': '7600', 'CMAKE_PREFIX_PATH': '/home/dredre/DevStuff/scrollDiary/speechToText/ros2Workspace/install/speech_to_text_pkg:/home/dredre/DevStuff/scrollDiary/speechToText/ros2Workspace/install/speech_to_text_interfaces:/home/dredre/DevStuff/scrollDiary/speechToText/ros2Workspace/install/printer_pkg:/opt/ros/jazzy/opt/sdformat_vendor:/opt/ros/jazzy/opt/gz_math_vendor:/opt/ros/jazzy/opt/gz_utils_vendor:/opt/ros/jazzy/opt/gz_tools_vendor:/opt/ros/jazzy/opt/gz_cmake_vendor:/opt/ros/jazzy'}), 'shell': False}
[36.682678] (-) TimerEvent: {}
[36.702311] (printer_pkg) StdoutLine: {'line': b'[100%] Built target printing_node\n'}
[36.716835] (printer_pkg) CommandEnded: {'returncode': 0}
[36.718745] (printer_pkg) JobProgress: {'identifier': 'printer_pkg', 'progress': 'install'}
[36.719250] (printer_pkg) Command: {'cmd': ['/usr/local/bin/cmake', '--install', '/home/dredre/DevStuff/scrollDiary/speechToText/ros2Workspace/build/printer_pkg'], 'cwd': '/home/dredre/DevStuff/scrollDiary/speechToText/ros2Workspace/build/printer_pkg', 'env': OrderedDict({'LESSOPEN': '| /usr/bin/lesspipe %s', 'USER': 'dredre', 'GZ_CONFIG_PATH': '/opt/ros/jazzy/opt/sdformat_vendor/share/gz', 'XDG_SESSION_TYPE': 'wayland', 'CLUTTER_DISABLE_MIPMAPPED_TEXT': '1', 'SHLVL': '1', 'LD_LIBRARY_PATH': '/home/dredre/DevStuff/scrollDiary/speechToText/ros2Workspace/install/speech_to_text_pkg/lib:/home/dredre/DevStuff/scrollDiary/speechToText/ros2Workspace/install/speech_to_text_interfaces/lib:/opt/ros/jazzy/opt/sdformat_vendor/lib:/opt/ros/jazzy/opt/rviz_ogre_vendor/lib:/opt/ros/jazzy/lib/aarch64-linux-gnu:/opt/ros/jazzy/opt/gz_math_vendor/lib:/opt/ros/jazzy/opt/gz_utils_vendor/lib:/opt/ros/jazzy/opt/gz_tools_vendor/lib:/opt/ros/jazzy/opt/gz_cmake_vendor/lib:/opt/ros/jazzy/lib', 'HOME': '/home/dredre', 'DESKTOP_SESSION': 'ubuntu', 'ROS_PYTHON_VERSION': '3', 'GNOME_SHELL_SESSION_MODE': 'ubuntu', 'GTK_MODULES': 'gail:atk-bridge', 'SYSTEMD_EXEC_PID': '25429', 'GSM_SKIP_SSH_AGENT_WORKAROUND': 'true', 'DBUS_SESSION_BUS_ADDRESS': 'unix:path=/run/user/1000/bus', 'COLORTERM': 'truecolor', 'DEBUGINFOD_URLS': 'https://debuginfod.ubuntu.com', 'IM_CONFIG_PHASE': '1', 'WAYLAND_DISPLAY': 'wayland-0', 'COLCON_PREFIX_PATH': '/home/dredre/DevStuff/scrollDiary/speechToText/ros2Workspace/install', 'ROS_DISTRO': 'jazzy', 'LOGNAME': 'dredre', '_': '/usr/bin/colcon', 'ROS_VERSION': '2', 'MEMORY_PRESSURE_WATCH': '/sys/fs/cgroup/user.slice/user-1000.slice/user@1000.service/session.slice/org.gnome.Shell@wayland.service/memory.pressure', 'XDG_SESSION_CLASS': 'user', 'USERNAME': 'dredre', 'TERM': 'xterm-256color', 'GNOME_DESKTOP_SESSION_ID': 'this-is-deprecated', 'PATH': '/opt/ros/jazzy/opt/gz_tools_vendor/bin:/opt/ros/jazzy/bin:/home/dredre/.local/bin:/usr/local/sbin:/usr/local/bin:/usr/sbin:/usr/bin:/sbin:/bin:/usr/games:/usr/local/games:/snap/bin:/snap/bin:/home/dredre/.local/bin', 'SESSION_MANAGER': 'local/dredre-desktop:@/tmp/.ICE-unix/25400,unix/dredre-desktop:/tmp/.ICE-unix/25400', 'XDG_MENU_PREFIX': 'gnome-', 'GNOME_TERMINAL_SCREEN': '/org/gnome/Terminal/screen/9bdb21a1_b945_47ed_b57d_6a0b7c63b1ef', 'GNOME_SETUP_DISPLAY': ':1', 'XDG_RUNTIME_DIR': '/run/user/1000', 'DISPLAY': ':0', 'LANG': 'C.UTF-8', 'XDG_CURRENT_DESKTOP': 'ubuntu:GNOME', 'XMODIFIERS': '@im=ibus', 'XDG_SESSION_DESKTOP': 'ubuntu', 'XAUTHORITY': '/run/user/1000/.mutter-Xwaylandauth.5Z7NP3', 'LS_COLORS': 'rs=0:di=01;34:ln=01;36:mh=00:pi=40;33:so=01;35:do=01;35:bd=40;33;01:cd=40;33;01:or=40;31;01:mi=00:su=37;41:sg=30;43:ca=00:tw=30;42:ow=34;42:st=37;44:ex=01;32:*.tar=01;31:*.tgz=01;31:*.arc=01;31:*.arj=01;31:*.taz=01;31:*.lha=01;31:*.lz4=01;31:*.lzh=01;31:*.lzma=01;31:*.tlz=01;31:*.txz=01;31:*.tzo=01;31:*.t7z=01;31:*.zip=01;31:*.z=01;31:*.dz=01;31:*.gz=01;31:*.lrz=01;31:*.lz=01;31:*.lzo=01;31:*.xz=01;31:*.zst=01;31:*.tzst=01;31:*.bz2=01;31:*.bz=01;31:*.tbz=01;31:*.tbz2=01;31:*.tz=01;31:*.deb=01;31:*.rpm=01;31:*.jar=01;31:*.war=01;31:*.ear=01;31:*.sar=01;31:*.rar=01;31:*.alz=01;31:*.ace=01;31:*.zoo=01;31:*.cpio=01;31:*.7z=01;31:*.rz=01;31:*.cab=01;31:*.wim=01;31:*.swm=01;31:*.dwm=01;31:*.esd=01;31:*.avif=01;35:*.jpg=01;35:*.jpeg=01;35:*.mjpg=01;35:*.mjpeg=01;35:*.gif=01;35:*.bmp=01;35:*.pbm=01;35:*.pgm=01;35:*.ppm=01;35:*.tga=01;35:*.xbm=01;35:*.xpm=01;35:*.tif=01;35:*.tiff=01;35:*.png=01;35:*.svg=01;35:*.svgz=01;35:*.mng=01;35:*.pcx=01;35:*.mov=01;35:*.mpg=01;35:*.mpeg=01;35:*.m2v=01;35:*.mkv=01;35:*.webm=01;35:*.webp=01;35:*.ogm=01;35:*.mp4=01;35:*.m4v=01;35:*.mp4v=01;35:*.vob=01;35:*.qt=01;35:*.nuv=01;35:*.wmv=01;35:*.asf=01;35:*.rm=01;35:*.rmvb=01;35:*.flc=01;35:*.avi=01;35:*.fli=01;35:*.flv=01;35:*.gl=01;35:*.dl=01;35:*.xcf=01;35:*.xwd=01;35:*.yuv=01;35:*.cgm=01;35:*.emf=01;35:*.ogv=01;35:*.ogx=01;35:*.aac=00;36:*.au=00;36:*.flac=00;36:*.m4a=00;36:*.mid=00;36:*.midi=00;36:*.mka=00;36:*.mp3=00;36:*.mpc=00;36:*.ogg=00;36:*.ra=00;36:*.wav=00;36:*.oga=00;36:*.opus=00;36:*.spx=00;36:*.xspf=00;36:*~=00;90:*#=00;90:*.bak=00;90:*.crdownload=00;90:*.dpkg-dist=00;90:*.dpkg-new=00;90:*.dpkg-old=00;90:*.dpkg-tmp=00;90:*.old=00;90:*.orig=00;90:*.part=00;90:*.rej=00;90:*.rpmnew=00;90:*.rpmorig=00;90:*.rpmsave=00;90:*.swp=00;90:*.tmp=00;90:*.ucf-dist=00;90:*.ucf-new=00;90:*.ucf-old=00;90:', 'GNOME_TERMINAL_SERVICE': ':1.98', 'SSH_AUTH_SOCK': '/run/user/1000/keyring/ssh', 'ROS_DOMAIN_ID': '1', 'AMENT_PREFIX_PATH': '/home/dredre/DevStuff/scrollDiary/speechToText/ros2Workspace/install/printer_pkg:/home/dredre/DevStuff/scrollDiary/speechToText/ros2Workspace/install/speech_to_text_pkg:/home/dredre/DevStuff/scrollDiary/speechToText/ros2Workspace/install/speech_to_text_interfaces:/opt/ros/jazzy', 'SHELL': '/bin/bash', 'QT_ACCESSIBILITY': '1', 'GDMSESSION': 'ubuntu', 'LESSCLOSE': '/usr/bin/lesspipe %s %s', 'ROS_AUTOMATIC_DISCOVERY_RANGE': 'SUBNET', 'QT_IM_MODULE': 'ibus', 'PWD': '/home/dredre/DevStuff/scrollDiary/speechToText/ros2Workspace/build/printer_pkg', 'XDG_CONFIG_DIRS': '/etc/xdg/xdg-ubuntu:/etc/xdg', 'XDG_DATA_DIRS': '/usr/share/ubuntu:/usr/share/gnome:/usr/local/share/:/usr/share/:/var/lib/snapd/desktop', 'PYTHONPATH': '/home/dredre/DevStuff/scrollDiary/speechToText/ros2Workspace/install/speech_to_text_interfaces/lib/python3.12/site-packages:/opt/ros/jazzy/lib/python3.12/site-packages', 'COLCON': '1', 'MEMORY_PRESSURE_WRITE': 'c29tZSAyMDAwMDAgMjAwMDAwMAA=', 'VTE_VERSION': '7600', 'CMAKE_PREFIX_PATH': '/home/dredre/DevStuff/scrollDiary/speechToText/ros2Workspace/install/speech_to_text_pkg:/home/dredre/DevStuff/scrollDiary/speechToText/ros2Workspace/install/speech_to_text_interfaces:/home/dredre/DevStuff/scrollDiary/speechToText/ros2Workspace/install/printer_pkg:/opt/ros/jazzy/opt/sdformat_vendor:/opt/ros/jazzy/opt/gz_math_vendor:/opt/ros/jazzy/opt/gz_utils_vendor:/opt/ros/jazzy/opt/gz_tools_vendor:/opt/ros/jazzy/opt/gz_cmake_vendor:/opt/ros/jazzy'}), 'shell': False}
[36.727683] (printer_pkg) StdoutLine: {'line': b'-- Install configuration: ""\n'}
[36.728016] (printer_pkg) StdoutLine: {'line': b'-- Up-to-date: /home/dredre/DevStuff/scrollDiary/speechToText/ros2Workspace/install/printer_pkg/lib/printer_pkg/printing_node\n'}
[36.728416] (printer_pkg) StdoutLine: {'line': b'-- Up-to-date: /home/dredre/DevStuff/scrollDiary/speechToText/ros2Workspace/install/printer_pkg/share/ament_index/resource_index/package_run_dependencies/printer_pkg\n'}
[36.728656] (printer_pkg) StdoutLine: {'line': b'-- Up-to-date: /home/dredre/DevStuff/scrollDiary/speechToText/ros2Workspace/install/printer_pkg/share/ament_index/resource_index/parent_prefix_path/printer_pkg\n'}
[36.728821] (printer_pkg) StdoutLine: {'line': b'-- Up-to-date: /home/dredre/DevStuff/scrollDiary/speechToText/ros2Workspace/install/printer_pkg/share/printer_pkg/environment/ament_prefix_path.sh\n'}
[36.729378] (printer_pkg) StdoutLine: {'line': b'-- Up-to-date: /home/dredre/DevStuff/scrollDiary/speechToText/ros2Workspace/install/printer_pkg/share/printer_pkg/environment/ament_prefix_path.dsv\n'}
[36.729568] (printer_pkg) StdoutLine: {'line': b'-- Up-to-date: /home/dredre/DevStuff/scrollDiary/speechToText/ros2Workspace/install/printer_pkg/share/printer_pkg/environment/path.sh\n'}
[36.729703] (printer_pkg) StdoutLine: {'line': b'-- Up-to-date: /home/dredre/DevStuff/scrollDiary/speechToText/ros2Workspace/install/printer_pkg/share/printer_pkg/environment/path.dsv\n'}
[36.730052] (printer_pkg) StdoutLine: {'line': b'-- Up-to-date: /home/dredre/DevStuff/scrollDiary/speechToText/ros2Workspace/install/printer_pkg/share/printer_pkg/local_setup.bash\n'}
[36.730271] (printer_pkg) StdoutLine: {'line': b'-- Up-to-date: /home/dredre/DevStuff/scrollDiary/speechToText/ros2Workspace/install/printer_pkg/share/printer_pkg/local_setup.sh\n'}
[36.730419] (printer_pkg) StdoutLine: {'line': b'-- Up-to-date: /home/dredre/DevStuff/scrollDiary/speechToText/ros2Workspace/install/printer_pkg/share/printer_pkg/local_setup.zsh\n'}
[36.730650] (printer_pkg) StdoutLine: {'line': b'-- Up-to-date: /home/dredre/DevStuff/scrollDiary/speechToText/ros2Workspace/install/printer_pkg/share/printer_pkg/local_setup.dsv\n'}
[36.730782] (printer_pkg) StdoutLine: {'line': b'-- Installing: /home/dredre/DevStuff/scrollDiary/speechToText/ros2Workspace/install/printer_pkg/share/printer_pkg/package.dsv\n'}
[36.730896] (printer_pkg) StdoutLine: {'line': b'-- Up-to-date: /home/dredre/DevStuff/scrollDiary/speechToText/ros2Workspace/install/printer_pkg/share/ament_index/resource_index/packages/printer_pkg\n'}
[36.731038] (printer_pkg) StdoutLine: {'line': b'-- Up-to-date: /home/dredre/DevStuff/scrollDiary/speechToText/ros2Workspace/install/printer_pkg/share/printer_pkg/cmake/printer_pkgConfig.cmake\n'}
[36.731158] (printer_pkg) StdoutLine: {'line': b'-- Up-to-date: /home/dredre/DevStuff/scrollDiary/speechToText/ros2Workspace/install/printer_pkg/share/printer_pkg/cmake/printer_pkgConfig-version.cmake\n'}
[36.731277] (printer_pkg) StdoutLine: {'line': b'-- Up-to-date: /home/dredre/DevStuff/scrollDiary/speechToText/ros2Workspace/install/printer_pkg/share/printer_pkg/package.xml\n'}
[36.735503] (printer_pkg) CommandEnded: {'returncode': 0}
[36.758581] (printer_pkg) JobEnded: {'identifier': 'printer_pkg', 'rc': 0}
[36.762757] (-) EventReactorShutdown: {}
