[0.000000] (-) TimerEvent: {}
[0.001366] (speech_to_text_interfaces) JobQueued: {'identifier': 'speech_to_text_interfaces', 'dependencies': OrderedDict()}
[0.001530] (speech_to_text_pkg) JobQueued: {'identifier': 'speech_to_text_pkg', 'dependencies': OrderedDict({'speech_to_text_interfaces': '/home/dredre/DevStuff/scrollDiary/speechToText/ros2Workspace/install/speech_to_text_interfaces'})}
[0.001616] (printer_pkg) JobQueued: {'identifier': 'printer_pkg', 'dependencies': OrderedDict({'speech_to_text_interfaces': '/home/dredre/DevStuff/scrollDiary/speechToText/ros2Workspace/install/speech_to_text_interfaces', 'speech_to_text_pkg': '/home/dredre/DevStuff/scrollDiary/speechToText/ros2Workspace/install/speech_to_text_pkg'})}
[0.001669] (speech_to_text_interfaces) JobStarted: {'identifier': 'speech_to_text_interfaces'}
[0.034712] (speech_to_text_interfaces) JobProgress: {'identifier': 'speech_to_text_interfaces', 'progress': 'cmake'}
[0.036465] (speech_to_text_interfaces) JobProgress: {'identifier': 'speech_to_text_interfaces', 'progress': 'build'}
[0.040764] (speech_to_text_interfaces) Command: {'cmd': ['/usr/local/bin/cmake', '--build', '/home/dredre/DevStuff/scrollDiary/speechToText/ros2Workspace/build/speech_to_text_interfaces', '--', '-j4', '-l4'], 'cwd': '/home/dredre/DevStuff/scrollDiary/speechToText/ros2Workspace/build/speech_to_text_interfaces', 'env': OrderedDict({'LESSOPEN': '| /usr/bin/lesspipe %s', 'USER': 'dredre', 'GZ_CONFIG_PATH': '/opt/ros/jazzy/opt/sdformat_vendor/share/gz', 'XDG_SESSION_TYPE': 'wayland', 'CLUTTER_DISABLE_MIPMAPPED_TEXT': '1', 'SHLVL': '1', 'LD_LIBRARY_PATH': '/home/dredre/DevStuff/scrollDiary/speechToText/ros2Workspace/install/speech_to_text_pkg/lib:/home/dredre/DevStuff/scrollDiary/speechToText/ros2Workspace/install/speech_to_text_interfaces/lib:/opt/ros/jazzy/opt/sdformat_vendor/lib:/opt/ros/jazzy/opt/rviz_ogre_vendor/lib:/opt/ros/jazzy/lib/aarch64-linux-gnu:/opt/ros/jazzy/opt/gz_math_vendor/lib:/opt/ros/jazzy/opt/gz_utils_vendor/lib:/opt/ros/jazzy/opt/gz_tools_vendor/lib:/opt/ros/jazzy/opt/gz_cmake_vendor/lib:/opt/ros/jazzy/lib', 'HOME': '/home/dredre', 'OLDPWD': '/home/dredre/DevStuff/scrollDiary', 'DESKTOP_SESSION': 'ubuntu', 'ROS_PYTHON_VERSION': '3', 'GNOME_SHELL_SESSION_MODE': 'ubuntu', 'GTK_MODULES': 'gail:atk-bridge', 'SYSTEMD_EXEC_PID': '25429', 'GSM_SKIP_SSH_AGENT_WORKAROUND': 'true', 'DBUS_SESSION_BUS_ADDRESS': 'unix:path=/run/user/1000/bus', 'COLORTERM': 'truecolor', 'DEBUGINFOD_URLS': 'https://debuginfod.ubuntu.com', 'IM_CONFIG_PHASE': '1', 'WAYLAND_DISPLAY': 'wayland-0', 'COLCON_PREFIX_PATH': '/home/dredre/DevStuff/scrollDiary/speechToText/ros2Workspace/install', 'ROS_DISTRO': 'jazzy', 'LOGNAME': 'dredre', '_': '/usr/bin/colcon', 'ROS_VERSION': '2', 'MEMORY_PRESSURE_WATCH': '/sys/fs/cgroup/user.slice/user-1000.slice/user@1000.service/session.slice/org.gnome.Shell@wayland.service/memory.pressure', 'XDG_SESSION_CLASS': 'user', 'USERNAME': 'dredre', 'TERM': 'xterm-256color', 'GNOME_DESKTOP_SESSION_ID': 'this-is-deprecated', 'PATH': '/opt/ros/jazzy/opt/gz_tools_vendor/bin:/opt/ros/jazzy/bin:/home/dredre/.local/bin:/usr/local/sbin:/usr/local/bin:/usr/sbin:/usr/bin:/sbin:/bin:/usr/games:/usr/local/games:/snap/bin:/snap/bin:/home/dredre/.local/bin', 'SESSION_MANAGER': 'local/dredre-desktop:@/tmp/.ICE-unix/25400,unix/dredre-desktop:/tmp/.ICE-unix/25400', 'XDG_MENU_PREFIX': 'gnome-', 'GNOME_TERMINAL_SCREEN': '/org/gnome/Terminal/screen/706f0d83_a060_4c10_b414_5de519fb05e7', 'GNOME_SETUP_DISPLAY': ':1', 'XDG_RUNTIME_DIR': '/run/user/1000', 'DISPLAY': ':0', 'LANG': 'C.UTF-8', 'XDG_CURRENT_DESKTOP': 'ubuntu:GNOME', 'XMODIFIERS': '@im=ibus', 'XDG_SESSION_DESKTOP': 'ubuntu', 'XAUTHORITY': '/run/user/1000/.mutter-Xwaylandauth.5Z7NP3', 'LS_COLORS': 'rs=0:di=01;34:ln=01;36:mh=00:pi=40;33:so=01;35:do=01;35:bd=40;33;01:cd=40;33;01:or=40;31;01:mi=00:su=37;41:sg=30;43:ca=00:tw=30;42:ow=34;42:st=37;44:ex=01;32:*.tar=01;31:*.tgz=01;31:*.arc=01;31:*.arj=01;31:*.taz=01;31:*.lha=01;31:*.lz4=01;31:*.lzh=01;31:*.lzma=01;31:*.tlz=01;31:*.txz=01;31:*.tzo=01;31:*.t7z=01;31:*.zip=01;31:*.z=01;31:*.dz=01;31:*.gz=01;31:*.lrz=01;31:*.lz=01;31:*.lzo=01;31:*.xz=01;31:*.zst=01;31:*.tzst=01;31:*.bz2=01;31:*.bz=01;31:*.tbz=01;31:*.tbz2=01;31:*.tz=01;31:*.deb=01;31:*.rpm=01;31:*.jar=01;31:*.war=01;31:*.ear=01;31:*.sar=01;31:*.rar=01;31:*.alz=01;31:*.ace=01;31:*.zoo=01;31:*.cpio=01;31:*.7z=01;31:*.rz=01;31:*.cab=01;31:*.wim=01;31:*.swm=01;31:*.dwm=01;31:*.esd=01;31:*.avif=01;35:*.jpg=01;35:*.jpeg=01;35:*.mjpg=01;35:*.mjpeg=01;35:*.gif=01;35:*.bmp=01;35:*.pbm=01;35:*.pgm=01;35:*.ppm=01;35:*.tga=01;35:*.xbm=01;35:*.xpm=01;35:*.tif=01;35:*.tiff=01;35:*.png=01;35:*.svg=01;35:*.svgz=01;35:*.mng=01;35:*.pcx=01;35:*.mov=01;35:*.mpg=01;35:*.mpeg=01;35:*.m2v=01;35:*.mkv=01;35:*.webm=01;35:*.webp=01;35:*.ogm=01;35:*.mp4=01;35:*.m4v=01;35:*.mp4v=01;35:*.vob=01;35:*.qt=01;35:*.nuv=01;35:*.wmv=01;35:*.asf=01;35:*.rm=01;35:*.rmvb=01;35:*.flc=01;35:*.avi=01;35:*.fli=01;35:*.flv=01;35:*.gl=01;35:*.dl=01;35:*.xcf=01;35:*.xwd=01;35:*.yuv=01;35:*.cgm=01;35:*.emf=01;35:*.ogv=01;35:*.ogx=01;35:*.aac=00;36:*.au=00;36:*.flac=00;36:*.m4a=00;36:*.mid=00;36:*.midi=00;36:*.mka=00;36:*.mp3=00;36:*.mpc=00;36:*.ogg=00;36:*.ra=00;36:*.wav=00;36:*.oga=00;36:*.opus=00;36:*.spx=00;36:*.xspf=00;36:*~=00;90:*#=00;90:*.bak=00;90:*.crdownload=00;90:*.dpkg-dist=00;90:*.dpkg-new=00;90:*.dpkg-old=00;90:*.dpkg-tmp=00;90:*.old=00;90:*.orig=00;90:*.part=00;90:*.rej=00;90:*.rpmnew=00;90:*.rpmorig=00;90:*.rpmsave=00;90:*.swp=00;90:*.tmp=00;90:*.ucf-dist=00;90:*.ucf-new=00;90:*.ucf-old=00;90:', 'GNOME_TERMINAL_SERVICE': ':1.98', 'SSH_AUTH_SOCK': '/run/user/1000/keyring/ssh', 'ROS_DOMAIN_ID': '1', 'AMENT_PREFIX_PATH': '/home/dredre/DevStuff/scrollDiary/speechToText/ros2Workspace/install/printer_pkg:/home/dredre/DevStuff/scrollDiary/speechToText/ros2Workspace/install/speech_to_text_pkg:/home/dredre/DevStuff/scrollDiary/speechToText/ros2Workspace/install/speech_to_text_interfaces:/opt/ros/jazzy', 'SHELL': '/bin/bash', 'QT_ACCESSIBILITY': '1', 'GDMSESSION': 'ubuntu', 'LESSCLOSE': '/usr/bin/lesspipe %s %s', 'ROS_AUTOMATIC_DISCOVERY_RANGE': 'SUBNET', 'QT_IM_MODULE': 'ibus', 'PWD': '/home/dredre/DevStuff/scrollDiary/speechToText/ros2Workspace/build/speech_to_text_interfaces', 'XDG_CONFIG_DIRS': '/etc/xdg/xdg-ubuntu:/etc/xdg', 'XDG_DATA_DIRS': '/usr/share/ubuntu:/usr/share/gnome:/usr/local/share/:/usr/share/:/var/lib/snapd/desktop', 'PYTHONPATH': '/home/dredre/DevStuff/scrollDiary/speechToText/ros2Workspace/install/speech_to_text_interfaces/lib/python3.12/site-packages:/opt/ros/jazzy/lib/python3.12/site-packages', 'COLCON': '1', 'MEMORY_PRESSURE_WRITE': 'c29tZSAyMDAwMDAgMjAwMDAwMAA=', 'VTE_VERSION': '7600', 'CMAKE_PREFIX_PATH': '/home/dredre/DevStuff/scrollDiary/speechToText/ros2Workspace/install/printer_pkg:/home/dredre/DevStuff/scrollDiary/speechToText/ros2Workspace/install/speech_to_text_pkg:/home/dredre/DevStuff/scrollDiary/speechToText/ros2Workspace/install/speech_to_text_interfaces:/opt/ros/jazzy/opt/sdformat_vendor:/opt/ros/jazzy/opt/gz_math_vendor:/opt/ros/jazzy/opt/gz_utils_vendor:/opt/ros/jazzy/opt/gz_tools_vendor:/opt/ros/jazzy/opt/gz_cmake_vendor:/opt/ros/jazzy'}), 'shell': False}
[0.100130] (-) TimerEvent: {}
[0.129924] (speech_to_text_interfaces) StdoutLine: {'line': b'[  2%] Built target speech_to_text_interfaces__rosidl_generator_type_description\n'}
[0.147097] (speech_to_text_interfaces) StdoutLine: {'line': b'[  2%] Built target ament_cmake_python_copy_speech_to_text_interfaces\n'}
[0.161774] (speech_to_text_interfaces) StdoutLine: {'line': b'[  5%] Built target speech_to_text_interfaces__cpp\n'}
[0.168051] (speech_to_text_interfaces) StdoutLine: {'line': b'[ 20%] Built target speech_to_text_interfaces__rosidl_generator_c\n'}
[0.197401] (speech_to_text_interfaces) StdoutLine: {'line': b'[ 29%] Built target speech_to_text_interfaces__rosidl_typesupport_introspection_c\n'}
[0.200264] (-) TimerEvent: {}
[0.205495] (speech_to_text_interfaces) StdoutLine: {'line': b'[ 38%] Built target speech_to_text_interfaces__rosidl_typesupport_fastrtps_c\n'}
[0.213555] (speech_to_text_interfaces) StdoutLine: {'line': b'[ 47%] Built target speech_to_text_interfaces__rosidl_typesupport_fastrtps_cpp\n'}
[0.236319] (speech_to_text_interfaces) StdoutLine: {'line': b'[ 55%] Built target speech_to_text_interfaces__rosidl_typesupport_cpp\n'}
[0.241197] (speech_to_text_interfaces) StdoutLine: {'line': b'[ 64%] Built target speech_to_text_interfaces__rosidl_typesupport_introspection_cpp\n'}
[0.249337] (speech_to_text_interfaces) StdoutLine: {'line': b'[ 73%] Built target speech_to_text_interfaces__rosidl_typesupport_c\n'}
[0.271035] (speech_to_text_interfaces) StdoutLine: {'line': b'[ 73%] Built target speech_to_text_interfaces\n'}
[0.292447] (speech_to_text_interfaces) StdoutLine: {'line': b'[ 76%] Built target speech_to_text_interfaces__py\n'}
[0.300372] (-) TimerEvent: {}
[0.330012] (speech_to_text_interfaces) StdoutLine: {'line': b'[ 82%] Built target speech_to_text_interfaces__rosidl_generator_py\n'}
[0.369682] (speech_to_text_interfaces) StdoutLine: {'line': b'[ 88%] Built target speech_to_text_interfaces_s__rosidl_typesupport_introspection_c\n'}
[0.370059] (speech_to_text_interfaces) StdoutLine: {'line': b'[ 94%] Built target speech_to_text_interfaces_s__rosidl_typesupport_c\n'}
[0.378478] (speech_to_text_interfaces) StdoutLine: {'line': b'[100%] Built target speech_to_text_interfaces_s__rosidl_typesupport_fastrtps_c\n'}
[0.400566] (-) TimerEvent: {}
[0.501622] (-) TimerEvent: {}
[0.602557] (-) TimerEvent: {}
[0.649711] (speech_to_text_interfaces) StdoutLine: {'line': b'running egg_info\n'}
[0.680037] (speech_to_text_interfaces) StdoutLine: {'line': b'writing speech_to_text_interfaces.egg-info/PKG-INFO\n'}
[0.681573] (speech_to_text_interfaces) StdoutLine: {'line': b'writing dependency_links to speech_to_text_interfaces.egg-info/dependency_links.txt\n'}
[0.681829] (speech_to_text_interfaces) StdoutLine: {'line': b'writing top-level names to speech_to_text_interfaces.egg-info/top_level.txt\n'}
[0.702737] (-) TimerEvent: {}
[0.803297] (-) TimerEvent: {}
[0.818294] (speech_to_text_interfaces) StdoutLine: {'line': b"reading manifest file 'speech_to_text_interfaces.egg-info/SOURCES.txt'\n"}
[0.819913] (speech_to_text_interfaces) StdoutLine: {'line': b"writing manifest file 'speech_to_text_interfaces.egg-info/SOURCES.txt'\n"}
[0.903553] (-) TimerEvent: {}
[0.948069] (speech_to_text_interfaces) StdoutLine: {'line': b'[100%] Built target ament_cmake_python_build_speech_to_text_interfaces_egg\n'}
[0.964495] (speech_to_text_interfaces) CommandEnded: {'returncode': 0}
[0.965502] (speech_to_text_interfaces) JobProgress: {'identifier': 'speech_to_text_interfaces', 'progress': 'install'}
[0.973827] (speech_to_text_interfaces) Command: {'cmd': ['/usr/local/bin/cmake', '--install', '/home/dredre/DevStuff/scrollDiary/speechToText/ros2Workspace/build/speech_to_text_interfaces'], 'cwd': '/home/dredre/DevStuff/scrollDiary/speechToText/ros2Workspace/build/speech_to_text_interfaces', 'env': OrderedDict({'LESSOPEN': '| /usr/bin/lesspipe %s', 'USER': 'dredre', 'GZ_CONFIG_PATH': '/opt/ros/jazzy/opt/sdformat_vendor/share/gz', 'XDG_SESSION_TYPE': 'wayland', 'CLUTTER_DISABLE_MIPMAPPED_TEXT': '1', 'SHLVL': '1', 'LD_LIBRARY_PATH': '/home/dredre/DevStuff/scrollDiary/speechToText/ros2Workspace/install/speech_to_text_pkg/lib:/home/dredre/DevStuff/scrollDiary/speechToText/ros2Workspace/install/speech_to_text_interfaces/lib:/opt/ros/jazzy/opt/sdformat_vendor/lib:/opt/ros/jazzy/opt/rviz_ogre_vendor/lib:/opt/ros/jazzy/lib/aarch64-linux-gnu:/opt/ros/jazzy/opt/gz_math_vendor/lib:/opt/ros/jazzy/opt/gz_utils_vendor/lib:/opt/ros/jazzy/opt/gz_tools_vendor/lib:/opt/ros/jazzy/opt/gz_cmake_vendor/lib:/opt/ros/jazzy/lib', 'HOME': '/home/dredre', 'OLDPWD': '/home/dredre/DevStuff/scrollDiary', 'DESKTOP_SESSION': 'ubuntu', 'ROS_PYTHON_VERSION': '3', 'GNOME_SHELL_SESSION_MODE': 'ubuntu', 'GTK_MODULES': 'gail:atk-bridge', 'SYSTEMD_EXEC_PID': '25429', 'GSM_SKIP_SSH_AGENT_WORKAROUND': 'true', 'DBUS_SESSION_BUS_ADDRESS': 'unix:path=/run/user/1000/bus', 'COLORTERM': 'truecolor', 'DEBUGINFOD_URLS': 'https://debuginfod.ubuntu.com', 'IM_CONFIG_PHASE': '1', 'WAYLAND_DISPLAY': 'wayland-0', 'COLCON_PREFIX_PATH': '/home/dredre/DevStuff/scrollDiary/speechToText/ros2Workspace/install', 'ROS_DISTRO': 'jazzy', 'LOGNAME': 'dredre', '_': '/usr/bin/colcon', 'ROS_VERSION': '2', 'MEMORY_PRESSURE_WATCH': '/sys/fs/cgroup/user.slice/user-1000.slice/user@1000.service/session.slice/org.gnome.Shell@wayland.service/memory.pressure', 'XDG_SESSION_CLASS': 'user', 'USERNAME': 'dredre', 'TERM': 'xterm-256color', 'GNOME_DESKTOP_SESSION_ID': 'this-is-deprecated', 'PATH': '/opt/ros/jazzy/opt/gz_tools_vendor/bin:/opt/ros/jazzy/bin:/home/dredre/.local/bin:/usr/local/sbin:/usr/local/bin:/usr/sbin:/usr/bin:/sbin:/bin:/usr/games:/usr/local/games:/snap/bin:/snap/bin:/home/dredre/.local/bin', 'SESSION_MANAGER': 'local/dredre-desktop:@/tmp/.ICE-unix/25400,unix/dredre-desktop:/tmp/.ICE-unix/25400', 'XDG_MENU_PREFIX': 'gnome-', 'GNOME_TERMINAL_SCREEN': '/org/gnome/Terminal/screen/706f0d83_a060_4c10_b414_5de519fb05e7', 'GNOME_SETUP_DISPLAY': ':1', 'XDG_RUNTIME_DIR': '/run/user/1000', 'DISPLAY': ':0', 'LANG': 'C.UTF-8', 'XDG_CURRENT_DESKTOP': 'ubuntu:GNOME', 'XMODIFIERS': '@im=ibus', 'XDG_SESSION_DESKTOP': 'ubuntu', 'XAUTHORITY': '/run/user/1000/.mutter-Xwaylandauth.5Z7NP3', 'LS_COLORS': 'rs=0:di=01;34:ln=01;36:mh=00:pi=40;33:so=01;35:do=01;35:bd=40;33;01:cd=40;33;01:or=40;31;01:mi=00:su=37;41:sg=30;43:ca=00:tw=30;42:ow=34;42:st=37;44:ex=01;32:*.tar=01;31:*.tgz=01;31:*.arc=01;31:*.arj=01;31:*.taz=01;31:*.lha=01;31:*.lz4=01;31:*.lzh=01;31:*.lzma=01;31:*.tlz=01;31:*.txz=01;31:*.tzo=01;31:*.t7z=01;31:*.zip=01;31:*.z=01;31:*.dz=01;31:*.gz=01;31:*.lrz=01;31:*.lz=01;31:*.lzo=01;31:*.xz=01;31:*.zst=01;31:*.tzst=01;31:*.bz2=01;31:*.bz=01;31:*.tbz=01;31:*.tbz2=01;31:*.tz=01;31:*.deb=01;31:*.rpm=01;31:*.jar=01;31:*.war=01;31:*.ear=01;31:*.sar=01;31:*.rar=01;31:*.alz=01;31:*.ace=01;31:*.zoo=01;31:*.cpio=01;31:*.7z=01;31:*.rz=01;31:*.cab=01;31:*.wim=01;31:*.swm=01;31:*.dwm=01;31:*.esd=01;31:*.avif=01;35:*.jpg=01;35:*.jpeg=01;35:*.mjpg=01;35:*.mjpeg=01;35:*.gif=01;35:*.bmp=01;35:*.pbm=01;35:*.pgm=01;35:*.ppm=01;35:*.tga=01;35:*.xbm=01;35:*.xpm=01;35:*.tif=01;35:*.tiff=01;35:*.png=01;35:*.svg=01;35:*.svgz=01;35:*.mng=01;35:*.pcx=01;35:*.mov=01;35:*.mpg=01;35:*.mpeg=01;35:*.m2v=01;35:*.mkv=01;35:*.webm=01;35:*.webp=01;35:*.ogm=01;35:*.mp4=01;35:*.m4v=01;35:*.mp4v=01;35:*.vob=01;35:*.qt=01;35:*.nuv=01;35:*.wmv=01;35:*.asf=01;35:*.rm=01;35:*.rmvb=01;35:*.flc=01;35:*.avi=01;35:*.fli=01;35:*.flv=01;35:*.gl=01;35:*.dl=01;35:*.xcf=01;35:*.xwd=01;35:*.yuv=01;35:*.cgm=01;35:*.emf=01;35:*.ogv=01;35:*.ogx=01;35:*.aac=00;36:*.au=00;36:*.flac=00;36:*.m4a=00;36:*.mid=00;36:*.midi=00;36:*.mka=00;36:*.mp3=00;36:*.mpc=00;36:*.ogg=00;36:*.ra=00;36:*.wav=00;36:*.oga=00;36:*.opus=00;36:*.spx=00;36:*.xspf=00;36:*~=00;90:*#=00;90:*.bak=00;90:*.crdownload=00;90:*.dpkg-dist=00;90:*.dpkg-new=00;90:*.dpkg-old=00;90:*.dpkg-tmp=00;90:*.old=00;90:*.orig=00;90:*.part=00;90:*.rej=00;90:*.rpmnew=00;90:*.rpmorig=00;90:*.rpmsave=00;90:*.swp=00;90:*.tmp=00;90:*.ucf-dist=00;90:*.ucf-new=00;90:*.ucf-old=00;90:', 'GNOME_TERMINAL_SERVICE': ':1.98', 'SSH_AUTH_SOCK': '/run/user/1000/keyring/ssh', 'ROS_DOMAIN_ID': '1', 'AMENT_PREFIX_PATH': '/home/dredre/DevStuff/scrollDiary/speechToText/ros2Workspace/install/printer_pkg:/home/dredre/DevStuff/scrollDiary/speechToText/ros2Workspace/install/speech_to_text_pkg:/home/dredre/DevStuff/scrollDiary/speechToText/ros2Workspace/install/speech_to_text_interfaces:/opt/ros/jazzy', 'SHELL': '/bin/bash', 'QT_ACCESSIBILITY': '1', 'GDMSESSION': 'ubuntu', 'LESSCLOSE': '/usr/bin/lesspipe %s %s', 'ROS_AUTOMATIC_DISCOVERY_RANGE': 'SUBNET', 'QT_IM_MODULE': 'ibus', 'PWD': '/home/dredre/DevStuff/scrollDiary/speechToText/ros2Workspace/build/speech_to_text_interfaces', 'XDG_CONFIG_DIRS': '/etc/xdg/xdg-ubuntu:/etc/xdg', 'XDG_DATA_DIRS': '/usr/share/ubuntu:/usr/share/gnome:/usr/local/share/:/usr/share/:/var/lib/snapd/desktop', 'PYTHONPATH': '/home/dredre/DevStuff/scrollDiary/speechToText/ros2Workspace/install/speech_to_text_interfaces/lib/python3.12/site-packages:/opt/ros/jazzy/lib/python3.12/site-packages', 'COLCON': '1', 'MEMORY_PRESSURE_WRITE': 'c29tZSAyMDAwMDAgMjAwMDAwMAA=', 'VTE_VERSION': '7600', 'CMAKE_PREFIX_PATH': '/home/dredre/DevStuff/scrollDiary/speechToText/ros2Workspace/install/printer_pkg:/home/dredre/DevStuff/scrollDiary/speechToText/ros2Workspace/install/speech_to_text_pkg:/home/dredre/DevStuff/scrollDiary/speechToText/ros2Workspace/install/speech_to_text_interfaces:/opt/ros/jazzy/opt/sdformat_vendor:/opt/ros/jazzy/opt/gz_math_vendor:/opt/ros/jazzy/opt/gz_utils_vendor:/opt/ros/jazzy/opt/gz_tools_vendor:/opt/ros/jazzy/opt/gz_cmake_vendor:/opt/ros/jazzy'}), 'shell': False}
[0.981784] (speech_to_text_interfaces) StdoutLine: {'line': b'-- Install configuration: ""\n'}
[0.982138] (speech_to_text_interfaces) StdoutLine: {'line': b'-- Up-to-date: /home/dredre/DevStuff/scrollDiary/speechToText/ros2Workspace/install/speech_to_text_interfaces/share/ament_index/resource_index/rosidl_interfaces/speech_to_text_interfaces\n'}
[0.984457] (speech_to_text_interfaces) StdoutLine: {'line': b'-- Up-to-date: /home/dredre/DevStuff/scrollDiary/speechToText/ros2Workspace/install/speech_to_text_interfaces/share/speech_to_text_interfaces/msg/AudioStamped.json\n'}
[0.984694] (speech_to_text_interfaces) StdoutLine: {'line': b'-- Up-to-date: /home/dredre/DevStuff/scrollDiary/speechToText/ros2Workspace/install/speech_to_text_interfaces/include/speech_to_text_interfaces/speech_to_text_interfaces\n'}
[0.984818] (speech_to_text_interfaces) StdoutLine: {'line': b'-- Up-to-date: /home/dredre/DevStuff/scrollDiary/speechToText/ros2Workspace/install/speech_to_text_interfaces/include/speech_to_text_interfaces/speech_to_text_interfaces/msg\n'}
[0.984926] (speech_to_text_interfaces) StdoutLine: {'line': b'-- Up-to-date: /home/dredre/DevStuff/scrollDiary/speechToText/ros2Workspace/install/speech_to_text_interfaces/include/speech_to_text_interfaces/speech_to_text_interfaces/msg/audio_stamped.h\n'}
[0.985020] (speech_to_text_interfaces) StdoutLine: {'line': b'-- Up-to-date: /home/dredre/DevStuff/scrollDiary/speechToText/ros2Workspace/install/speech_to_text_interfaces/include/speech_to_text_interfaces/speech_to_text_interfaces/msg/rosidl_generator_c__visibility_control.h\n'}
[0.985117] (speech_to_text_interfaces) StdoutLine: {'line': b'-- Up-to-date: /home/dredre/DevStuff/scrollDiary/speechToText/ros2Workspace/install/speech_to_text_interfaces/include/speech_to_text_interfaces/speech_to_text_interfaces/msg/detail\n'}
[0.985252] (speech_to_text_interfaces) StdoutLine: {'line': b'-- Up-to-date: /home/dredre/DevStuff/scrollDiary/speechToText/ros2Workspace/install/speech_to_text_interfaces/include/speech_to_text_interfaces/speech_to_text_interfaces/msg/detail/audio_stamped__struct.h\n'}
[0.985371] (speech_to_text_interfaces) StdoutLine: {'line': b'-- Up-to-date: /home/dredre/DevStuff/scrollDiary/speechToText/ros2Workspace/install/speech_to_text_interfaces/include/speech_to_text_interfaces/speech_to_text_interfaces/msg/detail/audio_stamped__description.c\n'}
[0.985460] (speech_to_text_interfaces) StdoutLine: {'line': b'-- Up-to-date: /home/dredre/DevStuff/scrollDiary/speechToText/ros2Workspace/install/speech_to_text_interfaces/include/speech_to_text_interfaces/speech_to_text_interfaces/msg/detail/audio_stamped__functions.c\n'}
[0.985552] (speech_to_text_interfaces) StdoutLine: {'line': b'-- Up-to-date: /home/dredre/DevStuff/scrollDiary/speechToText/ros2Workspace/install/speech_to_text_interfaces/include/speech_to_text_interfaces/speech_to_text_interfaces/msg/detail/audio_stamped__functions.h\n'}
[0.985644] (speech_to_text_interfaces) StdoutLine: {'line': b'-- Up-to-date: /home/dredre/DevStuff/scrollDiary/speechToText/ros2Workspace/install/speech_to_text_interfaces/include/speech_to_text_interfaces/speech_to_text_interfaces/msg/detail/audio_stamped__type_support.c\n'}
[0.985727] (speech_to_text_interfaces) StdoutLine: {'line': b'-- Up-to-date: /home/dredre/DevStuff/scrollDiary/speechToText/ros2Workspace/install/speech_to_text_interfaces/include/speech_to_text_interfaces/speech_to_text_interfaces/msg/detail/audio_stamped__type_support.h\n'}
[0.985848] (speech_to_text_interfaces) StdoutLine: {'line': b'-- Up-to-date: /home/dredre/DevStuff/scrollDiary/speechToText/ros2Workspace/install/speech_to_text_interfaces/share/speech_to_text_interfaces/environment/library_path.sh\n'}
[0.985958] (speech_to_text_interfaces) StdoutLine: {'line': b'-- Up-to-date: /home/dredre/DevStuff/scrollDiary/speechToText/ros2Workspace/install/speech_to_text_interfaces/share/speech_to_text_interfaces/environment/library_path.dsv\n'}
[0.986047] (speech_to_text_interfaces) StdoutLine: {'line': b'-- Up-to-date: /home/dredre/DevStuff/scrollDiary/speechToText/ros2Workspace/install/speech_to_text_interfaces/lib/libspeech_to_text_interfaces__rosidl_generator_c.so\n'}
[0.986138] (speech_to_text_interfaces) StdoutLine: {'line': b'-- Up-to-date: /home/dredre/DevStuff/scrollDiary/speechToText/ros2Workspace/install/speech_to_text_interfaces/include/speech_to_text_interfaces/speech_to_text_interfaces\n'}
[0.986235] (speech_to_text_interfaces) StdoutLine: {'line': b'-- Up-to-date: /home/dredre/DevStuff/scrollDiary/speechToText/ros2Workspace/install/speech_to_text_interfaces/include/speech_to_text_interfaces/speech_to_text_interfaces/msg\n'}
[0.986341] (speech_to_text_interfaces) StdoutLine: {'line': b'-- Up-to-date: /home/dredre/DevStuff/scrollDiary/speechToText/ros2Workspace/install/speech_to_text_interfaces/include/speech_to_text_interfaces/speech_to_text_interfaces/msg/rosidl_typesupport_fastrtps_c__visibility_control.h\n'}
[0.986439] (speech_to_text_interfaces) StdoutLine: {'line': b'-- Up-to-date: /home/dredre/DevStuff/scrollDiary/speechToText/ros2Workspace/install/speech_to_text_interfaces/include/speech_to_text_interfaces/speech_to_text_interfaces/msg/detail\n'}
[0.986522] (speech_to_text_interfaces) StdoutLine: {'line': b'-- Up-to-date: /home/dredre/DevStuff/scrollDiary/speechToText/ros2Workspace/install/speech_to_text_interfaces/include/speech_to_text_interfaces/speech_to_text_interfaces/msg/detail/audio_stamped__rosidl_typesupport_fastrtps_c.h\n'}
[0.986612] (speech_to_text_interfaces) StdoutLine: {'line': b'-- Up-to-date: /home/dredre/DevStuff/scrollDiary/speechToText/ros2Workspace/install/speech_to_text_interfaces/lib/libspeech_to_text_interfaces__rosidl_typesupport_fastrtps_c.so\n'}
[0.986707] (speech_to_text_interfaces) StdoutLine: {'line': b'-- Up-to-date: /home/dredre/DevStuff/scrollDiary/speechToText/ros2Workspace/install/speech_to_text_interfaces/include/speech_to_text_interfaces/speech_to_text_interfaces\n'}
[0.986795] (speech_to_text_interfaces) StdoutLine: {'line': b'-- Up-to-date: /home/dredre/DevStuff/scrollDiary/speechToText/ros2Workspace/install/speech_to_text_interfaces/include/speech_to_text_interfaces/speech_to_text_interfaces/msg\n'}
[0.986887] (speech_to_text_interfaces) StdoutLine: {'line': b'-- Up-to-date: /home/dredre/DevStuff/scrollDiary/speechToText/ros2Workspace/install/speech_to_text_interfaces/include/speech_to_text_interfaces/speech_to_text_interfaces/msg/rosidl_typesupport_introspection_c__visibility_control.h\n'}
[0.986977] (speech_to_text_interfaces) StdoutLine: {'line': b'-- Up-to-date: /home/dredre/DevStuff/scrollDiary/speechToText/ros2Workspace/install/speech_to_text_interfaces/include/speech_to_text_interfaces/speech_to_text_interfaces/msg/detail\n'}
[0.987060] (speech_to_text_interfaces) StdoutLine: {'line': b'-- Up-to-date: /home/dredre/DevStuff/scrollDiary/speechToText/ros2Workspace/install/speech_to_text_interfaces/include/speech_to_text_interfaces/speech_to_text_interfaces/msg/detail/audio_stamped__rosidl_typesupport_introspection_c.h\n'}
[0.987163] (speech_to_text_interfaces) StdoutLine: {'line': b'-- Up-to-date: /home/dredre/DevStuff/scrollDiary/speechToText/ros2Workspace/install/speech_to_text_interfaces/include/speech_to_text_interfaces/speech_to_text_interfaces/msg/detail/audio_stamped__type_support.c\n'}
[0.987440] (speech_to_text_interfaces) StdoutLine: {'line': b'-- Up-to-date: /home/dredre/DevStuff/scrollDiary/speechToText/ros2Workspace/install/speech_to_text_interfaces/lib/libspeech_to_text_interfaces__rosidl_typesupport_introspection_c.so\n'}
[0.987547] (speech_to_text_interfaces) StdoutLine: {'line': b'-- Up-to-date: /home/dredre/DevStuff/scrollDiary/speechToText/ros2Workspace/install/speech_to_text_interfaces/lib/libspeech_to_text_interfaces__rosidl_typesupport_c.so\n'}
[0.987808] (speech_to_text_interfaces) StdoutLine: {'line': b'-- Up-to-date: /home/dredre/DevStuff/scrollDiary/speechToText/ros2Workspace/install/speech_to_text_interfaces/include/speech_to_text_interfaces/speech_to_text_interfaces\n'}
[0.987954] (speech_to_text_interfaces) StdoutLine: {'line': b'-- Up-to-date: /home/dredre/DevStuff/scrollDiary/speechToText/ros2Workspace/install/speech_to_text_interfaces/include/speech_to_text_interfaces/speech_to_text_interfaces/msg\n'}
[0.988047] (speech_to_text_interfaces) StdoutLine: {'line': b'-- Up-to-date: /home/dredre/DevStuff/scrollDiary/speechToText/ros2Workspace/install/speech_to_text_interfaces/include/speech_to_text_interfaces/speech_to_text_interfaces/msg/rosidl_generator_cpp__visibility_control.hpp\n'}
[0.988201] (speech_to_text_interfaces) StdoutLine: {'line': b'-- Up-to-date: /home/dredre/DevStuff/scrollDiary/speechToText/ros2Workspace/install/speech_to_text_interfaces/include/speech_to_text_interfaces/speech_to_text_interfaces/msg/audio_stamped.hpp\n'}
[0.988332] (speech_to_text_interfaces) StdoutLine: {'line': b'-- Up-to-date: /home/dredre/DevStuff/scrollDiary/speechToText/ros2Workspace/install/speech_to_text_interfaces/include/speech_to_text_interfaces/speech_to_text_interfaces/msg/detail\n'}
[0.988523] (speech_to_text_interfaces) StdoutLine: {'line': b'-- Up-to-date: /home/dredre/DevStuff/scrollDiary/speechToText/ros2Workspace/install/speech_to_text_interfaces/include/speech_to_text_interfaces/speech_to_text_interfaces/msg/detail/audio_stamped__builder.hpp\n'}
[0.988676] (speech_to_text_interfaces) StdoutLine: {'line': b'-- Up-to-date: /home/dredre/DevStuff/scrollDiary/speechToText/ros2Workspace/install/speech_to_text_interfaces/include/speech_to_text_interfaces/speech_to_text_interfaces/msg/detail/audio_stamped__struct.hpp\n'}
[0.988784] (speech_to_text_interfaces) StdoutLine: {'line': b'-- Up-to-date: /home/dredre/DevStuff/scrollDiary/speechToText/ros2Workspace/install/speech_to_text_interfaces/include/speech_to_text_interfaces/speech_to_text_interfaces/msg/detail/audio_stamped__traits.hpp\n'}
[0.988984] (speech_to_text_interfaces) StdoutLine: {'line': b'-- Up-to-date: /home/dredre/DevStuff/scrollDiary/speechToText/ros2Workspace/install/speech_to_text_interfaces/include/speech_to_text_interfaces/speech_to_text_interfaces/msg/detail/audio_stamped__type_support.hpp\n'}
[0.989309] (speech_to_text_interfaces) StdoutLine: {'line': b'-- Up-to-date: /home/dredre/DevStuff/scrollDiary/speechToText/ros2Workspace/install/speech_to_text_interfaces/include/speech_to_text_interfaces/speech_to_text_interfaces\n'}
[0.989547] (speech_to_text_interfaces) StdoutLine: {'line': b'-- Up-to-date: /home/dredre/DevStuff/scrollDiary/speechToText/ros2Workspace/install/speech_to_text_interfaces/include/speech_to_text_interfaces/speech_to_text_interfaces/msg\n'}
[0.989666] (speech_to_text_interfaces) StdoutLine: {'line': b'-- Up-to-date: /home/dredre/DevStuff/scrollDiary/speechToText/ros2Workspace/install/speech_to_text_interfaces/include/speech_to_text_interfaces/speech_to_text_interfaces/msg/rosidl_typesupport_fastrtps_cpp__visibility_control.h\n'}
[0.989776] (speech_to_text_interfaces) StdoutLine: {'line': b'-- Up-to-date: /home/dredre/DevStuff/scrollDiary/speechToText/ros2Workspace/install/speech_to_text_interfaces/include/speech_to_text_interfaces/speech_to_text_interfaces/msg/detail\n'}
[0.989868] (speech_to_text_interfaces) StdoutLine: {'line': b'-- Up-to-date: /home/dredre/DevStuff/scrollDiary/speechToText/ros2Workspace/install/speech_to_text_interfaces/include/speech_to_text_interfaces/speech_to_text_interfaces/msg/detail/audio_stamped__rosidl_typesupport_fastrtps_cpp.hpp\n'}
[0.989959] (speech_to_text_interfaces) StdoutLine: {'line': b'-- Up-to-date: /home/dredre/DevStuff/scrollDiary/speechToText/ros2Workspace/install/speech_to_text_interfaces/include/speech_to_text_interfaces/speech_to_text_interfaces/msg/detail/dds_fastrtps\n'}
[0.990060] (speech_to_text_interfaces) StdoutLine: {'line': b'-- Up-to-date: /home/dredre/DevStuff/scrollDiary/speechToText/ros2Workspace/install/speech_to_text_interfaces/lib/libspeech_to_text_interfaces__rosidl_typesupport_fastrtps_cpp.so\n'}
[0.990178] (speech_to_text_interfaces) StdoutLine: {'line': b'-- Up-to-date: /home/dredre/DevStuff/scrollDiary/speechToText/ros2Workspace/install/speech_to_text_interfaces/include/speech_to_text_interfaces/speech_to_text_interfaces\n'}
[0.990406] (speech_to_text_interfaces) StdoutLine: {'line': b'-- Up-to-date: /home/dredre/DevStuff/scrollDiary/speechToText/ros2Workspace/install/speech_to_text_interfaces/include/speech_to_text_interfaces/speech_to_text_interfaces/msg\n'}
[0.990546] (speech_to_text_interfaces) StdoutLine: {'line': b'-- Up-to-date: /home/dredre/DevStuff/scrollDiary/speechToText/ros2Workspace/install/speech_to_text_interfaces/include/speech_to_text_interfaces/speech_to_text_interfaces/msg/detail\n'}
[0.990654] (speech_to_text_interfaces) StdoutLine: {'line': b'-- Up-to-date: /home/dredre/DevStuff/scrollDiary/speechToText/ros2Workspace/install/speech_to_text_interfaces/include/speech_to_text_interfaces/speech_to_text_interfaces/msg/detail/audio_stamped__rosidl_typesupport_introspection_cpp.hpp\n'}
[0.990759] (speech_to_text_interfaces) StdoutLine: {'line': b'-- Up-to-date: /home/dredre/DevStuff/scrollDiary/speechToText/ros2Workspace/install/speech_to_text_interfaces/include/speech_to_text_interfaces/speech_to_text_interfaces/msg/detail/audio_stamped__type_support.cpp\n'}
[0.990854] (speech_to_text_interfaces) StdoutLine: {'line': b'-- Up-to-date: /home/dredre/DevStuff/scrollDiary/speechToText/ros2Workspace/install/speech_to_text_interfaces/lib/libspeech_to_text_interfaces__rosidl_typesupport_introspection_cpp.so\n'}
[0.990941] (speech_to_text_interfaces) StdoutLine: {'line': b'-- Up-to-date: /home/dredre/DevStuff/scrollDiary/speechToText/ros2Workspace/install/speech_to_text_interfaces/lib/libspeech_to_text_interfaces__rosidl_typesupport_cpp.so\n'}
[0.991028] (speech_to_text_interfaces) StdoutLine: {'line': b'-- Up-to-date: /home/dredre/DevStuff/scrollDiary/speechToText/ros2Workspace/install/speech_to_text_interfaces/share/speech_to_text_interfaces/environment/pythonpath.sh\n'}
[0.991115] (speech_to_text_interfaces) StdoutLine: {'line': b'-- Up-to-date: /home/dredre/DevStuff/scrollDiary/speechToText/ros2Workspace/install/speech_to_text_interfaces/share/speech_to_text_interfaces/environment/pythonpath.dsv\n'}
[0.991199] (speech_to_text_interfaces) StdoutLine: {'line': b'-- Up-to-date: /home/dredre/DevStuff/scrollDiary/speechToText/ros2Workspace/install/speech_to_text_interfaces/lib/python3.12/site-packages/speech_to_text_interfaces-0.0.0-py3.12.egg-info\n'}
[0.991368] (speech_to_text_interfaces) StdoutLine: {'line': b'-- Installing: /home/dredre/DevStuff/scrollDiary/speechToText/ros2Workspace/install/speech_to_text_interfaces/lib/python3.12/site-packages/speech_to_text_interfaces-0.0.0-py3.12.egg-info/dependency_links.txt\n'}
[0.993734] (speech_to_text_interfaces) StdoutLine: {'line': b'-- Installing: /home/dredre/DevStuff/scrollDiary/speechToText/ros2Workspace/install/speech_to_text_interfaces/lib/python3.12/site-packages/speech_to_text_interfaces-0.0.0-py3.12.egg-info/top_level.txt\n'}
[0.993896] (speech_to_text_interfaces) StdoutLine: {'line': b'-- Installing: /home/dredre/DevStuff/scrollDiary/speechToText/ros2Workspace/install/speech_to_text_interfaces/lib/python3.12/site-packages/speech_to_text_interfaces-0.0.0-py3.12.egg-info/SOURCES.txt\n'}
[0.994002] (speech_to_text_interfaces) StdoutLine: {'line': b'-- Installing: /home/dredre/DevStuff/scrollDiary/speechToText/ros2Workspace/install/speech_to_text_interfaces/lib/python3.12/site-packages/speech_to_text_interfaces-0.0.0-py3.12.egg-info/PKG-INFO\n'}
[0.994098] (speech_to_text_interfaces) StdoutLine: {'line': b'-- Up-to-date: /home/dredre/DevStuff/scrollDiary/speechToText/ros2Workspace/install/speech_to_text_interfaces/lib/python3.12/site-packages/speech_to_text_interfaces\n'}
[0.994188] (speech_to_text_interfaces) StdoutLine: {'line': b'-- Up-to-date: /home/dredre/DevStuff/scrollDiary/speechToText/ros2Workspace/install/speech_to_text_interfaces/lib/python3.12/site-packages/speech_to_text_interfaces/_speech_to_text_interfaces_s.ep.rosidl_typesupport_fastrtps_c.c\n'}
[0.994378] (speech_to_text_interfaces) StdoutLine: {'line': b'-- Up-to-date: /home/dredre/DevStuff/scrollDiary/speechToText/ros2Workspace/install/speech_to_text_interfaces/lib/python3.12/site-packages/speech_to_text_interfaces/_speech_to_text_interfaces_s.ep.rosidl_typesupport_introspection_c.c\n'}
[0.994489] (speech_to_text_interfaces) StdoutLine: {'line': b'-- Up-to-date: /home/dredre/DevStuff/scrollDiary/speechToText/ros2Workspace/install/speech_to_text_interfaces/lib/python3.12/site-packages/speech_to_text_interfaces/speech_to_text_interfaces_s__rosidl_typesupport_c.so\n'}
[0.994585] (speech_to_text_interfaces) StdoutLine: {'line': b'-- Up-to-date: /home/dredre/DevStuff/scrollDiary/speechToText/ros2Workspace/install/speech_to_text_interfaces/lib/python3.12/site-packages/speech_to_text_interfaces/msg\n'}
[0.994681] (speech_to_text_interfaces) StdoutLine: {'line': b'-- Up-to-date: /home/dredre/DevStuff/scrollDiary/speechToText/ros2Workspace/install/speech_to_text_interfaces/lib/python3.12/site-packages/speech_to_text_interfaces/msg/_audio_stamped_s.c\n'}
[0.994783] (speech_to_text_interfaces) StdoutLine: {'line': b'-- Up-to-date: /home/dredre/DevStuff/scrollDiary/speechToText/ros2Workspace/install/speech_to_text_interfaces/lib/python3.12/site-packages/speech_to_text_interfaces/msg/__init__.py\n'}
[0.994894] (speech_to_text_interfaces) StdoutLine: {'line': b'-- Up-to-date: /home/dredre/DevStuff/scrollDiary/speechToText/ros2Workspace/install/speech_to_text_interfaces/lib/python3.12/site-packages/speech_to_text_interfaces/msg/_audio_stamped.py\n'}
[0.994992] (speech_to_text_interfaces) StdoutLine: {'line': b'-- Up-to-date: /home/dredre/DevStuff/scrollDiary/speechToText/ros2Workspace/install/speech_to_text_interfaces/lib/python3.12/site-packages/speech_to_text_interfaces/__init__.py\n'}
[0.995080] (speech_to_text_interfaces) StdoutLine: {'line': b'-- Up-to-date: /home/dredre/DevStuff/scrollDiary/speechToText/ros2Workspace/install/speech_to_text_interfaces/lib/python3.12/site-packages/speech_to_text_interfaces/speech_to_text_interfaces_s__rosidl_typesupport_introspection_c.so\n'}
[0.995172] (speech_to_text_interfaces) StdoutLine: {'line': b'-- Up-to-date: /home/dredre/DevStuff/scrollDiary/speechToText/ros2Workspace/install/speech_to_text_interfaces/lib/python3.12/site-packages/speech_to_text_interfaces/speech_to_text_interfaces_s__rosidl_typesupport_fastrtps_c.so\n'}
[1.000624] (speech_to_text_interfaces) StdoutLine: {'line': b'-- Up-to-date: /home/dredre/DevStuff/scrollDiary/speechToText/ros2Workspace/install/speech_to_text_interfaces/lib/python3.12/site-packages/speech_to_text_interfaces/_speech_to_text_interfaces_s.ep.rosidl_typesupport_c.c\n'}
[1.003652] (-) TimerEvent: {}
[1.094312] (speech_to_text_interfaces) StdoutLine: {'line': b"Listing '/home/dredre/DevStuff/scrollDiary/speechToText/ros2Workspace/install/speech_to_text_interfaces/lib/python3.12/site-packages/speech_to_text_interfaces'...\n"}
[1.094935] (speech_to_text_interfaces) StdoutLine: {'line': b"Listing '/home/dredre/DevStuff/scrollDiary/speechToText/ros2Workspace/install/speech_to_text_interfaces/lib/python3.12/site-packages/speech_to_text_interfaces/msg'...\n"}
[1.105295] (-) TimerEvent: {}
[1.127947] (speech_to_text_interfaces) StdoutLine: {'line': b'-- Up-to-date: /home/dredre/DevStuff/scrollDiary/speechToText/ros2Workspace/install/speech_to_text_interfaces/lib/python3.12/site-packages/speech_to_text_interfaces/speech_to_text_interfaces_s__rosidl_typesupport_fastrtps_c.so\n'}
[1.131458] (speech_to_text_interfaces) StdoutLine: {'line': b'-- Up-to-date: /home/dredre/DevStuff/scrollDiary/speechToText/ros2Workspace/install/speech_to_text_interfaces/lib/python3.12/site-packages/speech_to_text_interfaces/speech_to_text_interfaces_s__rosidl_typesupport_introspection_c.so\n'}
[1.137811] (speech_to_text_interfaces) StdoutLine: {'line': b'-- Up-to-date: /home/dredre/DevStuff/scrollDiary/speechToText/ros2Workspace/install/speech_to_text_interfaces/lib/python3.12/site-packages/speech_to_text_interfaces/speech_to_text_interfaces_s__rosidl_typesupport_c.so\n'}
[1.140446] (speech_to_text_interfaces) StdoutLine: {'line': b'-- Up-to-date: /home/dredre/DevStuff/scrollDiary/speechToText/ros2Workspace/install/speech_to_text_interfaces/lib/libspeech_to_text_interfaces__rosidl_generator_py.so\n'}
[1.141841] (speech_to_text_interfaces) StdoutLine: {'line': b'-- Up-to-date: /home/dredre/DevStuff/scrollDiary/speechToText/ros2Workspace/install/speech_to_text_interfaces/share/speech_to_text_interfaces/msg/AudioStamped.idl\n'}
[1.142084] (speech_to_text_interfaces) StdoutLine: {'line': b'-- Up-to-date: /home/dredre/DevStuff/scrollDiary/speechToText/ros2Workspace/install/speech_to_text_interfaces/share/speech_to_text_interfaces/msg/AudioStamped.msg\n'}
[1.146570] (speech_to_text_interfaces) StdoutLine: {'line': b'-- Up-to-date: /home/dredre/DevStuff/scrollDiary/speechToText/ros2Workspace/install/speech_to_text_interfaces/share/ament_index/resource_index/package_run_dependencies/speech_to_text_interfaces\n'}
[1.147142] (speech_to_text_interfaces) StdoutLine: {'line': b'-- Up-to-date: /home/dredre/DevStuff/scrollDiary/speechToText/ros2Workspace/install/speech_to_text_interfaces/share/ament_index/resource_index/parent_prefix_path/speech_to_text_interfaces\n'}
[1.147691] (speech_to_text_interfaces) StdoutLine: {'line': b'-- Up-to-date: /home/dredre/DevStuff/scrollDiary/speechToText/ros2Workspace/install/speech_to_text_interfaces/share/speech_to_text_interfaces/environment/ament_prefix_path.sh\n'}
[1.147975] (speech_to_text_interfaces) StdoutLine: {'line': b'-- Up-to-date: /home/dredre/DevStuff/scrollDiary/speechToText/ros2Workspace/install/speech_to_text_interfaces/share/speech_to_text_interfaces/environment/ament_prefix_path.dsv\n'}
[1.148199] (speech_to_text_interfaces) StdoutLine: {'line': b'-- Up-to-date: /home/dredre/DevStuff/scrollDiary/speechToText/ros2Workspace/install/speech_to_text_interfaces/share/speech_to_text_interfaces/environment/path.sh\n'}
[1.148469] (speech_to_text_interfaces) StdoutLine: {'line': b'-- Up-to-date: /home/dredre/DevStuff/scrollDiary/speechToText/ros2Workspace/install/speech_to_text_interfaces/share/speech_to_text_interfaces/environment/path.dsv\n'}
[1.154901] (speech_to_text_interfaces) StdoutLine: {'line': b'-- Up-to-date: /home/dredre/DevStuff/scrollDiary/speechToText/ros2Workspace/install/speech_to_text_interfaces/share/speech_to_text_interfaces/local_setup.bash\n'}
[1.155513] (speech_to_text_interfaces) StdoutLine: {'line': b'-- Up-to-date: /home/dredre/DevStuff/scrollDiary/speechToText/ros2Workspace/install/speech_to_text_interfaces/share/speech_to_text_interfaces/local_setup.sh\n'}
[1.155750] (speech_to_text_interfaces) StdoutLine: {'line': b'-- Up-to-date: /home/dredre/DevStuff/scrollDiary/speechToText/ros2Workspace/install/speech_to_text_interfaces/share/speech_to_text_interfaces/local_setup.zsh\n'}
[1.155976] (speech_to_text_interfaces) StdoutLine: {'line': b'-- Up-to-date: /home/dredre/DevStuff/scrollDiary/speechToText/ros2Workspace/install/speech_to_text_interfaces/share/speech_to_text_interfaces/local_setup.dsv\n'}
[1.156172] (speech_to_text_interfaces) StdoutLine: {'line': b'-- Installing: /home/dredre/DevStuff/scrollDiary/speechToText/ros2Workspace/install/speech_to_text_interfaces/share/speech_to_text_interfaces/package.dsv\n'}
[1.156469] (speech_to_text_interfaces) StdoutLine: {'line': b'-- Up-to-date: /home/dredre/DevStuff/scrollDiary/speechToText/ros2Workspace/install/speech_to_text_interfaces/share/ament_index/resource_index/packages/speech_to_text_interfaces\n'}
[1.156750] (speech_to_text_interfaces) StdoutLine: {'line': b'-- Up-to-date: /home/dredre/DevStuff/scrollDiary/speechToText/ros2Workspace/install/speech_to_text_interfaces/share/speech_to_text_interfaces/cmake/export_speech_to_text_interfaces__rosidl_generator_cExport.cmake\n'}
[1.160765] (speech_to_text_interfaces) StdoutLine: {'line': b'-- Up-to-date: /home/dredre/DevStuff/scrollDiary/speechToText/ros2Workspace/install/speech_to_text_interfaces/share/speech_to_text_interfaces/cmake/export_speech_to_text_interfaces__rosidl_generator_cExport-noconfig.cmake\n'}
[1.161491] (speech_to_text_interfaces) StdoutLine: {'line': b'-- Up-to-date: /home/dredre/DevStuff/scrollDiary/speechToText/ros2Workspace/install/speech_to_text_interfaces/share/speech_to_text_interfaces/cmake/export_speech_to_text_interfaces__rosidl_typesupport_fastrtps_cExport.cmake\n'}
[1.161726] (speech_to_text_interfaces) StdoutLine: {'line': b'-- Up-to-date: /home/dredre/DevStuff/scrollDiary/speechToText/ros2Workspace/install/speech_to_text_interfaces/share/speech_to_text_interfaces/cmake/export_speech_to_text_interfaces__rosidl_typesupport_fastrtps_cExport-noconfig.cmake\n'}
[1.161899] (speech_to_text_interfaces) StdoutLine: {'line': b'-- Up-to-date: /home/dredre/DevStuff/scrollDiary/speechToText/ros2Workspace/install/speech_to_text_interfaces/share/speech_to_text_interfaces/cmake/speech_to_text_interfaces__rosidl_typesupport_introspection_cExport.cmake\n'}
[1.164344] (speech_to_text_interfaces) StdoutLine: {'line': b'-- Up-to-date: /home/dredre/DevStuff/scrollDiary/speechToText/ros2Workspace/install/speech_to_text_interfaces/share/speech_to_text_interfaces/cmake/speech_to_text_interfaces__rosidl_typesupport_introspection_cExport-noconfig.cmake\n'}
[1.164942] (speech_to_text_interfaces) StdoutLine: {'line': b'-- Up-to-date: /home/dredre/DevStuff/scrollDiary/speechToText/ros2Workspace/install/speech_to_text_interfaces/share/speech_to_text_interfaces/cmake/speech_to_text_interfaces__rosidl_typesupport_cExport.cmake\n'}
[1.168150] (speech_to_text_interfaces) StdoutLine: {'line': b'-- Up-to-date: /home/dredre/DevStuff/scrollDiary/speechToText/ros2Workspace/install/speech_to_text_interfaces/share/speech_to_text_interfaces/cmake/speech_to_text_interfaces__rosidl_typesupport_cExport-noconfig.cmake\n'}
[1.168571] (speech_to_text_interfaces) StdoutLine: {'line': b'-- Up-to-date: /home/dredre/DevStuff/scrollDiary/speechToText/ros2Workspace/install/speech_to_text_interfaces/share/speech_to_text_interfaces/cmake/export_speech_to_text_interfaces__rosidl_generator_cppExport.cmake\n'}
[1.168809] (speech_to_text_interfaces) StdoutLine: {'line': b'-- Up-to-date: /home/dredre/DevStuff/scrollDiary/speechToText/ros2Workspace/install/speech_to_text_interfaces/share/speech_to_text_interfaces/cmake/export_speech_to_text_interfaces__rosidl_typesupport_fastrtps_cppExport.cmake\n'}
[1.171844] (speech_to_text_interfaces) StdoutLine: {'line': b'-- Up-to-date: /home/dredre/DevStuff/scrollDiary/speechToText/ros2Workspace/install/speech_to_text_interfaces/share/speech_to_text_interfaces/cmake/export_speech_to_text_interfaces__rosidl_typesupport_fastrtps_cppExport-noconfig.cmake\n'}
[1.172469] (speech_to_text_interfaces) StdoutLine: {'line': b'-- Up-to-date: /home/dredre/DevStuff/scrollDiary/speechToText/ros2Workspace/install/speech_to_text_interfaces/share/speech_to_text_interfaces/cmake/speech_to_text_interfaces__rosidl_typesupport_introspection_cppExport.cmake\n'}
[1.172729] (speech_to_text_interfaces) StdoutLine: {'line': b'-- Up-to-date: /home/dredre/DevStuff/scrollDiary/speechToText/ros2Workspace/install/speech_to_text_interfaces/share/speech_to_text_interfaces/cmake/speech_to_text_interfaces__rosidl_typesupport_introspection_cppExport-noconfig.cmake\n'}
[1.174718] (speech_to_text_interfaces) StdoutLine: {'line': b'-- Up-to-date: /home/dredre/DevStuff/scrollDiary/speechToText/ros2Workspace/install/speech_to_text_interfaces/share/speech_to_text_interfaces/cmake/speech_to_text_interfaces__rosidl_typesupport_cppExport.cmake\n'}
[1.176929] (speech_to_text_interfaces) StdoutLine: {'line': b'-- Up-to-date: /home/dredre/DevStuff/scrollDiary/speechToText/ros2Workspace/install/speech_to_text_interfaces/share/speech_to_text_interfaces/cmake/speech_to_text_interfaces__rosidl_typesupport_cppExport-noconfig.cmake\n'}
[1.177344] (speech_to_text_interfaces) StdoutLine: {'line': b'-- Up-to-date: /home/dredre/DevStuff/scrollDiary/speechToText/ros2Workspace/install/speech_to_text_interfaces/share/speech_to_text_interfaces/cmake/export_speech_to_text_interfaces__rosidl_generator_pyExport.cmake\n'}
[1.180021] (speech_to_text_interfaces) StdoutLine: {'line': b'-- Up-to-date: /home/dredre/DevStuff/scrollDiary/speechToText/ros2Workspace/install/speech_to_text_interfaces/share/speech_to_text_interfaces/cmake/export_speech_to_text_interfaces__rosidl_generator_pyExport-noconfig.cmake\n'}
[1.180378] (speech_to_text_interfaces) StdoutLine: {'line': b'-- Up-to-date: /home/dredre/DevStuff/scrollDiary/speechToText/ros2Workspace/install/speech_to_text_interfaces/share/speech_to_text_interfaces/cmake/rosidl_cmake-extras.cmake\n'}
[1.180601] (speech_to_text_interfaces) StdoutLine: {'line': b'-- Up-to-date: /home/dredre/DevStuff/scrollDiary/speechToText/ros2Workspace/install/speech_to_text_interfaces/share/speech_to_text_interfaces/cmake/ament_cmake_export_include_directories-extras.cmake\n'}
[1.186368] (speech_to_text_interfaces) StdoutLine: {'line': b'-- Up-to-date: /home/dredre/DevStuff/scrollDiary/speechToText/ros2Workspace/install/speech_to_text_interfaces/share/speech_to_text_interfaces/cmake/ament_cmake_export_libraries-extras.cmake\n'}
[1.188348] (speech_to_text_interfaces) StdoutLine: {'line': b'-- Up-to-date: /home/dredre/DevStuff/scrollDiary/speechToText/ros2Workspace/install/speech_to_text_interfaces/share/speech_to_text_interfaces/cmake/ament_cmake_export_targets-extras.cmake\n'}
[1.188705] (speech_to_text_interfaces) StdoutLine: {'line': b'-- Up-to-date: /home/dredre/DevStuff/scrollDiary/speechToText/ros2Workspace/install/speech_to_text_interfaces/share/speech_to_text_interfaces/cmake/rosidl_cmake_export_typesupport_targets-extras.cmake\n'}
[1.188925] (speech_to_text_interfaces) StdoutLine: {'line': b'-- Up-to-date: /home/dredre/DevStuff/scrollDiary/speechToText/ros2Workspace/install/speech_to_text_interfaces/share/speech_to_text_interfaces/cmake/ament_cmake_export_dependencies-extras.cmake\n'}
[1.192322] (speech_to_text_interfaces) StdoutLine: {'line': b'-- Up-to-date: /home/dredre/DevStuff/scrollDiary/speechToText/ros2Workspace/install/speech_to_text_interfaces/share/speech_to_text_interfaces/cmake/rosidl_cmake_export_typesupport_libraries-extras.cmake\n'}
[1.193023] (speech_to_text_interfaces) StdoutLine: {'line': b'-- Up-to-date: /home/dredre/DevStuff/scrollDiary/speechToText/ros2Workspace/install/speech_to_text_interfaces/share/speech_to_text_interfaces/cmake/speech_to_text_interfacesConfig.cmake\n'}
[1.196100] (speech_to_text_interfaces) StdoutLine: {'line': b'-- Up-to-date: /home/dredre/DevStuff/scrollDiary/speechToText/ros2Workspace/install/speech_to_text_interfaces/share/speech_to_text_interfaces/cmake/speech_to_text_interfacesConfig-version.cmake\n'}
[1.196684] (speech_to_text_interfaces) StdoutLine: {'line': b'-- Up-to-date: /home/dredre/DevStuff/scrollDiary/speechToText/ros2Workspace/install/speech_to_text_interfaces/share/speech_to_text_interfaces/package.xml\n'}
[1.204933] (speech_to_text_interfaces) CommandEnded: {'returncode': 0}
[1.206125] (-) TimerEvent: {}
[1.308772] (-) TimerEvent: {}
[1.334012] (speech_to_text_interfaces) JobEnded: {'identifier': 'speech_to_text_interfaces', 'rc': 0}
[1.335345] (speech_to_text_pkg) JobStarted: {'identifier': 'speech_to_text_pkg'}
[1.367987] (speech_to_text_pkg) JobProgress: {'identifier': 'speech_to_text_pkg', 'progress': 'cmake'}
[1.368095] (speech_to_text_pkg) JobProgress: {'identifier': 'speech_to_text_pkg', 'progress': 'build'}
[1.368131] (speech_to_text_pkg) Command: {'cmd': ['/usr/local/bin/cmake', '--build', '/home/dredre/DevStuff/scrollDiary/speechToText/ros2Workspace/build/speech_to_text_pkg', '--', '-j4', '-l4'], 'cwd': '/home/dredre/DevStuff/scrollDiary/speechToText/ros2Workspace/build/speech_to_text_pkg', 'env': OrderedDict({'LESSOPEN': '| /usr/bin/lesspipe %s', 'USER': 'dredre', 'GZ_CONFIG_PATH': '/opt/ros/jazzy/opt/sdformat_vendor/share/gz', 'XDG_SESSION_TYPE': 'wayland', 'CLUTTER_DISABLE_MIPMAPPED_TEXT': '1', 'SHLVL': '1', 'LD_LIBRARY_PATH': '/home/dredre/DevStuff/scrollDiary/speechToText/ros2Workspace/install/speech_to_text_interfaces/lib:/home/dredre/DevStuff/scrollDiary/speechToText/ros2Workspace/install/speech_to_text_pkg/lib:/opt/ros/jazzy/opt/sdformat_vendor/lib:/opt/ros/jazzy/opt/rviz_ogre_vendor/lib:/opt/ros/jazzy/lib/aarch64-linux-gnu:/opt/ros/jazzy/opt/gz_math_vendor/lib:/opt/ros/jazzy/opt/gz_utils_vendor/lib:/opt/ros/jazzy/opt/gz_tools_vendor/lib:/opt/ros/jazzy/opt/gz_cmake_vendor/lib:/opt/ros/jazzy/lib', 'HOME': '/home/dredre', 'OLDPWD': '/home/dredre/DevStuff/scrollDiary', 'DESKTOP_SESSION': 'ubuntu', 'ROS_PYTHON_VERSION': '3', 'GNOME_SHELL_SESSION_MODE': 'ubuntu', 'GTK_MODULES': 'gail:atk-bridge', 'SYSTEMD_EXEC_PID': '25429', 'GSM_SKIP_SSH_AGENT_WORKAROUND': 'true', 'DBUS_SESSION_BUS_ADDRESS': 'unix:path=/run/user/1000/bus', 'COLORTERM': 'truecolor', 'DEBUGINFOD_URLS': 'https://debuginfod.ubuntu.com', 'IM_CONFIG_PHASE': '1', 'WAYLAND_DISPLAY': 'wayland-0', 'COLCON_PREFIX_PATH': '/home/dredre/DevStuff/scrollDiary/speechToText/ros2Workspace/install', 'ROS_DISTRO': 'jazzy', 'LOGNAME': 'dredre', '_': '/usr/bin/colcon', 'ROS_VERSION': '2', 'MEMORY_PRESSURE_WATCH': '/sys/fs/cgroup/user.slice/user-1000.slice/user@1000.service/session.slice/org.gnome.Shell@wayland.service/memory.pressure', 'XDG_SESSION_CLASS': 'user', 'USERNAME': 'dredre', 'TERM': 'xterm-256color', 'GNOME_DESKTOP_SESSION_ID': 'this-is-deprecated', 'PATH': '/opt/ros/jazzy/opt/gz_tools_vendor/bin:/opt/ros/jazzy/bin:/home/dredre/.local/bin:/usr/local/sbin:/usr/local/bin:/usr/sbin:/usr/bin:/sbin:/bin:/usr/games:/usr/local/games:/snap/bin:/snap/bin:/home/dredre/.local/bin', 'SESSION_MANAGER': 'local/dredre-desktop:@/tmp/.ICE-unix/25400,unix/dredre-desktop:/tmp/.ICE-unix/25400', 'XDG_MENU_PREFIX': 'gnome-', 'GNOME_TERMINAL_SCREEN': '/org/gnome/Terminal/screen/706f0d83_a060_4c10_b414_5de519fb05e7', 'GNOME_SETUP_DISPLAY': ':1', 'XDG_RUNTIME_DIR': '/run/user/1000', 'DISPLAY': ':0', 'LANG': 'C.UTF-8', 'XDG_CURRENT_DESKTOP': 'ubuntu:GNOME', 'XMODIFIERS': '@im=ibus', 'XDG_SESSION_DESKTOP': 'ubuntu', 'XAUTHORITY': '/run/user/1000/.mutter-Xwaylandauth.5Z7NP3', 'LS_COLORS': 'rs=0:di=01;34:ln=01;36:mh=00:pi=40;33:so=01;35:do=01;35:bd=40;33;01:cd=40;33;01:or=40;31;01:mi=00:su=37;41:sg=30;43:ca=00:tw=30;42:ow=34;42:st=37;44:ex=01;32:*.tar=01;31:*.tgz=01;31:*.arc=01;31:*.arj=01;31:*.taz=01;31:*.lha=01;31:*.lz4=01;31:*.lzh=01;31:*.lzma=01;31:*.tlz=01;31:*.txz=01;31:*.tzo=01;31:*.t7z=01;31:*.zip=01;31:*.z=01;31:*.dz=01;31:*.gz=01;31:*.lrz=01;31:*.lz=01;31:*.lzo=01;31:*.xz=01;31:*.zst=01;31:*.tzst=01;31:*.bz2=01;31:*.bz=01;31:*.tbz=01;31:*.tbz2=01;31:*.tz=01;31:*.deb=01;31:*.rpm=01;31:*.jar=01;31:*.war=01;31:*.ear=01;31:*.sar=01;31:*.rar=01;31:*.alz=01;31:*.ace=01;31:*.zoo=01;31:*.cpio=01;31:*.7z=01;31:*.rz=01;31:*.cab=01;31:*.wim=01;31:*.swm=01;31:*.dwm=01;31:*.esd=01;31:*.avif=01;35:*.jpg=01;35:*.jpeg=01;35:*.mjpg=01;35:*.mjpeg=01;35:*.gif=01;35:*.bmp=01;35:*.pbm=01;35:*.pgm=01;35:*.ppm=01;35:*.tga=01;35:*.xbm=01;35:*.xpm=01;35:*.tif=01;35:*.tiff=01;35:*.png=01;35:*.svg=01;35:*.svgz=01;35:*.mng=01;35:*.pcx=01;35:*.mov=01;35:*.mpg=01;35:*.mpeg=01;35:*.m2v=01;35:*.mkv=01;35:*.webm=01;35:*.webp=01;35:*.ogm=01;35:*.mp4=01;35:*.m4v=01;35:*.mp4v=01;35:*.vob=01;35:*.qt=01;35:*.nuv=01;35:*.wmv=01;35:*.asf=01;35:*.rm=01;35:*.rmvb=01;35:*.flc=01;35:*.avi=01;35:*.fli=01;35:*.flv=01;35:*.gl=01;35:*.dl=01;35:*.xcf=01;35:*.xwd=01;35:*.yuv=01;35:*.cgm=01;35:*.emf=01;35:*.ogv=01;35:*.ogx=01;35:*.aac=00;36:*.au=00;36:*.flac=00;36:*.m4a=00;36:*.mid=00;36:*.midi=00;36:*.mka=00;36:*.mp3=00;36:*.mpc=00;36:*.ogg=00;36:*.ra=00;36:*.wav=00;36:*.oga=00;36:*.opus=00;36:*.spx=00;36:*.xspf=00;36:*~=00;90:*#=00;90:*.bak=00;90:*.crdownload=00;90:*.dpkg-dist=00;90:*.dpkg-new=00;90:*.dpkg-old=00;90:*.dpkg-tmp=00;90:*.old=00;90:*.orig=00;90:*.part=00;90:*.rej=00;90:*.rpmnew=00;90:*.rpmorig=00;90:*.rpmsave=00;90:*.swp=00;90:*.tmp=00;90:*.ucf-dist=00;90:*.ucf-new=00;90:*.ucf-old=00;90:', 'GNOME_TERMINAL_SERVICE': ':1.98', 'SSH_AUTH_SOCK': '/run/user/1000/keyring/ssh', 'ROS_DOMAIN_ID': '1', 'AMENT_PREFIX_PATH': '/home/dredre/DevStuff/scrollDiary/speechToText/ros2Workspace/install/printer_pkg:/home/dredre/DevStuff/scrollDiary/speechToText/ros2Workspace/install/speech_to_text_pkg:/home/dredre/DevStuff/scrollDiary/speechToText/ros2Workspace/install/speech_to_text_interfaces:/opt/ros/jazzy', 'SHELL': '/bin/bash', 'QT_ACCESSIBILITY': '1', 'GDMSESSION': 'ubuntu', 'LESSCLOSE': '/usr/bin/lesspipe %s %s', 'ROS_AUTOMATIC_DISCOVERY_RANGE': 'SUBNET', 'QT_IM_MODULE': 'ibus', 'PWD': '/home/dredre/DevStuff/scrollDiary/speechToText/ros2Workspace/build/speech_to_text_pkg', 'XDG_CONFIG_DIRS': '/etc/xdg/xdg-ubuntu:/etc/xdg', 'XDG_DATA_DIRS': '/usr/share/ubuntu:/usr/share/gnome:/usr/local/share/:/usr/share/:/var/lib/snapd/desktop', 'PYTHONPATH': '/home/dredre/DevStuff/scrollDiary/speechToText/ros2Workspace/install/speech_to_text_interfaces/lib/python3.12/site-packages:/opt/ros/jazzy/lib/python3.12/site-packages', 'COLCON': '1', 'MEMORY_PRESSURE_WRITE': 'c29tZSAyMDAwMDAgMjAwMDAwMAA=', 'VTE_VERSION': '7600', 'CMAKE_PREFIX_PATH': '/home/dredre/DevStuff/scrollDiary/speechToText/ros2Workspace/install/speech_to_text_interfaces:/home/dredre/DevStuff/scrollDiary/speechToText/ros2Workspace/install/printer_pkg:/home/dredre/DevStuff/scrollDiary/speechToText/ros2Workspace/install/speech_to_text_pkg:/opt/ros/jazzy/opt/sdformat_vendor:/opt/ros/jazzy/opt/gz_math_vendor:/opt/ros/jazzy/opt/gz_utils_vendor:/opt/ros/jazzy/opt/gz_tools_vendor:/opt/ros/jazzy/opt/gz_cmake_vendor:/opt/ros/jazzy'}), 'shell': False}
[1.409425] (-) TimerEvent: {}
[1.494528] (speech_to_text_pkg) StdoutLine: {'line': b'[ 25%] Built target ggml-base\n'}
[1.500131] (speech_to_text_pkg) StdoutLine: {'line': b'[ 34%] Built target audio_capture_node\n'}
[1.512929] (-) TimerEvent: {}
[1.583589] (speech_to_text_pkg) StdoutLine: {'line': b'[ 37%] \x1b[32mBuilding CXX object CMakeFiles/transcription_pre_process_node.dir/src/whisperPreProcessNode.cpp.o\x1b[0m\n'}
[1.599777] (speech_to_text_pkg) StdoutLine: {'line': b'[ 80%] Built target ggml-cpu\n'}
[1.613755] (-) TimerEvent: {}
[1.702354] (speech_to_text_pkg) StdoutLine: {'line': b'[ 85%] Built target ggml\n'}
[1.714737] (-) TimerEvent: {}
[1.809983] (speech_to_text_pkg) StdoutLine: {'line': b'[ 91%] Built target whisper\n'}
[1.816331] (-) TimerEvent: {}
[1.921406] (-) TimerEvent: {}
[1.994559] (speech_to_text_pkg) StdoutLine: {'line': b'[ 97%] Built target whisper_transcription_node\n'}
[2.024364] (-) TimerEvent: {}
[2.124969] (-) TimerEvent: {}
[2.231376] (-) TimerEvent: {}
[2.331986] (-) TimerEvent: {}
[2.432633] (-) TimerEvent: {}
[2.536381] (-) TimerEvent: {}
[2.637469] (-) TimerEvent: {}
[2.738582] (-) TimerEvent: {}
[2.841770] (-) TimerEvent: {}
[2.942506] (-) TimerEvent: {}
[3.043697] (-) TimerEvent: {}
[3.147370] (-) TimerEvent: {}
[3.248007] (-) TimerEvent: {}
[3.348725] (-) TimerEvent: {}
[3.449371] (-) TimerEvent: {}
[3.552750] (-) TimerEvent: {}
[3.654077] (-) TimerEvent: {}
[3.755273] (-) TimerEvent: {}
[3.858903] (-) TimerEvent: {}
[3.965647] (-) TimerEvent: {}
[4.069765] (-) TimerEvent: {}
[4.171406] (-) TimerEvent: {}
[4.272099] (-) TimerEvent: {}
[4.372787] (-) TimerEvent: {}
[4.473209] (-) TimerEvent: {}
[4.576307] (-) TimerEvent: {}
[4.679761] (-) TimerEvent: {}
[4.780463] (-) TimerEvent: {}
[4.883739] (-) TimerEvent: {}
[4.985137] (-) TimerEvent: {}
[5.088615] (-) TimerEvent: {}
[5.189305] (-) TimerEvent: {}
[5.289687] (-) TimerEvent: {}
[5.390127] (-) TimerEvent: {}
[5.490952] (-) TimerEvent: {}
[5.595695] (-) TimerEvent: {}
[5.696590] (-) TimerEvent: {}
[5.801347] (-) TimerEvent: {}
[5.901809] (-) TimerEvent: {}
[6.002317] (-) TimerEvent: {}
[6.109105] (-) TimerEvent: {}
[6.214709] (-) TimerEvent: {}
[6.316703] (-) TimerEvent: {}
[6.417402] (-) TimerEvent: {}
[6.518271] (-) TimerEvent: {}
[6.619105] (-) TimerEvent: {}
[6.719734] (-) TimerEvent: {}
[6.820398] (-) TimerEvent: {}
[6.921035] (-) TimerEvent: {}
[7.021413] (-) TimerEvent: {}
[7.121781] (-) TimerEvent: {}
[7.222143] (-) TimerEvent: {}
[7.322605] (-) TimerEvent: {}
[7.423291] (-) TimerEvent: {}
[7.523957] (-) TimerEvent: {}
[7.624668] (-) TimerEvent: {}
[7.725578] (-) TimerEvent: {}
[7.826377] (-) TimerEvent: {}
[7.927235] (-) TimerEvent: {}
[8.027825] (-) TimerEvent: {}
[8.128589] (-) TimerEvent: {}
[8.229280] (-) TimerEvent: {}
[8.329682] (-) TimerEvent: {}
[8.430057] (-) TimerEvent: {}
[8.530446] (-) TimerEvent: {}
[8.630846] (-) TimerEvent: {}
[8.643052] (speech_to_text_pkg) StderrLine: {'line': b'In file included from \x1b[01m\x1b[K/home/dredre/DevStuff/scrollDiary/speechToText/ros2Workspace/src/speech_to_text_pkg/include/speech_to_text_pkg/whisperPreProcess.hpp:9\x1b[m\x1b[K,\n'}
[8.643581] (speech_to_text_pkg) StderrLine: {'line': b'                 from \x1b[01m\x1b[K/home/dredre/DevStuff/scrollDiary/speechToText/ros2Workspace/src/speech_to_text_pkg/src/whisperPreProcessNode.cpp:1\x1b[m\x1b[K:\n'}
[8.643720] (speech_to_text_pkg) StderrLine: {'line': b'\x1b[01m\x1b[K/home/dredre/DevStuff/scrollDiary/speechToText/ros2Workspace/src/speech_to_text_pkg/src/vad.hpp:\x1b[m\x1b[K In constructor \xe2\x80\x98\x1b[01m\x1b[KLightweightVAD::\x1b[01;32m\x1b[KLightweightVAD\x1b[m\x1b[K(float, float, float, float, int)\x1b[m\x1b[K\xe2\x80\x99:\n'}
[8.643826] (speech_to_text_pkg) StderrLine: {'line': b'\x1b[01m\x1b[K/home/dredre/DevStuff/scrollDiary/speechToText/ros2Workspace/src/speech_to_text_pkg/src/vad.hpp:11:11:\x1b[m\x1b[K \x1b[01;35m\x1b[Kwarning: \x1b[m\x1b[K\xe2\x80\x98\x1b[01m\x1b[KLightweightVAD::noiseAdaptRate_\x1b[m\x1b[K\xe2\x80\x99 will be initialized after [\x1b[01;35m\x1b[K\x1b]8;;https://gcc.gnu.org/onlinedocs/gcc/Warning-Options.html#index-Wreorder\x07-Wreorder\x1b]8;;\x07\x1b[m\x1b[K]\n'}
[8.643931] (speech_to_text_pkg) StderrLine: {'line': b'   11 |     float \x1b[01;35m\x1b[KnoiseAdaptRate_\x1b[m\x1b[K;\n'}
[8.644020] (speech_to_text_pkg) StderrLine: {'line': b'      |           \x1b[01;35m\x1b[K^~~~~~~~~~~~~~~\x1b[m\x1b[K\n'}
[8.644111] (speech_to_text_pkg) StderrLine: {'line': b'\x1b[01m\x1b[K/home/dredre/DevStuff/scrollDiary/speechToText/ros2Workspace/src/speech_to_text_pkg/src/vad.hpp:10:11:\x1b[m\x1b[K \x1b[01;35m\x1b[Kwarning: \x1b[m\x1b[K  \xe2\x80\x98\x1b[01m\x1b[Kfloat LightweightVAD::speechMultiplier_\x1b[m\x1b[K\xe2\x80\x99 [\x1b[01;35m\x1b[K\x1b]8;;https://gcc.gnu.org/onlinedocs/gcc/Warning-Options.html#index-Wreorder\x07-Wreorder\x1b]8;;\x07\x1b[m\x1b[K]\n'}
[8.644202] (speech_to_text_pkg) StderrLine: {'line': b'   10 |     float \x1b[01;35m\x1b[KspeechMultiplier_\x1b[m\x1b[K;\n'}
[8.644312] (speech_to_text_pkg) StderrLine: {'line': b'      |           \x1b[01;35m\x1b[K^~~~~~~~~~~~~~~~~\x1b[m\x1b[K\n'}
[8.644402] (speech_to_text_pkg) StderrLine: {'line': b'\x1b[01m\x1b[K/home/dredre/DevStuff/scrollDiary/speechToText/ros2Workspace/src/speech_to_text_pkg/src/vad.hpp:18:5:\x1b[m\x1b[K \x1b[01;35m\x1b[Kwarning: \x1b[m\x1b[K  when initialized here [\x1b[01;35m\x1b[K\x1b]8;;https://gcc.gnu.org/onlinedocs/gcc/Warning-Options.html#index-Wreorder\x07-Wreorder\x1b]8;;\x07\x1b[m\x1b[K]\n'}
[8.644496] (speech_to_text_pkg) StderrLine: {'line': b'   18 |     \x1b[01;35m\x1b[KLightweightVAD\x1b[m\x1b[K(float noiseFloorIn = 0.01f, float noiseAdaptRateIn = 0.01f,\n'}
[8.644584] (speech_to_text_pkg) StderrLine: {'line': b'      |     \x1b[01;35m\x1b[K^~~~~~~~~~~~~~\x1b[m\x1b[K\n'}
[8.730966] (-) TimerEvent: {}
[8.831327] (-) TimerEvent: {}
[8.931704] (-) TimerEvent: {}
[9.032068] (-) TimerEvent: {}
[9.132458] (-) TimerEvent: {}
[9.232817] (-) TimerEvent: {}
[9.333172] (-) TimerEvent: {}
[9.433557] (-) TimerEvent: {}
[9.533925] (-) TimerEvent: {}
[9.634322] (-) TimerEvent: {}
[9.734683] (-) TimerEvent: {}
[9.835046] (-) TimerEvent: {}
[9.935425] (-) TimerEvent: {}
[10.035802] (-) TimerEvent: {}
[10.136202] (-) TimerEvent: {}
[10.236581] (-) TimerEvent: {}
[10.336953] (-) TimerEvent: {}
[10.437327] (-) TimerEvent: {}
[10.537684] (-) TimerEvent: {}
[10.638037] (-) TimerEvent: {}
[10.738429] (-) TimerEvent: {}
[10.838782] (-) TimerEvent: {}
[10.939153] (-) TimerEvent: {}
[11.039591] (-) TimerEvent: {}
[11.140149] (-) TimerEvent: {}
[11.240560] (-) TimerEvent: {}
[11.340933] (-) TimerEvent: {}
[11.441312] (-) TimerEvent: {}
[11.541751] (-) TimerEvent: {}
[11.642256] (-) TimerEvent: {}
[11.742617] (-) TimerEvent: {}
[11.842983] (-) TimerEvent: {}
[11.943347] (-) TimerEvent: {}
[12.043766] (-) TimerEvent: {}
[12.144272] (-) TimerEvent: {}
[12.244640] (-) TimerEvent: {}
[12.345003] (-) TimerEvent: {}
[12.445371] (-) TimerEvent: {}
[12.545783] (-) TimerEvent: {}
[12.646284] (-) TimerEvent: {}
[12.746633] (-) TimerEvent: {}
[12.846982] (-) TimerEvent: {}
[12.947339] (-) TimerEvent: {}
[13.047747] (-) TimerEvent: {}
[13.148271] (-) TimerEvent: {}
[13.248633] (-) TimerEvent: {}
[13.348999] (-) TimerEvent: {}
[13.449413] (-) TimerEvent: {}
[13.549870] (-) TimerEvent: {}
[13.650289] (-) TimerEvent: {}
[13.750650] (-) TimerEvent: {}
[13.851003] (-) TimerEvent: {}
[13.951388] (-) TimerEvent: {}
[14.051817] (-) TimerEvent: {}
[14.155566] (-) TimerEvent: {}
[14.255926] (-) TimerEvent: {}
[14.356285] (-) TimerEvent: {}
[14.456643] (-) TimerEvent: {}
[14.556998] (-) TimerEvent: {}
[14.657369] (-) TimerEvent: {}
[14.757754] (-) TimerEvent: {}
[14.858172] (-) TimerEvent: {}
[14.958593] (-) TimerEvent: {}
[15.058995] (-) TimerEvent: {}
[15.159445] (-) TimerEvent: {}
[15.259806] (-) TimerEvent: {}
[15.360168] (-) TimerEvent: {}
[15.460541] (-) TimerEvent: {}
[15.560904] (-) TimerEvent: {}
[15.661283] (-) TimerEvent: {}
[15.761644] (-) TimerEvent: {}
[15.862011] (-) TimerEvent: {}
[15.962382] (-) TimerEvent: {}
[16.062754] (-) TimerEvent: {}
[16.163123] (-) TimerEvent: {}
[16.263507] (-) TimerEvent: {}
[16.363873] (-) TimerEvent: {}
[16.464247] (-) TimerEvent: {}
[16.564661] (-) TimerEvent: {}
[16.665226] (-) TimerEvent: {}
[16.765586] (-) TimerEvent: {}
[16.865955] (-) TimerEvent: {}
[16.966326] (-) TimerEvent: {}
[17.066698] (-) TimerEvent: {}
[17.167067] (-) TimerEvent: {}
[17.267449] (-) TimerEvent: {}
[17.367811] (-) TimerEvent: {}
[17.468181] (-) TimerEvent: {}
[17.571373] (-) TimerEvent: {}
[17.672008] (-) TimerEvent: {}
[17.772469] (-) TimerEvent: {}
[17.872827] (-) TimerEvent: {}
[17.973188] (-) TimerEvent: {}
[18.073565] (-) TimerEvent: {}
[18.174442] (-) TimerEvent: {}
[18.277329] (-) TimerEvent: {}
[18.377726] (-) TimerEvent: {}
[18.478089] (-) TimerEvent: {}
[18.578473] (-) TimerEvent: {}
[18.678837] (-) TimerEvent: {}
[18.779201] (-) TimerEvent: {}
[18.879580] (-) TimerEvent: {}
[18.979944] (-) TimerEvent: {}
[19.080310] (-) TimerEvent: {}
[19.180667] (-) TimerEvent: {}
[19.281028] (-) TimerEvent: {}
[19.381402] (-) TimerEvent: {}
[19.481768] (-) TimerEvent: {}
[19.582145] (-) TimerEvent: {}
[19.682535] (-) TimerEvent: {}
[19.782908] (-) TimerEvent: {}
[19.883283] (-) TimerEvent: {}
[19.983644] (-) TimerEvent: {}
[20.084003] (-) TimerEvent: {}
[20.184373] (-) TimerEvent: {}
[20.284730] (-) TimerEvent: {}
[20.385099] (-) TimerEvent: {}
[20.485479] (-) TimerEvent: {}
[20.585850] (-) TimerEvent: {}
[20.686230] (-) TimerEvent: {}
[20.786580] (-) TimerEvent: {}
[20.889515] (-) TimerEvent: {}
[20.989875] (-) TimerEvent: {}
[21.092582] (-) TimerEvent: {}
[21.192938] (-) TimerEvent: {}
[21.293287] (-) TimerEvent: {}
[21.393639] (-) TimerEvent: {}
[21.493996] (-) TimerEvent: {}
[21.594357] (-) TimerEvent: {}
[21.694729] (-) TimerEvent: {}
[21.795091] (-) TimerEvent: {}
[21.895447] (-) TimerEvent: {}
[21.995813] (-) TimerEvent: {}
[22.096164] (-) TimerEvent: {}
[22.196529] (-) TimerEvent: {}
[22.296885] (-) TimerEvent: {}
[22.397248] (-) TimerEvent: {}
[22.497599] (-) TimerEvent: {}
[22.597946] (-) TimerEvent: {}
[22.698308] (-) TimerEvent: {}
[22.798664] (-) TimerEvent: {}
[22.899032] (-) TimerEvent: {}
[22.999406] (-) TimerEvent: {}
[23.099753] (-) TimerEvent: {}
[23.200126] (-) TimerEvent: {}
[23.300504] (-) TimerEvent: {}
[23.400880] (-) TimerEvent: {}
[23.501248] (-) TimerEvent: {}
[23.601597] (-) TimerEvent: {}
[23.701968] (-) TimerEvent: {}
[23.802375] (-) TimerEvent: {}
[23.902738] (-) TimerEvent: {}
[24.003107] (-) TimerEvent: {}
[24.103475] (-) TimerEvent: {}
[24.203830] (-) TimerEvent: {}
[24.304187] (-) TimerEvent: {}
[24.404541] (-) TimerEvent: {}
[24.507545] (-) TimerEvent: {}
[24.607948] (-) TimerEvent: {}
[24.708346] (-) TimerEvent: {}
[24.808725] (-) TimerEvent: {}
[24.909071] (-) TimerEvent: {}
[25.009436] (-) TimerEvent: {}
[25.109798] (-) TimerEvent: {}
[25.210155] (-) TimerEvent: {}
[25.310526] (-) TimerEvent: {}
[25.410886] (-) TimerEvent: {}
[25.511284] (-) TimerEvent: {}
[25.611647] (-) TimerEvent: {}
[25.712043] (-) TimerEvent: {}
[25.812448] (-) TimerEvent: {}
[25.912848] (-) TimerEvent: {}
[26.013206] (-) TimerEvent: {}
[26.113596] (-) TimerEvent: {}
[26.213959] (-) TimerEvent: {}
[26.314332] (-) TimerEvent: {}
[26.414689] (-) TimerEvent: {}
[26.515066] (-) TimerEvent: {}
[26.615449] (-) TimerEvent: {}
[26.715823] (-) TimerEvent: {}
[26.816176] (-) TimerEvent: {}
[26.916548] (-) TimerEvent: {}
[27.016895] (-) TimerEvent: {}
[27.117267] (-) TimerEvent: {}
[27.217630] (-) TimerEvent: {}
[27.317986] (-) TimerEvent: {}
[27.418360] (-) TimerEvent: {}
[27.518725] (-) TimerEvent: {}
[27.619107] (-) TimerEvent: {}
[27.719498] (-) TimerEvent: {}
[27.819882] (-) TimerEvent: {}
[27.920280] (-) TimerEvent: {}
[28.020644] (-) TimerEvent: {}
[28.121029] (-) TimerEvent: {}
[28.221418] (-) TimerEvent: {}
[28.321764] (-) TimerEvent: {}
[28.422125] (-) TimerEvent: {}
[28.522499] (-) TimerEvent: {}
[28.622859] (-) TimerEvent: {}
[28.723253] (-) TimerEvent: {}
[28.823615] (-) TimerEvent: {}
[28.924049] (-) TimerEvent: {}
[29.024844] (-) TimerEvent: {}
[29.125415] (-) TimerEvent: {}
[29.225814] (-) TimerEvent: {}
[29.326294] (-) TimerEvent: {}
[29.328247] (speech_to_text_pkg) StdoutLine: {'line': b'[100%] \x1b[32m\x1b[1mLinking CXX executable transcription_pre_process_node\x1b[0m\n'}
[29.426455] (-) TimerEvent: {}
[29.526882] (-) TimerEvent: {}
[29.627434] (-) TimerEvent: {}
[29.727953] (-) TimerEvent: {}
[29.737438] (speech_to_text_pkg) StdoutLine: {'line': b'[100%] Built target transcription_pre_process_node\n'}
[29.766572] (speech_to_text_pkg) CommandEnded: {'returncode': 0}
[29.774090] (speech_to_text_pkg) JobProgress: {'identifier': 'speech_to_text_pkg', 'progress': 'install'}
[29.776090] (speech_to_text_pkg) Command: {'cmd': ['/usr/local/bin/cmake', '--install', '/home/dredre/DevStuff/scrollDiary/speechToText/ros2Workspace/build/speech_to_text_pkg'], 'cwd': '/home/dredre/DevStuff/scrollDiary/speechToText/ros2Workspace/build/speech_to_text_pkg', 'env': OrderedDict({'LESSOPEN': '| /usr/bin/lesspipe %s', 'USER': 'dredre', 'GZ_CONFIG_PATH': '/opt/ros/jazzy/opt/sdformat_vendor/share/gz', 'XDG_SESSION_TYPE': 'wayland', 'CLUTTER_DISABLE_MIPMAPPED_TEXT': '1', 'SHLVL': '1', 'LD_LIBRARY_PATH': '/home/dredre/DevStuff/scrollDiary/speechToText/ros2Workspace/install/speech_to_text_interfaces/lib:/home/dredre/DevStuff/scrollDiary/speechToText/ros2Workspace/install/speech_to_text_pkg/lib:/opt/ros/jazzy/opt/sdformat_vendor/lib:/opt/ros/jazzy/opt/rviz_ogre_vendor/lib:/opt/ros/jazzy/lib/aarch64-linux-gnu:/opt/ros/jazzy/opt/gz_math_vendor/lib:/opt/ros/jazzy/opt/gz_utils_vendor/lib:/opt/ros/jazzy/opt/gz_tools_vendor/lib:/opt/ros/jazzy/opt/gz_cmake_vendor/lib:/opt/ros/jazzy/lib', 'HOME': '/home/dredre', 'OLDPWD': '/home/dredre/DevStuff/scrollDiary', 'DESKTOP_SESSION': 'ubuntu', 'ROS_PYTHON_VERSION': '3', 'GNOME_SHELL_SESSION_MODE': 'ubuntu', 'GTK_MODULES': 'gail:atk-bridge', 'SYSTEMD_EXEC_PID': '25429', 'GSM_SKIP_SSH_AGENT_WORKAROUND': 'true', 'DBUS_SESSION_BUS_ADDRESS': 'unix:path=/run/user/1000/bus', 'COLORTERM': 'truecolor', 'DEBUGINFOD_URLS': 'https://debuginfod.ubuntu.com', 'IM_CONFIG_PHASE': '1', 'WAYLAND_DISPLAY': 'wayland-0', 'COLCON_PREFIX_PATH': '/home/dredre/DevStuff/scrollDiary/speechToText/ros2Workspace/install', 'ROS_DISTRO': 'jazzy', 'LOGNAME': 'dredre', '_': '/usr/bin/colcon', 'ROS_VERSION': '2', 'MEMORY_PRESSURE_WATCH': '/sys/fs/cgroup/user.slice/user-1000.slice/user@1000.service/session.slice/org.gnome.Shell@wayland.service/memory.pressure', 'XDG_SESSION_CLASS': 'user', 'USERNAME': 'dredre', 'TERM': 'xterm-256color', 'GNOME_DESKTOP_SESSION_ID': 'this-is-deprecated', 'PATH': '/opt/ros/jazzy/opt/gz_tools_vendor/bin:/opt/ros/jazzy/bin:/home/dredre/.local/bin:/usr/local/sbin:/usr/local/bin:/usr/sbin:/usr/bin:/sbin:/bin:/usr/games:/usr/local/games:/snap/bin:/snap/bin:/home/dredre/.local/bin', 'SESSION_MANAGER': 'local/dredre-desktop:@/tmp/.ICE-unix/25400,unix/dredre-desktop:/tmp/.ICE-unix/25400', 'XDG_MENU_PREFIX': 'gnome-', 'GNOME_TERMINAL_SCREEN': '/org/gnome/Terminal/screen/706f0d83_a060_4c10_b414_5de519fb05e7', 'GNOME_SETUP_DISPLAY': ':1', 'XDG_RUNTIME_DIR': '/run/user/1000', 'DISPLAY': ':0', 'LANG': 'C.UTF-8', 'XDG_CURRENT_DESKTOP': 'ubuntu:GNOME', 'XMODIFIERS': '@im=ibus', 'XDG_SESSION_DESKTOP': 'ubuntu', 'XAUTHORITY': '/run/user/1000/.mutter-Xwaylandauth.5Z7NP3', 'LS_COLORS': 'rs=0:di=01;34:ln=01;36:mh=00:pi=40;33:so=01;35:do=01;35:bd=40;33;01:cd=40;33;01:or=40;31;01:mi=00:su=37;41:sg=30;43:ca=00:tw=30;42:ow=34;42:st=37;44:ex=01;32:*.tar=01;31:*.tgz=01;31:*.arc=01;31:*.arj=01;31:*.taz=01;31:*.lha=01;31:*.lz4=01;31:*.lzh=01;31:*.lzma=01;31:*.tlz=01;31:*.txz=01;31:*.tzo=01;31:*.t7z=01;31:*.zip=01;31:*.z=01;31:*.dz=01;31:*.gz=01;31:*.lrz=01;31:*.lz=01;31:*.lzo=01;31:*.xz=01;31:*.zst=01;31:*.tzst=01;31:*.bz2=01;31:*.bz=01;31:*.tbz=01;31:*.tbz2=01;31:*.tz=01;31:*.deb=01;31:*.rpm=01;31:*.jar=01;31:*.war=01;31:*.ear=01;31:*.sar=01;31:*.rar=01;31:*.alz=01;31:*.ace=01;31:*.zoo=01;31:*.cpio=01;31:*.7z=01;31:*.rz=01;31:*.cab=01;31:*.wim=01;31:*.swm=01;31:*.dwm=01;31:*.esd=01;31:*.avif=01;35:*.jpg=01;35:*.jpeg=01;35:*.mjpg=01;35:*.mjpeg=01;35:*.gif=01;35:*.bmp=01;35:*.pbm=01;35:*.pgm=01;35:*.ppm=01;35:*.tga=01;35:*.xbm=01;35:*.xpm=01;35:*.tif=01;35:*.tiff=01;35:*.png=01;35:*.svg=01;35:*.svgz=01;35:*.mng=01;35:*.pcx=01;35:*.mov=01;35:*.mpg=01;35:*.mpeg=01;35:*.m2v=01;35:*.mkv=01;35:*.webm=01;35:*.webp=01;35:*.ogm=01;35:*.mp4=01;35:*.m4v=01;35:*.mp4v=01;35:*.vob=01;35:*.qt=01;35:*.nuv=01;35:*.wmv=01;35:*.asf=01;35:*.rm=01;35:*.rmvb=01;35:*.flc=01;35:*.avi=01;35:*.fli=01;35:*.flv=01;35:*.gl=01;35:*.dl=01;35:*.xcf=01;35:*.xwd=01;35:*.yuv=01;35:*.cgm=01;35:*.emf=01;35:*.ogv=01;35:*.ogx=01;35:*.aac=00;36:*.au=00;36:*.flac=00;36:*.m4a=00;36:*.mid=00;36:*.midi=00;36:*.mka=00;36:*.mp3=00;36:*.mpc=00;36:*.ogg=00;36:*.ra=00;36:*.wav=00;36:*.oga=00;36:*.opus=00;36:*.spx=00;36:*.xspf=00;36:*~=00;90:*#=00;90:*.bak=00;90:*.crdownload=00;90:*.dpkg-dist=00;90:*.dpkg-new=00;90:*.dpkg-old=00;90:*.dpkg-tmp=00;90:*.old=00;90:*.orig=00;90:*.part=00;90:*.rej=00;90:*.rpmnew=00;90:*.rpmorig=00;90:*.rpmsave=00;90:*.swp=00;90:*.tmp=00;90:*.ucf-dist=00;90:*.ucf-new=00;90:*.ucf-old=00;90:', 'GNOME_TERMINAL_SERVICE': ':1.98', 'SSH_AUTH_SOCK': '/run/user/1000/keyring/ssh', 'ROS_DOMAIN_ID': '1', 'AMENT_PREFIX_PATH': '/home/dredre/DevStuff/scrollDiary/speechToText/ros2Workspace/install/printer_pkg:/home/dredre/DevStuff/scrollDiary/speechToText/ros2Workspace/install/speech_to_text_pkg:/home/dredre/DevStuff/scrollDiary/speechToText/ros2Workspace/install/speech_to_text_interfaces:/opt/ros/jazzy', 'SHELL': '/bin/bash', 'QT_ACCESSIBILITY': '1', 'GDMSESSION': 'ubuntu', 'LESSCLOSE': '/usr/bin/lesspipe %s %s', 'ROS_AUTOMATIC_DISCOVERY_RANGE': 'SUBNET', 'QT_IM_MODULE': 'ibus', 'PWD': '/home/dredre/DevStuff/scrollDiary/speechToText/ros2Workspace/build/speech_to_text_pkg', 'XDG_CONFIG_DIRS': '/etc/xdg/xdg-ubuntu:/etc/xdg', 'XDG_DATA_DIRS': '/usr/share/ubuntu:/usr/share/gnome:/usr/local/share/:/usr/share/:/var/lib/snapd/desktop', 'PYTHONPATH': '/home/dredre/DevStuff/scrollDiary/speechToText/ros2Workspace/install/speech_to_text_interfaces/lib/python3.12/site-packages:/opt/ros/jazzy/lib/python3.12/site-packages', 'COLCON': '1', 'MEMORY_PRESSURE_WRITE': 'c29tZSAyMDAwMDAgMjAwMDAwMAA=', 'VTE_VERSION': '7600', 'CMAKE_PREFIX_PATH': '/home/dredre/DevStuff/scrollDiary/speechToText/ros2Workspace/install/speech_to_text_interfaces:/home/dredre/DevStuff/scrollDiary/speechToText/ros2Workspace/install/printer_pkg:/home/dredre/DevStuff/scrollDiary/speechToText/ros2Workspace/install/speech_to_text_pkg:/opt/ros/jazzy/opt/sdformat_vendor:/opt/ros/jazzy/opt/gz_math_vendor:/opt/ros/jazzy/opt/gz_utils_vendor:/opt/ros/jazzy/opt/gz_tools_vendor:/opt/ros/jazzy/opt/gz_cmake_vendor:/opt/ros/jazzy'}), 'shell': False}
[29.791516] (speech_to_text_pkg) StdoutLine: {'line': b'-- Install configuration: "Release"\n'}
[29.792191] (speech_to_text_pkg) StdoutLine: {'line': b'-- Installing: /home/dredre/DevStuff/scrollDiary/speechToText/ros2Workspace/install/speech_to_text_pkg/lib/speech_to_text_pkg/transcription_pre_process_node\n'}
[29.798423] (speech_to_text_pkg) StdoutLine: {'line': b'-- Set non-toolchain portion of runtime path of "/home/dredre/DevStuff/scrollDiary/speechToText/ros2Workspace/install/speech_to_text_pkg/lib/speech_to_text_pkg/transcription_pre_process_node" to ""\n'}
[29.799724] (speech_to_text_pkg) StdoutLine: {'line': b'-- Up-to-date: /home/dredre/DevStuff/scrollDiary/speechToText/ros2Workspace/install/speech_to_text_pkg/lib/speech_to_text_pkg/audio_capture_node\n'}
[29.800014] (speech_to_text_pkg) StdoutLine: {'line': b'-- Up-to-date: /home/dredre/DevStuff/scrollDiary/speechToText/ros2Workspace/install/speech_to_text_pkg/lib/speech_to_text_pkg/whisper_transcription_node\n'}
[29.800305] (speech_to_text_pkg) StdoutLine: {'line': b'-- Up-to-date: /home/dredre/DevStuff/scrollDiary/speechToText/ros2Workspace/install/speech_to_text_pkg/lib/speech_to_text_pkg/wakeWordNode.py\n'}
[29.803321] (speech_to_text_pkg) StdoutLine: {'line': b'-- Up-to-date: /home/dredre/DevStuff/scrollDiary/speechToText/ros2Workspace/install/speech_to_text_pkg/share/ament_index/resource_index/package_run_dependencies/speech_to_text_pkg\n'}
[29.803742] (speech_to_text_pkg) StdoutLine: {'line': b'-- Up-to-date: /home/dredre/DevStuff/scrollDiary/speechToText/ros2Workspace/install/speech_to_text_pkg/share/ament_index/resource_index/parent_prefix_path/speech_to_text_pkg\n'}
[29.803941] (speech_to_text_pkg) StdoutLine: {'line': b'-- Up-to-date: /home/dredre/DevStuff/scrollDiary/speechToText/ros2Workspace/install/speech_to_text_pkg/share/speech_to_text_pkg/environment/ament_prefix_path.sh\n'}
[29.804149] (speech_to_text_pkg) StdoutLine: {'line': b'-- Up-to-date: /home/dredre/DevStuff/scrollDiary/speechToText/ros2Workspace/install/speech_to_text_pkg/share/speech_to_text_pkg/environment/ament_prefix_path.dsv\n'}
[29.804353] (speech_to_text_pkg) StdoutLine: {'line': b'-- Up-to-date: /home/dredre/DevStuff/scrollDiary/speechToText/ros2Workspace/install/speech_to_text_pkg/share/speech_to_text_pkg/environment/path.sh\n'}
[29.804497] (speech_to_text_pkg) StdoutLine: {'line': b'-- Up-to-date: /home/dredre/DevStuff/scrollDiary/speechToText/ros2Workspace/install/speech_to_text_pkg/share/speech_to_text_pkg/environment/path.dsv\n'}
[29.804615] (speech_to_text_pkg) StdoutLine: {'line': b'-- Up-to-date: /home/dredre/DevStuff/scrollDiary/speechToText/ros2Workspace/install/speech_to_text_pkg/share/speech_to_text_pkg/local_setup.bash\n'}
[29.804860] (speech_to_text_pkg) StdoutLine: {'line': b'-- Up-to-date: /home/dredre/DevStuff/scrollDiary/speechToText/ros2Workspace/install/speech_to_text_pkg/share/speech_to_text_pkg/local_setup.sh\n'}
[29.805039] (speech_to_text_pkg) StdoutLine: {'line': b'-- Up-to-date: /home/dredre/DevStuff/scrollDiary/speechToText/ros2Workspace/install/speech_to_text_pkg/share/speech_to_text_pkg/local_setup.zsh\n'}
[29.805183] (speech_to_text_pkg) StdoutLine: {'line': b'-- Up-to-date: /home/dredre/DevStuff/scrollDiary/speechToText/ros2Workspace/install/speech_to_text_pkg/share/speech_to_text_pkg/local_setup.dsv\n'}
[29.805496] (speech_to_text_pkg) StdoutLine: {'line': b'-- Installing: /home/dredre/DevStuff/scrollDiary/speechToText/ros2Workspace/install/speech_to_text_pkg/share/speech_to_text_pkg/package.dsv\n'}
[29.805701] (speech_to_text_pkg) StdoutLine: {'line': b'-- Up-to-date: /home/dredre/DevStuff/scrollDiary/speechToText/ros2Workspace/install/speech_to_text_pkg/share/ament_index/resource_index/packages/speech_to_text_pkg\n'}
[29.805873] (speech_to_text_pkg) StdoutLine: {'line': b'-- Up-to-date: /home/dredre/DevStuff/scrollDiary/speechToText/ros2Workspace/install/speech_to_text_pkg/share/speech_to_text_pkg/cmake/speech_to_text_pkgConfig.cmake\n'}
[29.806003] (speech_to_text_pkg) StdoutLine: {'line': b'-- Up-to-date: /home/dredre/DevStuff/scrollDiary/speechToText/ros2Workspace/install/speech_to_text_pkg/share/speech_to_text_pkg/cmake/speech_to_text_pkgConfig-version.cmake\n'}
[29.806150] (speech_to_text_pkg) StdoutLine: {'line': b'-- Up-to-date: /home/dredre/DevStuff/scrollDiary/speechToText/ros2Workspace/install/speech_to_text_pkg/share/speech_to_text_pkg/package.xml\n'}
[29.806348] (speech_to_text_pkg) StdoutLine: {'line': b'-- Up-to-date: /home/dredre/DevStuff/scrollDiary/speechToText/ros2Workspace/install/speech_to_text_pkg/lib/libwhisper.so.1.8.3\n'}
[29.806679] (speech_to_text_pkg) StdoutLine: {'line': b'-- Up-to-date: /home/dredre/DevStuff/scrollDiary/speechToText/ros2Workspace/install/speech_to_text_pkg/lib/libwhisper.so.1\n'}
[29.806875] (speech_to_text_pkg) StdoutLine: {'line': b'-- Up-to-date: /home/dredre/DevStuff/scrollDiary/speechToText/ros2Workspace/install/speech_to_text_pkg/lib/libwhisper.so\n'}
[29.807045] (speech_to_text_pkg) StdoutLine: {'line': b'-- Up-to-date: /home/dredre/DevStuff/scrollDiary/speechToText/ros2Workspace/install/speech_to_text_pkg/include/whisper.h\n'}
[29.807560] (speech_to_text_pkg) StdoutLine: {'line': b'-- Up-to-date: /home/dredre/DevStuff/scrollDiary/speechToText/ros2Workspace/install/speech_to_text_pkg/lib/cmake/whisper/whisper-config.cmake\n'}
[29.807813] (speech_to_text_pkg) StdoutLine: {'line': b'-- Up-to-date: /home/dredre/DevStuff/scrollDiary/speechToText/ros2Workspace/install/speech_to_text_pkg/lib/cmake/whisper/whisper-version.cmake\n'}
[29.807915] (speech_to_text_pkg) StdoutLine: {'line': b'-- Up-to-date: /home/dredre/DevStuff/scrollDiary/speechToText/ros2Workspace/install/speech_to_text_pkg/lib/pkgconfig/whisper.pc\n'}
[29.808013] (speech_to_text_pkg) StdoutLine: {'line': b'-- Up-to-date: /home/dredre/DevStuff/scrollDiary/speechToText/ros2Workspace/install/speech_to_text_pkg/lib/libggml-cpu.so.0.9.5\n'}
[29.808115] (speech_to_text_pkg) StdoutLine: {'line': b'-- Up-to-date: /home/dredre/DevStuff/scrollDiary/speechToText/ros2Workspace/install/speech_to_text_pkg/lib/libggml-cpu.so.0\n'}
[29.808207] (speech_to_text_pkg) StdoutLine: {'line': b'-- Up-to-date: /home/dredre/DevStuff/scrollDiary/speechToText/ros2Workspace/install/speech_to_text_pkg/lib/libggml-cpu.so\n'}
[29.808810] (speech_to_text_pkg) StdoutLine: {'line': b'-- Up-to-date: /home/dredre/DevStuff/scrollDiary/speechToText/ros2Workspace/install/speech_to_text_pkg/lib/libggml.so.0.9.5\n'}
[29.809109] (speech_to_text_pkg) StdoutLine: {'line': b'-- Up-to-date: /home/dredre/DevStuff/scrollDiary/speechToText/ros2Workspace/install/speech_to_text_pkg/lib/libggml.so.0\n'}
[29.809864] (speech_to_text_pkg) StdoutLine: {'line': b'-- Up-to-date: /home/dredre/DevStuff/scrollDiary/speechToText/ros2Workspace/install/speech_to_text_pkg/lib/libggml.so\n'}
[29.810128] (speech_to_text_pkg) StdoutLine: {'line': b'-- Up-to-date: /home/dredre/DevStuff/scrollDiary/speechToText/ros2Workspace/install/speech_to_text_pkg/include/ggml.h\n'}
[29.810383] (speech_to_text_pkg) StdoutLine: {'line': b'-- Up-to-date: /home/dredre/DevStuff/scrollDiary/speechToText/ros2Workspace/install/speech_to_text_pkg/include/ggml-cpu.h\n'}
[29.810578] (speech_to_text_pkg) StdoutLine: {'line': b'-- Up-to-date: /home/dredre/DevStuff/scrollDiary/speechToText/ros2Workspace/install/speech_to_text_pkg/include/ggml-alloc.h\n'}
[29.810739] (speech_to_text_pkg) StdoutLine: {'line': b'-- Up-to-date: /home/dredre/DevStuff/scrollDiary/speechToText/ros2Workspace/install/speech_to_text_pkg/include/ggml-backend.h\n'}
[29.810898] (speech_to_text_pkg) StdoutLine: {'line': b'-- Up-to-date: /home/dredre/DevStuff/scrollDiary/speechToText/ros2Workspace/install/speech_to_text_pkg/include/ggml-blas.h\n'}
[29.811025] (speech_to_text_pkg) StdoutLine: {'line': b'-- Up-to-date: /home/dredre/DevStuff/scrollDiary/speechToText/ros2Workspace/install/speech_to_text_pkg/include/ggml-cann.h\n'}
[29.811301] (speech_to_text_pkg) StdoutLine: {'line': b'-- Up-to-date: /home/dredre/DevStuff/scrollDiary/speechToText/ros2Workspace/install/speech_to_text_pkg/include/ggml-cpp.h\n'}
[29.811525] (speech_to_text_pkg) StdoutLine: {'line': b'-- Up-to-date: /home/dredre/DevStuff/scrollDiary/speechToText/ros2Workspace/install/speech_to_text_pkg/include/ggml-cuda.h\n'}
[29.811670] (speech_to_text_pkg) StdoutLine: {'line': b'-- Up-to-date: /home/dredre/DevStuff/scrollDiary/speechToText/ros2Workspace/install/speech_to_text_pkg/include/ggml-opt.h\n'}
[29.811776] (speech_to_text_pkg) StdoutLine: {'line': b'-- Up-to-date: /home/dredre/DevStuff/scrollDiary/speechToText/ros2Workspace/install/speech_to_text_pkg/include/ggml-metal.h\n'}
[29.811923] (speech_to_text_pkg) StdoutLine: {'line': b'-- Up-to-date: /home/dredre/DevStuff/scrollDiary/speechToText/ros2Workspace/install/speech_to_text_pkg/include/ggml-rpc.h\n'}
[29.812023] (speech_to_text_pkg) StdoutLine: {'line': b'-- Up-to-date: /home/dredre/DevStuff/scrollDiary/speechToText/ros2Workspace/install/speech_to_text_pkg/include/ggml-sycl.h\n'}
[29.812120] (speech_to_text_pkg) StdoutLine: {'line': b'-- Up-to-date: /home/dredre/DevStuff/scrollDiary/speechToText/ros2Workspace/install/speech_to_text_pkg/include/ggml-vulkan.h\n'}
[29.812240] (speech_to_text_pkg) StdoutLine: {'line': b'-- Up-to-date: /home/dredre/DevStuff/scrollDiary/speechToText/ros2Workspace/install/speech_to_text_pkg/include/ggml-webgpu.h\n'}
[29.812365] (speech_to_text_pkg) StdoutLine: {'line': b'-- Up-to-date: /home/dredre/DevStuff/scrollDiary/speechToText/ros2Workspace/install/speech_to_text_pkg/include/ggml-zendnn.h\n'}
[29.812676] (speech_to_text_pkg) StdoutLine: {'line': b'-- Up-to-date: /home/dredre/DevStuff/scrollDiary/speechToText/ros2Workspace/install/speech_to_text_pkg/include/gguf.h\n'}
[29.812852] (speech_to_text_pkg) StdoutLine: {'line': b'-- Up-to-date: /home/dredre/DevStuff/scrollDiary/speechToText/ros2Workspace/install/speech_to_text_pkg/lib/libggml-base.so.0.9.5\n'}
[29.812963] (speech_to_text_pkg) StdoutLine: {'line': b'-- Up-to-date: /home/dredre/DevStuff/scrollDiary/speechToText/ros2Workspace/install/speech_to_text_pkg/lib/libggml-base.so.0\n'}
[29.813061] (speech_to_text_pkg) StdoutLine: {'line': b'-- Up-to-date: /home/dredre/DevStuff/scrollDiary/speechToText/ros2Workspace/install/speech_to_text_pkg/lib/libggml-base.so\n'}
[29.813170] (speech_to_text_pkg) StdoutLine: {'line': b'-- Up-to-date: /home/dredre/DevStuff/scrollDiary/speechToText/ros2Workspace/install/speech_to_text_pkg/lib/cmake/ggml/ggml-config.cmake\n'}
[29.813435] (speech_to_text_pkg) StdoutLine: {'line': b'-- Up-to-date: /home/dredre/DevStuff/scrollDiary/speechToText/ros2Workspace/install/speech_to_text_pkg/lib/cmake/ggml/ggml-version.cmake\n'}
[29.817271] (speech_to_text_pkg) CommandEnded: {'returncode': 0}
[29.828043] (-) TimerEvent: {}
[29.853227] (speech_to_text_pkg) JobEnded: {'identifier': 'speech_to_text_pkg', 'rc': 0}
[29.855084] (printer_pkg) JobStarted: {'identifier': 'printer_pkg'}
[29.880970] (printer_pkg) JobProgress: {'identifier': 'printer_pkg', 'progress': 'cmake'}
[29.882016] (printer_pkg) JobProgress: {'identifier': 'printer_pkg', 'progress': 'build'}
[29.882426] (printer_pkg) Command: {'cmd': ['/usr/local/bin/cmake', '--build', '/home/dredre/DevStuff/scrollDiary/speechToText/ros2Workspace/build/printer_pkg', '--', '-j4', '-l4'], 'cwd': '/home/dredre/DevStuff/scrollDiary/speechToText/ros2Workspace/build/printer_pkg', 'env': OrderedDict({'LESSOPEN': '| /usr/bin/lesspipe %s', 'USER': 'dredre', 'GZ_CONFIG_PATH': '/opt/ros/jazzy/opt/sdformat_vendor/share/gz', 'XDG_SESSION_TYPE': 'wayland', 'CLUTTER_DISABLE_MIPMAPPED_TEXT': '1', 'SHLVL': '1', 'LD_LIBRARY_PATH': '/home/dredre/DevStuff/scrollDiary/speechToText/ros2Workspace/install/speech_to_text_pkg/lib:/home/dredre/DevStuff/scrollDiary/speechToText/ros2Workspace/install/speech_to_text_interfaces/lib:/opt/ros/jazzy/opt/sdformat_vendor/lib:/opt/ros/jazzy/opt/rviz_ogre_vendor/lib:/opt/ros/jazzy/lib/aarch64-linux-gnu:/opt/ros/jazzy/opt/gz_math_vendor/lib:/opt/ros/jazzy/opt/gz_utils_vendor/lib:/opt/ros/jazzy/opt/gz_tools_vendor/lib:/opt/ros/jazzy/opt/gz_cmake_vendor/lib:/opt/ros/jazzy/lib', 'HOME': '/home/dredre', 'OLDPWD': '/home/dredre/DevStuff/scrollDiary', 'DESKTOP_SESSION': 'ubuntu', 'ROS_PYTHON_VERSION': '3', 'GNOME_SHELL_SESSION_MODE': 'ubuntu', 'GTK_MODULES': 'gail:atk-bridge', 'SYSTEMD_EXEC_PID': '25429', 'GSM_SKIP_SSH_AGENT_WORKAROUND': 'true', 'DBUS_SESSION_BUS_ADDRESS': 'unix:path=/run/user/1000/bus', 'COLORTERM': 'truecolor', 'DEBUGINFOD_URLS': 'https://debuginfod.ubuntu.com', 'IM_CONFIG_PHASE': '1', 'WAYLAND_DISPLAY': 'wayland-0', 'COLCON_PREFIX_PATH': '/home/dredre/DevStuff/scrollDiary/speechToText/ros2Workspace/install', 'ROS_DISTRO': 'jazzy', 'LOGNAME': 'dredre', '_': '/usr/bin/colcon', 'ROS_VERSION': '2', 'MEMORY_PRESSURE_WATCH': '/sys/fs/cgroup/user.slice/user-1000.slice/user@1000.service/session.slice/org.gnome.Shell@wayland.service/memory.pressure', 'XDG_SESSION_CLASS': 'user', 'USERNAME': 'dredre', 'TERM': 'xterm-256color', 'GNOME_DESKTOP_SESSION_ID': 'this-is-deprecated', 'PATH': '/opt/ros/jazzy/opt/gz_tools_vendor/bin:/opt/ros/jazzy/bin:/home/dredre/.local/bin:/usr/local/sbin:/usr/local/bin:/usr/sbin:/usr/bin:/sbin:/bin:/usr/games:/usr/local/games:/snap/bin:/snap/bin:/home/dredre/.local/bin', 'SESSION_MANAGER': 'local/dredre-desktop:@/tmp/.ICE-unix/25400,unix/dredre-desktop:/tmp/.ICE-unix/25400', 'XDG_MENU_PREFIX': 'gnome-', 'GNOME_TERMINAL_SCREEN': '/org/gnome/Terminal/screen/706f0d83_a060_4c10_b414_5de519fb05e7', 'GNOME_SETUP_DISPLAY': ':1', 'XDG_RUNTIME_DIR': '/run/user/1000', 'DISPLAY': ':0', 'LANG': 'C.UTF-8', 'XDG_CURRENT_DESKTOP': 'ubuntu:GNOME', 'XMODIFIERS': '@im=ibus', 'XDG_SESSION_DESKTOP': 'ubuntu', 'XAUTHORITY': '/run/user/1000/.mutter-Xwaylandauth.5Z7NP3', 'LS_COLORS': 'rs=0:di=01;34:ln=01;36:mh=00:pi=40;33:so=01;35:do=01;35:bd=40;33;01:cd=40;33;01:or=40;31;01:mi=00:su=37;41:sg=30;43:ca=00:tw=30;42:ow=34;42:st=37;44:ex=01;32:*.tar=01;31:*.tgz=01;31:*.arc=01;31:*.arj=01;31:*.taz=01;31:*.lha=01;31:*.lz4=01;31:*.lzh=01;31:*.lzma=01;31:*.tlz=01;31:*.txz=01;31:*.tzo=01;31:*.t7z=01;31:*.zip=01;31:*.z=01;31:*.dz=01;31:*.gz=01;31:*.lrz=01;31:*.lz=01;31:*.lzo=01;31:*.xz=01;31:*.zst=01;31:*.tzst=01;31:*.bz2=01;31:*.bz=01;31:*.tbz=01;31:*.tbz2=01;31:*.tz=01;31:*.deb=01;31:*.rpm=01;31:*.jar=01;31:*.war=01;31:*.ear=01;31:*.sar=01;31:*.rar=01;31:*.alz=01;31:*.ace=01;31:*.zoo=01;31:*.cpio=01;31:*.7z=01;31:*.rz=01;31:*.cab=01;31:*.wim=01;31:*.swm=01;31:*.dwm=01;31:*.esd=01;31:*.avif=01;35:*.jpg=01;35:*.jpeg=01;35:*.mjpg=01;35:*.mjpeg=01;35:*.gif=01;35:*.bmp=01;35:*.pbm=01;35:*.pgm=01;35:*.ppm=01;35:*.tga=01;35:*.xbm=01;35:*.xpm=01;35:*.tif=01;35:*.tiff=01;35:*.png=01;35:*.svg=01;35:*.svgz=01;35:*.mng=01;35:*.pcx=01;35:*.mov=01;35:*.mpg=01;35:*.mpeg=01;35:*.m2v=01;35:*.mkv=01;35:*.webm=01;35:*.webp=01;35:*.ogm=01;35:*.mp4=01;35:*.m4v=01;35:*.mp4v=01;35:*.vob=01;35:*.qt=01;35:*.nuv=01;35:*.wmv=01;35:*.asf=01;35:*.rm=01;35:*.rmvb=01;35:*.flc=01;35:*.avi=01;35:*.fli=01;35:*.flv=01;35:*.gl=01;35:*.dl=01;35:*.xcf=01;35:*.xwd=01;35:*.yuv=01;35:*.cgm=01;35:*.emf=01;35:*.ogv=01;35:*.ogx=01;35:*.aac=00;36:*.au=00;36:*.flac=00;36:*.m4a=00;36:*.mid=00;36:*.midi=00;36:*.mka=00;36:*.mp3=00;36:*.mpc=00;36:*.ogg=00;36:*.ra=00;36:*.wav=00;36:*.oga=00;36:*.opus=00;36:*.spx=00;36:*.xspf=00;36:*~=00;90:*#=00;90:*.bak=00;90:*.crdownload=00;90:*.dpkg-dist=00;90:*.dpkg-new=00;90:*.dpkg-old=00;90:*.dpkg-tmp=00;90:*.old=00;90:*.orig=00;90:*.part=00;90:*.rej=00;90:*.rpmnew=00;90:*.rpmorig=00;90:*.rpmsave=00;90:*.swp=00;90:*.tmp=00;90:*.ucf-dist=00;90:*.ucf-new=00;90:*.ucf-old=00;90:', 'GNOME_TERMINAL_SERVICE': ':1.98', 'SSH_AUTH_SOCK': '/run/user/1000/keyring/ssh', 'ROS_DOMAIN_ID': '1', 'AMENT_PREFIX_PATH': '/home/dredre/DevStuff/scrollDiary/speechToText/ros2Workspace/install/printer_pkg:/home/dredre/DevStuff/scrollDiary/speechToText/ros2Workspace/install/speech_to_text_pkg:/home/dredre/DevStuff/scrollDiary/speechToText/ros2Workspace/install/speech_to_text_interfaces:/opt/ros/jazzy', 'SHELL': '/bin/bash', 'QT_ACCESSIBILITY': '1', 'GDMSESSION': 'ubuntu', 'LESSCLOSE': '/usr/bin/lesspipe %s %s', 'ROS_AUTOMATIC_DISCOVERY_RANGE': 'SUBNET', 'QT_IM_MODULE': 'ibus', 'PWD': '/home/dredre/DevStuff/scrollDiary/speechToText/ros2Workspace/build/printer_pkg', 'XDG_CONFIG_DIRS': '/etc/xdg/xdg-ubuntu:/etc/xdg', 'XDG_DATA_DIRS': '/usr/share/ubuntu:/usr/share/gnome:/usr/local/share/:/usr/share/:/var/lib/snapd/desktop', 'PYTHONPATH': '/home/dredre/DevStuff/scrollDiary/speechToText/ros2Workspace/install/speech_to_text_interfaces/lib/python3.12/site-packages:/opt/ros/jazzy/lib/python3.12/site-packages', 'COLCON': '1', 'MEMORY_PRESSURE_WRITE': 'c29tZSAyMDAwMDAgMjAwMDAwMAA=', 'VTE_VERSION': '7600', 'CMAKE_PREFIX_PATH': '/home/dredre/DevStuff/scrollDiary/speechToText/ros2Workspace/install/speech_to_text_pkg:/home/dredre/DevStuff/scrollDiary/speechToText/ros2Workspace/install/speech_to_text_interfaces:/home/dredre/DevStuff/scrollDiary/speechToText/ros2Workspace/install/printer_pkg:/opt/ros/jazzy/opt/sdformat_vendor:/opt/ros/jazzy/opt/gz_math_vendor:/opt/ros/jazzy/opt/gz_utils_vendor:/opt/ros/jazzy/opt/gz_tools_vendor:/opt/ros/jazzy/opt/gz_cmake_vendor:/opt/ros/jazzy'}), 'shell': False}
[29.928289] (-) TimerEvent: {}
[29.970947] (printer_pkg) StdoutLine: {'line': b'[100%] Built target printing_node\n'}
[29.982959] (printer_pkg) CommandEnded: {'returncode': 0}
[29.983796] (printer_pkg) JobProgress: {'identifier': 'printer_pkg', 'progress': 'install'}
[29.985133] (printer_pkg) Command: {'cmd': ['/usr/local/bin/cmake', '--install', '/home/dredre/DevStuff/scrollDiary/speechToText/ros2Workspace/build/printer_pkg'], 'cwd': '/home/dredre/DevStuff/scrollDiary/speechToText/ros2Workspace/build/printer_pkg', 'env': OrderedDict({'LESSOPEN': '| /usr/bin/lesspipe %s', 'USER': 'dredre', 'GZ_CONFIG_PATH': '/opt/ros/jazzy/opt/sdformat_vendor/share/gz', 'XDG_SESSION_TYPE': 'wayland', 'CLUTTER_DISABLE_MIPMAPPED_TEXT': '1', 'SHLVL': '1', 'LD_LIBRARY_PATH': '/home/dredre/DevStuff/scrollDiary/speechToText/ros2Workspace/install/speech_to_text_pkg/lib:/home/dredre/DevStuff/scrollDiary/speechToText/ros2Workspace/install/speech_to_text_interfaces/lib:/opt/ros/jazzy/opt/sdformat_vendor/lib:/opt/ros/jazzy/opt/rviz_ogre_vendor/lib:/opt/ros/jazzy/lib/aarch64-linux-gnu:/opt/ros/jazzy/opt/gz_math_vendor/lib:/opt/ros/jazzy/opt/gz_utils_vendor/lib:/opt/ros/jazzy/opt/gz_tools_vendor/lib:/opt/ros/jazzy/opt/gz_cmake_vendor/lib:/opt/ros/jazzy/lib', 'HOME': '/home/dredre', 'OLDPWD': '/home/dredre/DevStuff/scrollDiary', 'DESKTOP_SESSION': 'ubuntu', 'ROS_PYTHON_VERSION': '3', 'GNOME_SHELL_SESSION_MODE': 'ubuntu', 'GTK_MODULES': 'gail:atk-bridge', 'SYSTEMD_EXEC_PID': '25429', 'GSM_SKIP_SSH_AGENT_WORKAROUND': 'true', 'DBUS_SESSION_BUS_ADDRESS': 'unix:path=/run/user/1000/bus', 'COLORTERM': 'truecolor', 'DEBUGINFOD_URLS': 'https://debuginfod.ubuntu.com', 'IM_CONFIG_PHASE': '1', 'WAYLAND_DISPLAY': 'wayland-0', 'COLCON_PREFIX_PATH': '/home/dredre/DevStuff/scrollDiary/speechToText/ros2Workspace/install', 'ROS_DISTRO': 'jazzy', 'LOGNAME': 'dredre', '_': '/usr/bin/colcon', 'ROS_VERSION': '2', 'MEMORY_PRESSURE_WATCH': '/sys/fs/cgroup/user.slice/user-1000.slice/user@1000.service/session.slice/org.gnome.Shell@wayland.service/memory.pressure', 'XDG_SESSION_CLASS': 'user', 'USERNAME': 'dredre', 'TERM': 'xterm-256color', 'GNOME_DESKTOP_SESSION_ID': 'this-is-deprecated', 'PATH': '/opt/ros/jazzy/opt/gz_tools_vendor/bin:/opt/ros/jazzy/bin:/home/dredre/.local/bin:/usr/local/sbin:/usr/local/bin:/usr/sbin:/usr/bin:/sbin:/bin:/usr/games:/usr/local/games:/snap/bin:/snap/bin:/home/dredre/.local/bin', 'SESSION_MANAGER': 'local/dredre-desktop:@/tmp/.ICE-unix/25400,unix/dredre-desktop:/tmp/.ICE-unix/25400', 'XDG_MENU_PREFIX': 'gnome-', 'GNOME_TERMINAL_SCREEN': '/org/gnome/Terminal/screen/706f0d83_a060_4c10_b414_5de519fb05e7', 'GNOME_SETUP_DISPLAY': ':1', 'XDG_RUNTIME_DIR': '/run/user/1000', 'DISPLAY': ':0', 'LANG': 'C.UTF-8', 'XDG_CURRENT_DESKTOP': 'ubuntu:GNOME', 'XMODIFIERS': '@im=ibus', 'XDG_SESSION_DESKTOP': 'ubuntu', 'XAUTHORITY': '/run/user/1000/.mutter-Xwaylandauth.5Z7NP3', 'LS_COLORS': 'rs=0:di=01;34:ln=01;36:mh=00:pi=40;33:so=01;35:do=01;35:bd=40;33;01:cd=40;33;01:or=40;31;01:mi=00:su=37;41:sg=30;43:ca=00:tw=30;42:ow=34;42:st=37;44:ex=01;32:*.tar=01;31:*.tgz=01;31:*.arc=01;31:*.arj=01;31:*.taz=01;31:*.lha=01;31:*.lz4=01;31:*.lzh=01;31:*.lzma=01;31:*.tlz=01;31:*.txz=01;31:*.tzo=01;31:*.t7z=01;31:*.zip=01;31:*.z=01;31:*.dz=01;31:*.gz=01;31:*.lrz=01;31:*.lz=01;31:*.lzo=01;31:*.xz=01;31:*.zst=01;31:*.tzst=01;31:*.bz2=01;31:*.bz=01;31:*.tbz=01;31:*.tbz2=01;31:*.tz=01;31:*.deb=01;31:*.rpm=01;31:*.jar=01;31:*.war=01;31:*.ear=01;31:*.sar=01;31:*.rar=01;31:*.alz=01;31:*.ace=01;31:*.zoo=01;31:*.cpio=01;31:*.7z=01;31:*.rz=01;31:*.cab=01;31:*.wim=01;31:*.swm=01;31:*.dwm=01;31:*.esd=01;31:*.avif=01;35:*.jpg=01;35:*.jpeg=01;35:*.mjpg=01;35:*.mjpeg=01;35:*.gif=01;35:*.bmp=01;35:*.pbm=01;35:*.pgm=01;35:*.ppm=01;35:*.tga=01;35:*.xbm=01;35:*.xpm=01;35:*.tif=01;35:*.tiff=01;35:*.png=01;35:*.svg=01;35:*.svgz=01;35:*.mng=01;35:*.pcx=01;35:*.mov=01;35:*.mpg=01;35:*.mpeg=01;35:*.m2v=01;35:*.mkv=01;35:*.webm=01;35:*.webp=01;35:*.ogm=01;35:*.mp4=01;35:*.m4v=01;35:*.mp4v=01;35:*.vob=01;35:*.qt=01;35:*.nuv=01;35:*.wmv=01;35:*.asf=01;35:*.rm=01;35:*.rmvb=01;35:*.flc=01;35:*.avi=01;35:*.fli=01;35:*.flv=01;35:*.gl=01;35:*.dl=01;35:*.xcf=01;35:*.xwd=01;35:*.yuv=01;35:*.cgm=01;35:*.emf=01;35:*.ogv=01;35:*.ogx=01;35:*.aac=00;36:*.au=00;36:*.flac=00;36:*.m4a=00;36:*.mid=00;36:*.midi=00;36:*.mka=00;36:*.mp3=00;36:*.mpc=00;36:*.ogg=00;36:*.ra=00;36:*.wav=00;36:*.oga=00;36:*.opus=00;36:*.spx=00;36:*.xspf=00;36:*~=00;90:*#=00;90:*.bak=00;90:*.crdownload=00;90:*.dpkg-dist=00;90:*.dpkg-new=00;90:*.dpkg-old=00;90:*.dpkg-tmp=00;90:*.old=00;90:*.orig=00;90:*.part=00;90:*.rej=00;90:*.rpmnew=00;90:*.rpmorig=00;90:*.rpmsave=00;90:*.swp=00;90:*.tmp=00;90:*.ucf-dist=00;90:*.ucf-new=00;90:*.ucf-old=00;90:', 'GNOME_TERMINAL_SERVICE': ':1.98', 'SSH_AUTH_SOCK': '/run/user/1000/keyring/ssh', 'ROS_DOMAIN_ID': '1', 'AMENT_PREFIX_PATH': '/home/dredre/DevStuff/scrollDiary/speechToText/ros2Workspace/install/printer_pkg:/home/dredre/DevStuff/scrollDiary/speechToText/ros2Workspace/install/speech_to_text_pkg:/home/dredre/DevStuff/scrollDiary/speechToText/ros2Workspace/install/speech_to_text_interfaces:/opt/ros/jazzy', 'SHELL': '/bin/bash', 'QT_ACCESSIBILITY': '1', 'GDMSESSION': 'ubuntu', 'LESSCLOSE': '/usr/bin/lesspipe %s %s', 'ROS_AUTOMATIC_DISCOVERY_RANGE': 'SUBNET', 'QT_IM_MODULE': 'ibus', 'PWD': '/home/dredre/DevStuff/scrollDiary/speechToText/ros2Workspace/build/printer_pkg', 'XDG_CONFIG_DIRS': '/etc/xdg/xdg-ubuntu:/etc/xdg', 'XDG_DATA_DIRS': '/usr/share/ubuntu:/usr/share/gnome:/usr/local/share/:/usr/share/:/var/lib/snapd/desktop', 'PYTHONPATH': '/home/dredre/DevStuff/scrollDiary/speechToText/ros2Workspace/install/speech_to_text_interfaces/lib/python3.12/site-packages:/opt/ros/jazzy/lib/python3.12/site-packages', 'COLCON': '1', 'MEMORY_PRESSURE_WRITE': 'c29tZSAyMDAwMDAgMjAwMDAwMAA=', 'VTE_VERSION': '7600', 'CMAKE_PREFIX_PATH': '/home/dredre/DevStuff/scrollDiary/speechToText/ros2Workspace/install/speech_to_text_pkg:/home/dredre/DevStuff/scrollDiary/speechToText/ros2Workspace/install/speech_to_text_interfaces:/home/dredre/DevStuff/scrollDiary/speechToText/ros2Workspace/install/printer_pkg:/opt/ros/jazzy/opt/sdformat_vendor:/opt/ros/jazzy/opt/gz_math_vendor:/opt/ros/jazzy/opt/gz_utils_vendor:/opt/ros/jazzy/opt/gz_tools_vendor:/opt/ros/jazzy/opt/gz_cmake_vendor:/opt/ros/jazzy'}), 'shell': False}
[29.991712] (printer_pkg) StdoutLine: {'line': b'-- Install configuration: ""\n'}
[29.992451] (printer_pkg) StdoutLine: {'line': b'-- Up-to-date: /home/dredre/DevStuff/scrollDiary/speechToText/ros2Workspace/install/printer_pkg/lib/printer_pkg/printing_node\n'}
[29.995603] (printer_pkg) StdoutLine: {'line': b'-- Up-to-date: /home/dredre/DevStuff/scrollDiary/speechToText/ros2Workspace/install/printer_pkg/share/ament_index/resource_index/package_run_dependencies/printer_pkg\n'}
[29.995744] (printer_pkg) StdoutLine: {'line': b'-- Up-to-date: /home/dredre/DevStuff/scrollDiary/speechToText/ros2Workspace/install/printer_pkg/share/ament_index/resource_index/parent_prefix_path/printer_pkg\n'}
[29.995837] (printer_pkg) StdoutLine: {'line': b'-- Up-to-date: /home/dredre/DevStuff/scrollDiary/speechToText/ros2Workspace/install/printer_pkg/share/printer_pkg/environment/ament_prefix_path.sh\n'}
[29.995926] (printer_pkg) StdoutLine: {'line': b'-- Up-to-date: /home/dredre/DevStuff/scrollDiary/speechToText/ros2Workspace/install/printer_pkg/share/printer_pkg/environment/ament_prefix_path.dsv\n'}
[29.996010] (printer_pkg) StdoutLine: {'line': b'-- Up-to-date: /home/dredre/DevStuff/scrollDiary/speechToText/ros2Workspace/install/printer_pkg/share/printer_pkg/environment/path.sh\n'}
[29.996094] (printer_pkg) StdoutLine: {'line': b'-- Up-to-date: /home/dredre/DevStuff/scrollDiary/speechToText/ros2Workspace/install/printer_pkg/share/printer_pkg/environment/path.dsv\n'}
[29.996206] (printer_pkg) StdoutLine: {'line': b'-- Up-to-date: /home/dredre/DevStuff/scrollDiary/speechToText/ros2Workspace/install/printer_pkg/share/printer_pkg/local_setup.bash\n'}
[29.996533] (printer_pkg) StdoutLine: {'line': b'-- Up-to-date: /home/dredre/DevStuff/scrollDiary/speechToText/ros2Workspace/install/printer_pkg/share/printer_pkg/local_setup.sh\n'}
[29.996678] (printer_pkg) StdoutLine: {'line': b'-- Up-to-date: /home/dredre/DevStuff/scrollDiary/speechToText/ros2Workspace/install/printer_pkg/share/printer_pkg/local_setup.zsh\n'}
[29.996773] (printer_pkg) StdoutLine: {'line': b'-- Up-to-date: /home/dredre/DevStuff/scrollDiary/speechToText/ros2Workspace/install/printer_pkg/share/printer_pkg/local_setup.dsv\n'}
[29.996863] (printer_pkg) StdoutLine: {'line': b'-- Installing: /home/dredre/DevStuff/scrollDiary/speechToText/ros2Workspace/install/printer_pkg/share/printer_pkg/package.dsv\n'}
[29.996953] (printer_pkg) StdoutLine: {'line': b'-- Up-to-date: /home/dredre/DevStuff/scrollDiary/speechToText/ros2Workspace/install/printer_pkg/share/ament_index/resource_index/packages/printer_pkg\n'}
[29.997170] (printer_pkg) StdoutLine: {'line': b'-- Up-to-date: /home/dredre/DevStuff/scrollDiary/speechToText/ros2Workspace/install/printer_pkg/share/printer_pkg/cmake/printer_pkgConfig.cmake\n'}
[29.998261] (printer_pkg) StdoutLine: {'line': b'-- Up-to-date: /home/dredre/DevStuff/scrollDiary/speechToText/ros2Workspace/install/printer_pkg/share/printer_pkg/cmake/printer_pkgConfig-version.cmake\n'}
[29.998410] (printer_pkg) StdoutLine: {'line': b'-- Up-to-date: /home/dredre/DevStuff/scrollDiary/speechToText/ros2Workspace/install/printer_pkg/share/printer_pkg/package.xml\n'}
[29.998513] (printer_pkg) CommandEnded: {'returncode': 0}
[30.018538] (printer_pkg) JobEnded: {'identifier': 'printer_pkg', 'rc': 0}
[30.020208] (-) EventReactorShutdown: {}
