[0.000000] (-) TimerEvent: {}
[0.003289] (speech_to_text_interfaces) JobQueued: {'identifier': 'speech_to_text_interfaces', 'dependencies': OrderedDict()}
[0.003492] (speech_to_text_pkg) JobQueued: {'identifier': 'speech_to_text_pkg', 'dependencies': OrderedDict({'speech_to_text_interfaces': '/home/dredre/DevStuff/scrollDiary/speechToText/ros2Workspace/install/speech_to_text_interfaces'})}
[0.003578] (printer_pkg) JobQueued: {'identifier': 'printer_pkg', 'dependencies': OrderedDict({'speech_to_text_interfaces': '/home/dredre/DevStuff/scrollDiary/speechToText/ros2Workspace/install/speech_to_text_interfaces', 'speech_to_text_pkg': '/home/dredre/DevStuff/scrollDiary/speechToText/ros2Workspace/install/speech_to_text_pkg'})}
[0.003629] (speech_to_text_interfaces) JobStarted: {'identifier': 'speech_to_text_interfaces'}
[0.029723] (speech_to_text_interfaces) JobProgress: {'identifier': 'speech_to_text_interfaces', 'progress': 'cmake'}
[0.033187] (speech_to_text_interfaces) JobProgress: {'identifier': 'speech_to_text_interfaces', 'progress': 'build'}
[0.033367] (speech_to_text_interfaces) Command: {'cmd': ['/usr/local/bin/cmake', '--build', '/home/dredre/DevStuff/scrollDiary/speechToText/ros2Workspace/build/speech_to_text_interfaces', '--', '-j4', '-l4'], 'cwd': '/home/dredre/DevStuff/scrollDiary/speechToText/ros2Workspace/build/speech_to_text_interfaces', 'env': OrderedDict({'LESSOPEN': '| /usr/bin/lesspipe %s', 'USER': 'dredre', 'GZ_CONFIG_PATH': '/opt/ros/jazzy/opt/sdformat_vendor/share/gz', 'XDG_SESSION_TYPE': 'wayland', 'CLUTTER_DISABLE_MIPMAPPED_TEXT': '1', 'SHLVL': '1', 'LD_LIBRARY_PATH': '/home/dredre/DevStuff/scrollDiary/speechToText/ros2Workspace/install/speech_to_text_pkg/lib:/home/dredre/DevStuff/scrollDiary/speechToText/ros2Workspace/install/speech_to_text_interfaces/lib:/opt/ros/jazzy/opt/sdformat_vendor/lib:/opt/ros/jazzy/opt/rviz_ogre_vendor/lib:/opt/ros/jazzy/lib/aarch64-linux-gnu:/opt/ros/jazzy/opt/gz_math_vendor/lib:/opt/ros/jazzy/opt/gz_utils_vendor/lib:/opt/ros/jazzy/opt/gz_tools_vendor/lib:/opt/ros/jazzy/opt/gz_cmake_vendor/lib:/opt/ros/jazzy/lib', 'HOME': '/home/dredre', 'OLDPWD': '/home/dredre/DevStuff/scrollDiary', 'DESKTOP_SESSION': 'ubuntu', 'ROS_PYTHON_VERSION': '3', 'GNOME_SHELL_SESSION_MODE': 'ubuntu', 'GTK_MODULES': 'gail:atk-bridge', 'SYSTEMD_EXEC_PID': '25429', 'GSM_SKIP_SSH_AGENT_WORKAROUND': 'true', 'DBUS_SESSION_BUS_ADDRESS': 'unix:path=/run/user/1000/bus', 'COLORTERM': 'truecolor', 'DEBUGINFOD_URLS': 'https://debuginfod.ubuntu.com', 'IM_CONFIG_PHASE': '1', 'WAYLAND_DISPLAY': 'wayland-0', 'COLCON_PREFIX_PATH': '/home/dredre/DevStuff/scrollDiary/speechToText/ros2Workspace/install', 'ROS_DISTRO': 'jazzy', 'LOGNAME': 'dredre', '_': '/usr/bin/colcon', 'ROS_VERSION': '2', 'MEMORY_PRESSURE_WATCH': '/sys/fs/cgroup/user.slice/user-1000.slice/user@1000.service/session.slice/org.gnome.Shell@wayland.service/memory.pressure', 'XDG_SESSION_CLASS': 'user', 'USERNAME': 'dredre', 'TERM': 'xterm-256color', 'GNOME_DESKTOP_SESSION_ID': 'this-is-deprecated', 'PATH': '/opt/ros/jazzy/opt/gz_tools_vendor/bin:/opt/ros/jazzy/bin:/home/dredre/.local/bin:/usr/local/sbin:/usr/local/bin:/usr/sbin:/usr/bin:/sbin:/bin:/usr/games:/usr/local/games:/snap/bin:/snap/bin:/home/dredre/.local/bin', 'SESSION_MANAGER': 'local/dredre-desktop:@/tmp/.ICE-unix/25400,unix/dredre-desktop:/tmp/.ICE-unix/25400', 'XDG_MENU_PREFIX': 'gnome-', 'GNOME_TERMINAL_SCREEN': '/org/gnome/Terminal/screen/706f0d83_a060_4c10_b414_5de519fb05e7', 'GNOME_SETUP_DISPLAY': ':1', 'XDG_RUNTIME_DIR': '/run/user/1000', 'DISPLAY': ':0', 'LANG': 'C.UTF-8', 'XDG_CURRENT_DESKTOP': 'ubuntu:GNOME', 'XMODIFIERS': '@im=ibus', 'XDG_SESSION_DESKTOP': 'ubuntu', 'XAUTHORITY': '/run/user/1000/.mutter-Xwaylandauth.5Z7NP3', 'LS_COLORS': 'rs=0:di=01;34:ln=01;36:mh=00:pi=40;33:so=01;35:do=01;35:bd=40;33;01:cd=40;33;01:or=40;31;01:mi=00:su=37;41:sg=30;43:ca=00:tw=30;42:ow=34;42:st=37;44:ex=01;32:*.tar=01;31:*.tgz=01;31:*.arc=01;31:*.arj=01;31:*.taz=01;31:*.lha=01;31:*.lz4=01;31:*.lzh=01;31:*.lzma=01;31:*.tlz=01;31:*.txz=01;31:*.tzo=01;31:*.t7z=01;31:*.zip=01;31:*.z=01;31:*.dz=01;31:*.gz=01;31:*.lrz=01;31:*.lz=01;31:*.lzo=01;31:*.xz=01;31:*.zst=01;31:*.tzst=01;31:*.bz2=01;31:*.bz=01;31:*.tbz=01;31:*.tbz2=01;31:*.tz=01;31:*.deb=01;31:*.rpm=01;31:*.jar=01;31:*.war=01;31:*.ear=01;31:*.sar=01;31:*.rar=01;31:*.alz=01;31:*.ace=01;31:*.zoo=01;31:*.cpio=01;31:*.7z=01;31:*.rz=01;31:*.cab=01;31:*.wim=01;31:*.swm=01;31:*.dwm=01;31:*.esd=01;31:*.avif=01;35:*.jpg=01;35:*.jpeg=01;35:*.mjpg=01;35:*.mjpeg=01;35:*.gif=01;35:*.bmp=01;35:*.pbm=01;35:*.pgm=01;35:*.ppm=01;35:*.tga=01;35:*.xbm=01;35:*.xpm=01;35:*.tif=01;35:*.tiff=01;35:*.png=01;35:*.svg=01;35:*.svgz=01;35:*.mng=01;35:*.pcx=01;35:*.mov=01;35:*.mpg=01;35:*.mpeg=01;35:*.m2v=01;35:*.mkv=01;35:*.webm=01;35:*.webp=01;35:*.ogm=01;35:*.mp4=01;35:*.m4v=01;35:*.mp4v=01;35:*.vob=01;35:*.qt=01;35:*.nuv=01;35:*.wmv=01;35:*.asf=01;35:*.rm=01;35:*.rmvb=01;35:*.flc=01;35:*.avi=01;35:*.fli=01;35:*.flv=01;35:*.gl=01;35:*.dl=01;35:*.xcf=01;35:*.xwd=01;35:*.yuv=01;35:*.cgm=01;35:*.emf=01;35:*.ogv=01;35:*.ogx=01;35:*.aac=00;36:*.au=00;36:*.flac=00;36:*.m4a=00;36:*.mid=00;36:*.midi=00;36:*.mka=00;36:*.mp3=00;36:*.mpc=00;36:*.ogg=00;36:*.ra=00;36:*.wav=00;36:*.oga=00;36:*.opus=00;36:*.spx=00;36:*.xspf=00;36:*~=00;90:*#=00;90:*.bak=00;90:*.crdownload=00;90:*.dpkg-dist=00;90:*.dpkg-new=00;90:*.dpkg-old=00;90:*.dpkg-tmp=00;90:*.old=00;90:*.orig=00;90:*.part=00;90:*.rej=00;90:*.rpmnew=00;90:*.rpmorig=00;90:*.rpmsave=00;90:*.swp=00;90:*.tmp=00;90:*.ucf-dist=00;90:*.ucf-new=00;90:*.ucf-old=00;90:', 'GNOME_TERMINAL_SERVICE': ':1.98', 'SSH_AUTH_SOCK': '/run/user/1000/keyring/ssh', 'ROS_DOMAIN_ID': '1', 'AMENT_PREFIX_PATH': '/home/dredre/DevStuff/scrollDiary/speechToText/ros2Workspace/install/printer_pkg:/home/dredre/DevStuff/scrollDiary/speechToText/ros2Workspace/install/speech_to_text_pkg:/home/dredre/DevStuff/scrollDiary/speechToText/ros2Workspace/install/speech_to_text_interfaces:/opt/ros/jazzy', 'SHELL': '/bin/bash', 'QT_ACCESSIBILITY': '1', 'GDMSESSION': 'ubuntu', 'LESSCLOSE': '/usr/bin/lesspipe %s %s', 'ROS_AUTOMATIC_DISCOVERY_RANGE': 'SUBNET', 'QT_IM_MODULE': 'ibus', 'PWD': '/home/dredre/DevStuff/scrollDiary/speechToText/ros2Workspace/build/speech_to_text_interfaces', 'XDG_CONFIG_DIRS': '/etc/xdg/xdg-ubuntu:/etc/xdg', 'XDG_DATA_DIRS': '/usr/share/ubuntu:/usr/share/gnome:/usr/local/share/:/usr/share/:/var/lib/snapd/desktop', 'PYTHONPATH': '/home/dredre/DevStuff/scrollDiary/speechToText/ros2Workspace/install/speech_to_text_interfaces/lib/python3.12/site-packages:/opt/ros/jazzy/lib/python3.12/site-packages', 'COLCON': '1', 'MEMORY_PRESSURE_WRITE': 'c29tZSAyMDAwMDAgMjAwMDAwMAA=', 'VTE_VERSION': '7600', 'CMAKE_PREFIX_PATH': '/home/dredre/DevStuff/scrollDiary/speechToText/ros2Workspace/install/printer_pkg:/home/dredre/DevStuff/scrollDiary/speechToText/ros2Workspace/install/speech_to_text_pkg:/home/dredre/DevStuff/scrollDiary/speechToText/ros2Workspace/install/speech_to_text_interfaces:/opt/ros/jazzy/opt/sdformat_vendor:/opt/ros/jazzy/opt/gz_math_vendor:/opt/ros/jazzy/opt/gz_utils_vendor:/opt/ros/jazzy/opt/gz_tools_vendor:/opt/ros/jazzy/opt/gz_cmake_vendor:/opt/ros/jazzy'}), 'shell': False}
[0.104680] (-) TimerEvent: {}
[0.161530] (speech_to_text_interfaces) StdoutLine: {'line': b'[  2%] Built target speech_to_text_interfaces__rosidl_generator_type_description\n'}
[0.204835] (-) TimerEvent: {}
[0.213054] (speech_to_text_interfaces) StdoutLine: {'line': b'[  2%] Built target ament_cmake_python_copy_speech_to_text_interfaces\n'}
[0.226818] (speech_to_text_interfaces) StdoutLine: {'line': b'[ 17%] Built target speech_to_text_interfaces__rosidl_generator_c\n'}
[0.242495] (speech_to_text_interfaces) StdoutLine: {'line': b'[ 20%] Built target speech_to_text_interfaces__cpp\n'}
[0.307702] (-) TimerEvent: {}
[0.324310] (speech_to_text_interfaces) StdoutLine: {'line': b'[ 29%] Built target speech_to_text_interfaces__rosidl_typesupport_fastrtps_c\n'}
[0.333262] (speech_to_text_interfaces) StdoutLine: {'line': b'[ 38%] Built target speech_to_text_interfaces__rosidl_typesupport_c\n'}
[0.355794] (speech_to_text_interfaces) StdoutLine: {'line': b'[ 47%] Built target speech_to_text_interfaces__rosidl_typesupport_introspection_c\n'}
[0.402374] (speech_to_text_interfaces) StdoutLine: {'line': b'[ 55%] Built target speech_to_text_interfaces__rosidl_typesupport_fastrtps_cpp\n'}
[0.408757] (-) TimerEvent: {}
[0.420838] (speech_to_text_interfaces) StdoutLine: {'line': b'[ 64%] Built target speech_to_text_interfaces__rosidl_typesupport_introspection_cpp\n'}
[0.436699] (speech_to_text_interfaces) StdoutLine: {'line': b'[ 73%] Built target speech_to_text_interfaces__rosidl_typesupport_cpp\n'}
[0.485992] (speech_to_text_interfaces) StdoutLine: {'line': b'[ 73%] Built target speech_to_text_interfaces\n'}
[0.508882] (-) TimerEvent: {}
[0.519881] (speech_to_text_interfaces) StdoutLine: {'line': b'[ 76%] Built target speech_to_text_interfaces__py\n'}
[0.563929] (speech_to_text_interfaces) StdoutLine: {'line': b'[ 82%] Built target speech_to_text_interfaces__rosidl_generator_py\n'}
[0.609056] (-) TimerEvent: {}
[0.647870] (speech_to_text_interfaces) StdoutLine: {'line': b'[ 88%] Built target speech_to_text_interfaces_s__rosidl_typesupport_fastrtps_c\n'}
[0.662850] (speech_to_text_interfaces) StdoutLine: {'line': b'[ 94%] Built target speech_to_text_interfaces_s__rosidl_typesupport_introspection_c\n'}
[0.674354] (speech_to_text_interfaces) StdoutLine: {'line': b'[100%] Built target speech_to_text_interfaces_s__rosidl_typesupport_c\n'}
[0.709200] (-) TimerEvent: {}
[0.809770] (-) TimerEvent: {}
[0.910638] (-) TimerEvent: {}
[1.000381] (speech_to_text_interfaces) StdoutLine: {'line': b'running egg_info\n'}
[1.010745] (-) TimerEvent: {}
[1.064824] (speech_to_text_interfaces) StdoutLine: {'line': b'writing speech_to_text_interfaces.egg-info/PKG-INFO\n'}
[1.065231] (speech_to_text_interfaces) StdoutLine: {'line': b'writing dependency_links to speech_to_text_interfaces.egg-info/dependency_links.txt\n'}
[1.065361] (speech_to_text_interfaces) StdoutLine: {'line': b'writing top-level names to speech_to_text_interfaces.egg-info/top_level.txt\n'}
[1.112687] (-) TimerEvent: {}
[1.213166] (-) TimerEvent: {}
[1.264331] (speech_to_text_interfaces) StdoutLine: {'line': b"reading manifest file 'speech_to_text_interfaces.egg-info/SOURCES.txt'\n"}
[1.266714] (speech_to_text_interfaces) StdoutLine: {'line': b"writing manifest file 'speech_to_text_interfaces.egg-info/SOURCES.txt'\n"}
[1.313439] (-) TimerEvent: {}
[1.386171] (speech_to_text_interfaces) StdoutLine: {'line': b'[100%] Built target ament_cmake_python_build_speech_to_text_interfaces_egg\n'}
[1.397313] (speech_to_text_interfaces) CommandEnded: {'returncode': 0}
[1.398386] (speech_to_text_interfaces) JobProgress: {'identifier': 'speech_to_text_interfaces', 'progress': 'install'}
[1.406014] (speech_to_text_interfaces) Command: {'cmd': ['/usr/local/bin/cmake', '--install', '/home/dredre/DevStuff/scrollDiary/speechToText/ros2Workspace/build/speech_to_text_interfaces'], 'cwd': '/home/dredre/DevStuff/scrollDiary/speechToText/ros2Workspace/build/speech_to_text_interfaces', 'env': OrderedDict({'LESSOPEN': '| /usr/bin/lesspipe %s', 'USER': 'dredre', 'GZ_CONFIG_PATH': '/opt/ros/jazzy/opt/sdformat_vendor/share/gz', 'XDG_SESSION_TYPE': 'wayland', 'CLUTTER_DISABLE_MIPMAPPED_TEXT': '1', 'SHLVL': '1', 'LD_LIBRARY_PATH': '/home/dredre/DevStuff/scrollDiary/speechToText/ros2Workspace/install/speech_to_text_pkg/lib:/home/dredre/DevStuff/scrollDiary/speechToText/ros2Workspace/install/speech_to_text_interfaces/lib:/opt/ros/jazzy/opt/sdformat_vendor/lib:/opt/ros/jazzy/opt/rviz_ogre_vendor/lib:/opt/ros/jazzy/lib/aarch64-linux-gnu:/opt/ros/jazzy/opt/gz_math_vendor/lib:/opt/ros/jazzy/opt/gz_utils_vendor/lib:/opt/ros/jazzy/opt/gz_tools_vendor/lib:/opt/ros/jazzy/opt/gz_cmake_vendor/lib:/opt/ros/jazzy/lib', 'HOME': '/home/dredre', 'OLDPWD': '/home/dredre/DevStuff/scrollDiary', 'DESKTOP_SESSION': 'ubuntu', 'ROS_PYTHON_VERSION': '3', 'GNOME_SHELL_SESSION_MODE': 'ubuntu', 'GTK_MODULES': 'gail:atk-bridge', 'SYSTEMD_EXEC_PID': '25429', 'GSM_SKIP_SSH_AGENT_WORKAROUND': 'true', 'DBUS_SESSION_BUS_ADDRESS': 'unix:path=/run/user/1000/bus', 'COLORTERM': 'truecolor', 'DEBUGINFOD_URLS': 'https://debuginfod.ubuntu.com', 'IM_CONFIG_PHASE': '1', 'WAYLAND_DISPLAY': 'wayland-0', 'COLCON_PREFIX_PATH': '/home/dredre/DevStuff/scrollDiary/speechToText/ros2Workspace/install', 'ROS_DISTRO': 'jazzy', 'LOGNAME': 'dredre', '_': '/usr/bin/colcon', 'ROS_VERSION': '2', 'MEMORY_PRESSURE_WATCH': '/sys/fs/cgroup/user.slice/user-1000.slice/user@1000.service/session.slice/org.gnome.Shell@wayland.service/memory.pressure', 'XDG_SESSION_CLASS': 'user', 'USERNAME': 'dredre', 'TERM': 'xterm-256color', 'GNOME_DESKTOP_SESSION_ID': 'this-is-deprecated', 'PATH': '/opt/ros/jazzy/opt/gz_tools_vendor/bin:/opt/ros/jazzy/bin:/home/dredre/.local/bin:/usr/local/sbin:/usr/local/bin:/usr/sbin:/usr/bin:/sbin:/bin:/usr/games:/usr/local/games:/snap/bin:/snap/bin:/home/dredre/.local/bin', 'SESSION_MANAGER': 'local/dredre-desktop:@/tmp/.ICE-unix/25400,unix/dredre-desktop:/tmp/.ICE-unix/25400', 'XDG_MENU_PREFIX': 'gnome-', 'GNOME_TERMINAL_SCREEN': '/org/gnome/Terminal/screen/706f0d83_a060_4c10_b414_5de519fb05e7', 'GNOME_SETUP_DISPLAY': ':1', 'XDG_RUNTIME_DIR': '/run/user/1000', 'DISPLAY': ':0', 'LANG': 'C.UTF-8', 'XDG_CURRENT_DESKTOP': 'ubuntu:GNOME', 'XMODIFIERS': '@im=ibus', 'XDG_SESSION_DESKTOP': 'ubuntu', 'XAUTHORITY': '/run/user/1000/.mutter-Xwaylandauth.5Z7NP3', 'LS_COLORS': 'rs=0:di=01;34:ln=01;36:mh=00:pi=40;33:so=01;35:do=01;35:bd=40;33;01:cd=40;33;01:or=40;31;01:mi=00:su=37;41:sg=30;43:ca=00:tw=30;42:ow=34;42:st=37;44:ex=01;32:*.tar=01;31:*.tgz=01;31:*.arc=01;31:*.arj=01;31:*.taz=01;31:*.lha=01;31:*.lz4=01;31:*.lzh=01;31:*.lzma=01;31:*.tlz=01;31:*.txz=01;31:*.tzo=01;31:*.t7z=01;31:*.zip=01;31:*.z=01;31:*.dz=01;31:*.gz=01;31:*.lrz=01;31:*.lz=01;31:*.lzo=01;31:*.xz=01;31:*.zst=01;31:*.tzst=01;31:*.bz2=01;31:*.bz=01;31:*.tbz=01;31:*.tbz2=01;31:*.tz=01;31:*.deb=01;31:*.rpm=01;31:*.jar=01;31:*.war=01;31:*.ear=01;31:*.sar=01;31:*.rar=01;31:*.alz=01;31:*.ace=01;31:*.zoo=01;31:*.cpio=01;31:*.7z=01;31:*.rz=01;31:*.cab=01;31:*.wim=01;31:*.swm=01;31:*.dwm=01;31:*.esd=01;31:*.avif=01;35:*.jpg=01;35:*.jpeg=01;35:*.mjpg=01;35:*.mjpeg=01;35:*.gif=01;35:*.bmp=01;35:*.pbm=01;35:*.pgm=01;35:*.ppm=01;35:*.tga=01;35:*.xbm=01;35:*.xpm=01;35:*.tif=01;35:*.tiff=01;35:*.png=01;35:*.svg=01;35:*.svgz=01;35:*.mng=01;35:*.pcx=01;35:*.mov=01;35:*.mpg=01;35:*.mpeg=01;35:*.m2v=01;35:*.mkv=01;35:*.webm=01;35:*.webp=01;35:*.ogm=01;35:*.mp4=01;35:*.m4v=01;35:*.mp4v=01;35:*.vob=01;35:*.qt=01;35:*.nuv=01;35:*.wmv=01;35:*.asf=01;35:*.rm=01;35:*.rmvb=01;35:*.flc=01;35:*.avi=01;35:*.fli=01;35:*.flv=01;35:*.gl=01;35:*.dl=01;35:*.xcf=01;35:*.xwd=01;35:*.yuv=01;35:*.cgm=01;35:*.emf=01;35:*.ogv=01;35:*.ogx=01;35:*.aac=00;36:*.au=00;36:*.flac=00;36:*.m4a=00;36:*.mid=00;36:*.midi=00;36:*.mka=00;36:*.mp3=00;36:*.mpc=00;36:*.ogg=00;36:*.ra=00;36:*.wav=00;36:*.oga=00;36:*.opus=00;36:*.spx=00;36:*.xspf=00;36:*~=00;90:*#=00;90:*.bak=00;90:*.crdownload=00;90:*.dpkg-dist=00;90:*.dpkg-new=00;90:*.dpkg-old=00;90:*.dpkg-tmp=00;90:*.old=00;90:*.orig=00;90:*.part=00;90:*.rej=00;90:*.rpmnew=00;90:*.rpmorig=00;90:*.rpmsave=00;90:*.swp=00;90:*.tmp=00;90:*.ucf-dist=00;90:*.ucf-new=00;90:*.ucf-old=00;90:', 'GNOME_TERMINAL_SERVICE': ':1.98', 'SSH_AUTH_SOCK': '/run/user/1000/keyring/ssh', 'ROS_DOMAIN_ID': '1', 'AMENT_PREFIX_PATH': '/home/dredre/DevStuff/scrollDiary/speechToText/ros2Workspace/install/printer_pkg:/home/dredre/DevStuff/scrollDiary/speechToText/ros2Workspace/install/speech_to_text_pkg:/home/dredre/DevStuff/scrollDiary/speechToText/ros2Workspace/install/speech_to_text_interfaces:/opt/ros/jazzy', 'SHELL': '/bin/bash', 'QT_ACCESSIBILITY': '1', 'GDMSESSION': 'ubuntu', 'LESSCLOSE': '/usr/bin/lesspipe %s %s', 'ROS_AUTOMATIC_DISCOVERY_RANGE': 'SUBNET', 'QT_IM_MODULE': 'ibus', 'PWD': '/home/dredre/DevStuff/scrollDiary/speechToText/ros2Workspace/build/speech_to_text_interfaces', 'XDG_CONFIG_DIRS': '/etc/xdg/xdg-ubuntu:/etc/xdg', 'XDG_DATA_DIRS': '/usr/share/ubuntu:/usr/share/gnome:/usr/local/share/:/usr/share/:/var/lib/snapd/desktop', 'PYTHONPATH': '/home/dredre/DevStuff/scrollDiary/speechToText/ros2Workspace/install/speech_to_text_interfaces/lib/python3.12/site-packages:/opt/ros/jazzy/lib/python3.12/site-packages', 'COLCON': '1', 'MEMORY_PRESSURE_WRITE': 'c29tZSAyMDAwMDAgMjAwMDAwMAA=', 'VTE_VERSION': '7600', 'CMAKE_PREFIX_PATH': '/home/dredre/DevStuff/scrollDiary/speechToText/ros2Workspace/install/printer_pkg:/home/dredre/DevStuff/scrollDiary/speechToText/ros2Workspace/install/speech_to_text_pkg:/home/dredre/DevStuff/scrollDiary/speechToText/ros2Workspace/install/speech_to_text_interfaces:/opt/ros/jazzy/opt/sdformat_vendor:/opt/ros/jazzy/opt/gz_math_vendor:/opt/ros/jazzy/opt/gz_utils_vendor:/opt/ros/jazzy/opt/gz_tools_vendor:/opt/ros/jazzy/opt/gz_cmake_vendor:/opt/ros/jazzy'}), 'shell': False}
[1.413593] (-) TimerEvent: {}
[1.417212] (speech_to_text_interfaces) StdoutLine: {'line': b'-- Install configuration: ""\n'}
[1.421638] (speech_to_text_interfaces) StdoutLine: {'line': b'-- Up-to-date: /home/dredre/DevStuff/scrollDiary/speechToText/ros2Workspace/install/speech_to_text_interfaces/share/ament_index/resource_index/rosidl_interfaces/speech_to_text_interfaces\n'}
[1.423134] (speech_to_text_interfaces) StdoutLine: {'line': b'-- Up-to-date: /home/dredre/DevStuff/scrollDiary/speechToText/ros2Workspace/install/speech_to_text_interfaces/share/speech_to_text_interfaces/msg/AudioStamped.json\n'}
[1.423386] (speech_to_text_interfaces) StdoutLine: {'line': b'-- Up-to-date: /home/dredre/DevStuff/scrollDiary/speechToText/ros2Workspace/install/speech_to_text_interfaces/include/speech_to_text_interfaces/speech_to_text_interfaces\n'}
[1.423575] (speech_to_text_interfaces) StdoutLine: {'line': b'-- Up-to-date: /home/dredre/DevStuff/scrollDiary/speechToText/ros2Workspace/install/speech_to_text_interfaces/include/speech_to_text_interfaces/speech_to_text_interfaces/msg\n'}
[1.423777] (speech_to_text_interfaces) StdoutLine: {'line': b'-- Up-to-date: /home/dredre/DevStuff/scrollDiary/speechToText/ros2Workspace/install/speech_to_text_interfaces/include/speech_to_text_interfaces/speech_to_text_interfaces/msg/audio_stamped.h\n'}
[1.423946] (speech_to_text_interfaces) StdoutLine: {'line': b'-- Up-to-date: /home/dredre/DevStuff/scrollDiary/speechToText/ros2Workspace/install/speech_to_text_interfaces/include/speech_to_text_interfaces/speech_to_text_interfaces/msg/rosidl_generator_c__visibility_control.h\n'}
[1.424096] (speech_to_text_interfaces) StdoutLine: {'line': b'-- Up-to-date: /home/dredre/DevStuff/scrollDiary/speechToText/ros2Workspace/install/speech_to_text_interfaces/include/speech_to_text_interfaces/speech_to_text_interfaces/msg/detail\n'}
[1.424277] (speech_to_text_interfaces) StdoutLine: {'line': b'-- Up-to-date: /home/dredre/DevStuff/scrollDiary/speechToText/ros2Workspace/install/speech_to_text_interfaces/include/speech_to_text_interfaces/speech_to_text_interfaces/msg/detail/audio_stamped__struct.h\n'}
[1.424468] (speech_to_text_interfaces) StdoutLine: {'line': b'-- Up-to-date: /home/dredre/DevStuff/scrollDiary/speechToText/ros2Workspace/install/speech_to_text_interfaces/include/speech_to_text_interfaces/speech_to_text_interfaces/msg/detail/audio_stamped__description.c\n'}
[1.430572] (speech_to_text_interfaces) StdoutLine: {'line': b'-- Up-to-date: /home/dredre/DevStuff/scrollDiary/speechToText/ros2Workspace/install/speech_to_text_interfaces/include/speech_to_text_interfaces/speech_to_text_interfaces/msg/detail/audio_stamped__functions.c\n'}
[1.431523] (speech_to_text_interfaces) StdoutLine: {'line': b'-- Up-to-date: /home/dredre/DevStuff/scrollDiary/speechToText/ros2Workspace/install/speech_to_text_interfaces/include/speech_to_text_interfaces/speech_to_text_interfaces/msg/detail/audio_stamped__functions.h\n'}
[1.431719] (speech_to_text_interfaces) StdoutLine: {'line': b'-- Up-to-date: /home/dredre/DevStuff/scrollDiary/speechToText/ros2Workspace/install/speech_to_text_interfaces/include/speech_to_text_interfaces/speech_to_text_interfaces/msg/detail/audio_stamped__type_support.c\n'}
[1.431838] (speech_to_text_interfaces) StdoutLine: {'line': b'-- Up-to-date: /home/dredre/DevStuff/scrollDiary/speechToText/ros2Workspace/install/speech_to_text_interfaces/include/speech_to_text_interfaces/speech_to_text_interfaces/msg/detail/audio_stamped__type_support.h\n'}
[1.431985] (speech_to_text_interfaces) StdoutLine: {'line': b'-- Up-to-date: /home/dredre/DevStuff/scrollDiary/speechToText/ros2Workspace/install/speech_to_text_interfaces/share/speech_to_text_interfaces/environment/library_path.sh\n'}
[1.432091] (speech_to_text_interfaces) StdoutLine: {'line': b'-- Up-to-date: /home/dredre/DevStuff/scrollDiary/speechToText/ros2Workspace/install/speech_to_text_interfaces/share/speech_to_text_interfaces/environment/library_path.dsv\n'}
[1.432185] (speech_to_text_interfaces) StdoutLine: {'line': b'-- Up-to-date: /home/dredre/DevStuff/scrollDiary/speechToText/ros2Workspace/install/speech_to_text_interfaces/lib/libspeech_to_text_interfaces__rosidl_generator_c.so\n'}
[1.432277] (speech_to_text_interfaces) StdoutLine: {'line': b'-- Up-to-date: /home/dredre/DevStuff/scrollDiary/speechToText/ros2Workspace/install/speech_to_text_interfaces/include/speech_to_text_interfaces/speech_to_text_interfaces\n'}
[1.432378] (speech_to_text_interfaces) StdoutLine: {'line': b'-- Up-to-date: /home/dredre/DevStuff/scrollDiary/speechToText/ros2Workspace/install/speech_to_text_interfaces/include/speech_to_text_interfaces/speech_to_text_interfaces/msg\n'}
[1.432481] (speech_to_text_interfaces) StdoutLine: {'line': b'-- Up-to-date: /home/dredre/DevStuff/scrollDiary/speechToText/ros2Workspace/install/speech_to_text_interfaces/include/speech_to_text_interfaces/speech_to_text_interfaces/msg/rosidl_typesupport_fastrtps_c__visibility_control.h\n'}
[1.432622] (speech_to_text_interfaces) StdoutLine: {'line': b'-- Up-to-date: /home/dredre/DevStuff/scrollDiary/speechToText/ros2Workspace/install/speech_to_text_interfaces/include/speech_to_text_interfaces/speech_to_text_interfaces/msg/detail\n'}
[1.432744] (speech_to_text_interfaces) StdoutLine: {'line': b'-- Up-to-date: /home/dredre/DevStuff/scrollDiary/speechToText/ros2Workspace/install/speech_to_text_interfaces/include/speech_to_text_interfaces/speech_to_text_interfaces/msg/detail/audio_stamped__rosidl_typesupport_fastrtps_c.h\n'}
[1.432842] (speech_to_text_interfaces) StdoutLine: {'line': b'-- Up-to-date: /home/dredre/DevStuff/scrollDiary/speechToText/ros2Workspace/install/speech_to_text_interfaces/lib/libspeech_to_text_interfaces__rosidl_typesupport_fastrtps_c.so\n'}
[1.432943] (speech_to_text_interfaces) StdoutLine: {'line': b'-- Up-to-date: /home/dredre/DevStuff/scrollDiary/speechToText/ros2Workspace/install/speech_to_text_interfaces/include/speech_to_text_interfaces/speech_to_text_interfaces\n'}
[1.433042] (speech_to_text_interfaces) StdoutLine: {'line': b'-- Up-to-date: /home/dredre/DevStuff/scrollDiary/speechToText/ros2Workspace/install/speech_to_text_interfaces/include/speech_to_text_interfaces/speech_to_text_interfaces/msg\n'}
[1.433148] (speech_to_text_interfaces) StdoutLine: {'line': b'-- Up-to-date: /home/dredre/DevStuff/scrollDiary/speechToText/ros2Workspace/install/speech_to_text_interfaces/include/speech_to_text_interfaces/speech_to_text_interfaces/msg/rosidl_typesupport_introspection_c__visibility_control.h\n'}
[1.433249] (speech_to_text_interfaces) StdoutLine: {'line': b'-- Up-to-date: /home/dredre/DevStuff/scrollDiary/speechToText/ros2Workspace/install/speech_to_text_interfaces/include/speech_to_text_interfaces/speech_to_text_interfaces/msg/detail\n'}
[1.435265] (speech_to_text_interfaces) StdoutLine: {'line': b'-- Up-to-date: /home/dredre/DevStuff/scrollDiary/speechToText/ros2Workspace/install/speech_to_text_interfaces/include/speech_to_text_interfaces/speech_to_text_interfaces/msg/detail/audio_stamped__rosidl_typesupport_introspection_c.h\n'}
[1.435442] (speech_to_text_interfaces) StdoutLine: {'line': b'-- Up-to-date: /home/dredre/DevStuff/scrollDiary/speechToText/ros2Workspace/install/speech_to_text_interfaces/include/speech_to_text_interfaces/speech_to_text_interfaces/msg/detail/audio_stamped__type_support.c\n'}
[1.435607] (speech_to_text_interfaces) StdoutLine: {'line': b'-- Up-to-date: /home/dredre/DevStuff/scrollDiary/speechToText/ros2Workspace/install/speech_to_text_interfaces/lib/libspeech_to_text_interfaces__rosidl_typesupport_introspection_c.so\n'}
[1.435732] (speech_to_text_interfaces) StdoutLine: {'line': b'-- Up-to-date: /home/dredre/DevStuff/scrollDiary/speechToText/ros2Workspace/install/speech_to_text_interfaces/lib/libspeech_to_text_interfaces__rosidl_typesupport_c.so\n'}
[1.435865] (speech_to_text_interfaces) StdoutLine: {'line': b'-- Up-to-date: /home/dredre/DevStuff/scrollDiary/speechToText/ros2Workspace/install/speech_to_text_interfaces/include/speech_to_text_interfaces/speech_to_text_interfaces\n'}
[1.435977] (speech_to_text_interfaces) StdoutLine: {'line': b'-- Up-to-date: /home/dredre/DevStuff/scrollDiary/speechToText/ros2Workspace/install/speech_to_text_interfaces/include/speech_to_text_interfaces/speech_to_text_interfaces/msg\n'}
[1.436075] (speech_to_text_interfaces) StdoutLine: {'line': b'-- Up-to-date: /home/dredre/DevStuff/scrollDiary/speechToText/ros2Workspace/install/speech_to_text_interfaces/include/speech_to_text_interfaces/speech_to_text_interfaces/msg/rosidl_generator_cpp__visibility_control.hpp\n'}
[1.436175] (speech_to_text_interfaces) StdoutLine: {'line': b'-- Up-to-date: /home/dredre/DevStuff/scrollDiary/speechToText/ros2Workspace/install/speech_to_text_interfaces/include/speech_to_text_interfaces/speech_to_text_interfaces/msg/audio_stamped.hpp\n'}
[1.436282] (speech_to_text_interfaces) StdoutLine: {'line': b'-- Up-to-date: /home/dredre/DevStuff/scrollDiary/speechToText/ros2Workspace/install/speech_to_text_interfaces/include/speech_to_text_interfaces/speech_to_text_interfaces/msg/detail\n'}
[1.436412] (speech_to_text_interfaces) StdoutLine: {'line': b'-- Up-to-date: /home/dredre/DevStuff/scrollDiary/speechToText/ros2Workspace/install/speech_to_text_interfaces/include/speech_to_text_interfaces/speech_to_text_interfaces/msg/detail/audio_stamped__builder.hpp\n'}
[1.436512] (speech_to_text_interfaces) StdoutLine: {'line': b'-- Up-to-date: /home/dredre/DevStuff/scrollDiary/speechToText/ros2Workspace/install/speech_to_text_interfaces/include/speech_to_text_interfaces/speech_to_text_interfaces/msg/detail/audio_stamped__struct.hpp\n'}
[1.436687] (speech_to_text_interfaces) StdoutLine: {'line': b'-- Up-to-date: /home/dredre/DevStuff/scrollDiary/speechToText/ros2Workspace/install/speech_to_text_interfaces/include/speech_to_text_interfaces/speech_to_text_interfaces/msg/detail/audio_stamped__traits.hpp\n'}
[1.436883] (speech_to_text_interfaces) StdoutLine: {'line': b'-- Up-to-date: /home/dredre/DevStuff/scrollDiary/speechToText/ros2Workspace/install/speech_to_text_interfaces/include/speech_to_text_interfaces/speech_to_text_interfaces/msg/detail/audio_stamped__type_support.hpp\n'}
[1.437071] (speech_to_text_interfaces) StdoutLine: {'line': b'-- Up-to-date: /home/dredre/DevStuff/scrollDiary/speechToText/ros2Workspace/install/speech_to_text_interfaces/include/speech_to_text_interfaces/speech_to_text_interfaces\n'}
[1.437238] (speech_to_text_interfaces) StdoutLine: {'line': b'-- Up-to-date: /home/dredre/DevStuff/scrollDiary/speechToText/ros2Workspace/install/speech_to_text_interfaces/include/speech_to_text_interfaces/speech_to_text_interfaces/msg\n'}
[1.437397] (speech_to_text_interfaces) StdoutLine: {'line': b'-- Up-to-date: /home/dredre/DevStuff/scrollDiary/speechToText/ros2Workspace/install/speech_to_text_interfaces/include/speech_to_text_interfaces/speech_to_text_interfaces/msg/rosidl_typesupport_fastrtps_cpp__visibility_control.h\n'}
[1.437538] (speech_to_text_interfaces) StdoutLine: {'line': b'-- Up-to-date: /home/dredre/DevStuff/scrollDiary/speechToText/ros2Workspace/install/speech_to_text_interfaces/include/speech_to_text_interfaces/speech_to_text_interfaces/msg/detail\n'}
[1.438096] (speech_to_text_interfaces) StdoutLine: {'line': b'-- Up-to-date: /home/dredre/DevStuff/scrollDiary/speechToText/ros2Workspace/install/speech_to_text_interfaces/include/speech_to_text_interfaces/speech_to_text_interfaces/msg/detail/audio_stamped__rosidl_typesupport_fastrtps_cpp.hpp\n'}
[1.438232] (speech_to_text_interfaces) StdoutLine: {'line': b'-- Up-to-date: /home/dredre/DevStuff/scrollDiary/speechToText/ros2Workspace/install/speech_to_text_interfaces/include/speech_to_text_interfaces/speech_to_text_interfaces/msg/detail/dds_fastrtps\n'}
[1.438439] (speech_to_text_interfaces) StdoutLine: {'line': b'-- Up-to-date: /home/dredre/DevStuff/scrollDiary/speechToText/ros2Workspace/install/speech_to_text_interfaces/lib/libspeech_to_text_interfaces__rosidl_typesupport_fastrtps_cpp.so\n'}
[1.438608] (speech_to_text_interfaces) StdoutLine: {'line': b'-- Up-to-date: /home/dredre/DevStuff/scrollDiary/speechToText/ros2Workspace/install/speech_to_text_interfaces/include/speech_to_text_interfaces/speech_to_text_interfaces\n'}
[1.438786] (speech_to_text_interfaces) StdoutLine: {'line': b'-- Up-to-date: /home/dredre/DevStuff/scrollDiary/speechToText/ros2Workspace/install/speech_to_text_interfaces/include/speech_to_text_interfaces/speech_to_text_interfaces/msg\n'}
[1.438914] (speech_to_text_interfaces) StdoutLine: {'line': b'-- Up-to-date: /home/dredre/DevStuff/scrollDiary/speechToText/ros2Workspace/install/speech_to_text_interfaces/include/speech_to_text_interfaces/speech_to_text_interfaces/msg/detail\n'}
[1.439030] (speech_to_text_interfaces) StdoutLine: {'line': b'-- Up-to-date: /home/dredre/DevStuff/scrollDiary/speechToText/ros2Workspace/install/speech_to_text_interfaces/include/speech_to_text_interfaces/speech_to_text_interfaces/msg/detail/audio_stamped__rosidl_typesupport_introspection_cpp.hpp\n'}
[1.439138] (speech_to_text_interfaces) StdoutLine: {'line': b'-- Up-to-date: /home/dredre/DevStuff/scrollDiary/speechToText/ros2Workspace/install/speech_to_text_interfaces/include/speech_to_text_interfaces/speech_to_text_interfaces/msg/detail/audio_stamped__type_support.cpp\n'}
[1.439236] (speech_to_text_interfaces) StdoutLine: {'line': b'-- Up-to-date: /home/dredre/DevStuff/scrollDiary/speechToText/ros2Workspace/install/speech_to_text_interfaces/lib/libspeech_to_text_interfaces__rosidl_typesupport_introspection_cpp.so\n'}
[1.439328] (speech_to_text_interfaces) StdoutLine: {'line': b'-- Up-to-date: /home/dredre/DevStuff/scrollDiary/speechToText/ros2Workspace/install/speech_to_text_interfaces/lib/libspeech_to_text_interfaces__rosidl_typesupport_cpp.so\n'}
[1.439428] (speech_to_text_interfaces) StdoutLine: {'line': b'-- Up-to-date: /home/dredre/DevStuff/scrollDiary/speechToText/ros2Workspace/install/speech_to_text_interfaces/share/speech_to_text_interfaces/environment/pythonpath.sh\n'}
[1.439540] (speech_to_text_interfaces) StdoutLine: {'line': b'-- Up-to-date: /home/dredre/DevStuff/scrollDiary/speechToText/ros2Workspace/install/speech_to_text_interfaces/share/speech_to_text_interfaces/environment/pythonpath.dsv\n'}
[1.439717] (speech_to_text_interfaces) StdoutLine: {'line': b'-- Up-to-date: /home/dredre/DevStuff/scrollDiary/speechToText/ros2Workspace/install/speech_to_text_interfaces/lib/python3.12/site-packages/speech_to_text_interfaces-0.0.0-py3.12.egg-info\n'}
[1.439914] (speech_to_text_interfaces) StdoutLine: {'line': b'-- Installing: /home/dredre/DevStuff/scrollDiary/speechToText/ros2Workspace/install/speech_to_text_interfaces/lib/python3.12/site-packages/speech_to_text_interfaces-0.0.0-py3.12.egg-info/dependency_links.txt\n'}
[1.440066] (speech_to_text_interfaces) StdoutLine: {'line': b'-- Installing: /home/dredre/DevStuff/scrollDiary/speechToText/ros2Workspace/install/speech_to_text_interfaces/lib/python3.12/site-packages/speech_to_text_interfaces-0.0.0-py3.12.egg-info/top_level.txt\n'}
[1.440199] (speech_to_text_interfaces) StdoutLine: {'line': b'-- Installing: /home/dredre/DevStuff/scrollDiary/speechToText/ros2Workspace/install/speech_to_text_interfaces/lib/python3.12/site-packages/speech_to_text_interfaces-0.0.0-py3.12.egg-info/SOURCES.txt\n'}
[1.440542] (speech_to_text_interfaces) StdoutLine: {'line': b'-- Installing: /home/dredre/DevStuff/scrollDiary/speechToText/ros2Workspace/install/speech_to_text_interfaces/lib/python3.12/site-packages/speech_to_text_interfaces-0.0.0-py3.12.egg-info/PKG-INFO\n'}
[1.440780] (speech_to_text_interfaces) StdoutLine: {'line': b'-- Up-to-date: /home/dredre/DevStuff/scrollDiary/speechToText/ros2Workspace/install/speech_to_text_interfaces/lib/python3.12/site-packages/speech_to_text_interfaces\n'}
[1.440990] (speech_to_text_interfaces) StdoutLine: {'line': b'-- Up-to-date: /home/dredre/DevStuff/scrollDiary/speechToText/ros2Workspace/install/speech_to_text_interfaces/lib/python3.12/site-packages/speech_to_text_interfaces/_speech_to_text_interfaces_s.ep.rosidl_typesupport_fastrtps_c.c\n'}
[1.441162] (speech_to_text_interfaces) StdoutLine: {'line': b'-- Up-to-date: /home/dredre/DevStuff/scrollDiary/speechToText/ros2Workspace/install/speech_to_text_interfaces/lib/python3.12/site-packages/speech_to_text_interfaces/_speech_to_text_interfaces_s.ep.rosidl_typesupport_introspection_c.c\n'}
[1.441319] (speech_to_text_interfaces) StdoutLine: {'line': b'-- Up-to-date: /home/dredre/DevStuff/scrollDiary/speechToText/ros2Workspace/install/speech_to_text_interfaces/lib/python3.12/site-packages/speech_to_text_interfaces/speech_to_text_interfaces_s__rosidl_typesupport_c.so\n'}
[1.441479] (speech_to_text_interfaces) StdoutLine: {'line': b'-- Up-to-date: /home/dredre/DevStuff/scrollDiary/speechToText/ros2Workspace/install/speech_to_text_interfaces/lib/python3.12/site-packages/speech_to_text_interfaces/msg\n'}
[1.441742] (speech_to_text_interfaces) StdoutLine: {'line': b'-- Up-to-date: /home/dredre/DevStuff/scrollDiary/speechToText/ros2Workspace/install/speech_to_text_interfaces/lib/python3.12/site-packages/speech_to_text_interfaces/msg/_audio_stamped_s.c\n'}
[1.441958] (speech_to_text_interfaces) StdoutLine: {'line': b'-- Up-to-date: /home/dredre/DevStuff/scrollDiary/speechToText/ros2Workspace/install/speech_to_text_interfaces/lib/python3.12/site-packages/speech_to_text_interfaces/msg/__init__.py\n'}
[1.442190] (speech_to_text_interfaces) StdoutLine: {'line': b'-- Up-to-date: /home/dredre/DevStuff/scrollDiary/speechToText/ros2Workspace/install/speech_to_text_interfaces/lib/python3.12/site-packages/speech_to_text_interfaces/msg/_audio_stamped.py\n'}
[1.442404] (speech_to_text_interfaces) StdoutLine: {'line': b'-- Up-to-date: /home/dredre/DevStuff/scrollDiary/speechToText/ros2Workspace/install/speech_to_text_interfaces/lib/python3.12/site-packages/speech_to_text_interfaces/__init__.py\n'}
[1.442628] (speech_to_text_interfaces) StdoutLine: {'line': b'-- Up-to-date: /home/dredre/DevStuff/scrollDiary/speechToText/ros2Workspace/install/speech_to_text_interfaces/lib/python3.12/site-packages/speech_to_text_interfaces/speech_to_text_interfaces_s__rosidl_typesupport_introspection_c.so\n'}
[1.442861] (speech_to_text_interfaces) StdoutLine: {'line': b'-- Up-to-date: /home/dredre/DevStuff/scrollDiary/speechToText/ros2Workspace/install/speech_to_text_interfaces/lib/python3.12/site-packages/speech_to_text_interfaces/speech_to_text_interfaces_s__rosidl_typesupport_fastrtps_c.so\n'}
[1.443072] (speech_to_text_interfaces) StdoutLine: {'line': b'-- Up-to-date: /home/dredre/DevStuff/scrollDiary/speechToText/ros2Workspace/install/speech_to_text_interfaces/lib/python3.12/site-packages/speech_to_text_interfaces/_speech_to_text_interfaces_s.ep.rosidl_typesupport_c.c\n'}
[1.510181] (speech_to_text_interfaces) StdoutLine: {'line': b"Listing '/home/dredre/DevStuff/scrollDiary/speechToText/ros2Workspace/install/speech_to_text_interfaces/lib/python3.12/site-packages/speech_to_text_interfaces'...\n"}
[1.510520] (speech_to_text_interfaces) StdoutLine: {'line': b"Listing '/home/dredre/DevStuff/scrollDiary/speechToText/ros2Workspace/install/speech_to_text_interfaces/lib/python3.12/site-packages/speech_to_text_interfaces/msg'...\n"}
[1.513691] (-) TimerEvent: {}
[1.533848] (speech_to_text_interfaces) StdoutLine: {'line': b'-- Up-to-date: /home/dredre/DevStuff/scrollDiary/speechToText/ros2Workspace/install/speech_to_text_interfaces/lib/python3.12/site-packages/speech_to_text_interfaces/speech_to_text_interfaces_s__rosidl_typesupport_fastrtps_c.so\n'}
[1.534767] (speech_to_text_interfaces) StdoutLine: {'line': b'-- Up-to-date: /home/dredre/DevStuff/scrollDiary/speechToText/ros2Workspace/install/speech_to_text_interfaces/lib/python3.12/site-packages/speech_to_text_interfaces/speech_to_text_interfaces_s__rosidl_typesupport_introspection_c.so\n'}
[1.535166] (speech_to_text_interfaces) StdoutLine: {'line': b'-- Up-to-date: /home/dredre/DevStuff/scrollDiary/speechToText/ros2Workspace/install/speech_to_text_interfaces/lib/python3.12/site-packages/speech_to_text_interfaces/speech_to_text_interfaces_s__rosidl_typesupport_c.so\n'}
[1.538264] (speech_to_text_interfaces) StdoutLine: {'line': b'-- Up-to-date: /home/dredre/DevStuff/scrollDiary/speechToText/ros2Workspace/install/speech_to_text_interfaces/lib/libspeech_to_text_interfaces__rosidl_generator_py.so\n'}
[1.540854] (speech_to_text_interfaces) StdoutLine: {'line': b'-- Up-to-date: /home/dredre/DevStuff/scrollDiary/speechToText/ros2Workspace/install/speech_to_text_interfaces/share/speech_to_text_interfaces/msg/AudioStamped.idl\n'}
[1.541070] (speech_to_text_interfaces) StdoutLine: {'line': b'-- Up-to-date: /home/dredre/DevStuff/scrollDiary/speechToText/ros2Workspace/install/speech_to_text_interfaces/share/speech_to_text_interfaces/msg/AudioStamped.msg\n'}
[1.541184] (speech_to_text_interfaces) StdoutLine: {'line': b'-- Up-to-date: /home/dredre/DevStuff/scrollDiary/speechToText/ros2Workspace/install/speech_to_text_interfaces/share/ament_index/resource_index/package_run_dependencies/speech_to_text_interfaces\n'}
[1.541287] (speech_to_text_interfaces) StdoutLine: {'line': b'-- Up-to-date: /home/dredre/DevStuff/scrollDiary/speechToText/ros2Workspace/install/speech_to_text_interfaces/share/ament_index/resource_index/parent_prefix_path/speech_to_text_interfaces\n'}
[1.541392] (speech_to_text_interfaces) StdoutLine: {'line': b'-- Up-to-date: /home/dredre/DevStuff/scrollDiary/speechToText/ros2Workspace/install/speech_to_text_interfaces/share/speech_to_text_interfaces/environment/ament_prefix_path.sh\n'}
[1.541487] (speech_to_text_interfaces) StdoutLine: {'line': b'-- Up-to-date: /home/dredre/DevStuff/scrollDiary/speechToText/ros2Workspace/install/speech_to_text_interfaces/share/speech_to_text_interfaces/environment/ament_prefix_path.dsv\n'}
[1.541614] (speech_to_text_interfaces) StdoutLine: {'line': b'-- Up-to-date: /home/dredre/DevStuff/scrollDiary/speechToText/ros2Workspace/install/speech_to_text_interfaces/share/speech_to_text_interfaces/environment/path.sh\n'}
[1.541714] (speech_to_text_interfaces) StdoutLine: {'line': b'-- Up-to-date: /home/dredre/DevStuff/scrollDiary/speechToText/ros2Workspace/install/speech_to_text_interfaces/share/speech_to_text_interfaces/environment/path.dsv\n'}
[1.541809] (speech_to_text_interfaces) StdoutLine: {'line': b'-- Up-to-date: /home/dredre/DevStuff/scrollDiary/speechToText/ros2Workspace/install/speech_to_text_interfaces/share/speech_to_text_interfaces/local_setup.bash\n'}
[1.541908] (speech_to_text_interfaces) StdoutLine: {'line': b'-- Up-to-date: /home/dredre/DevStuff/scrollDiary/speechToText/ros2Workspace/install/speech_to_text_interfaces/share/speech_to_text_interfaces/local_setup.sh\n'}
[1.542022] (speech_to_text_interfaces) StdoutLine: {'line': b'-- Up-to-date: /home/dredre/DevStuff/scrollDiary/speechToText/ros2Workspace/install/speech_to_text_interfaces/share/speech_to_text_interfaces/local_setup.zsh\n'}
[1.542113] (speech_to_text_interfaces) StdoutLine: {'line': b'-- Up-to-date: /home/dredre/DevStuff/scrollDiary/speechToText/ros2Workspace/install/speech_to_text_interfaces/share/speech_to_text_interfaces/local_setup.dsv\n'}
[1.542201] (speech_to_text_interfaces) StdoutLine: {'line': b'-- Installing: /home/dredre/DevStuff/scrollDiary/speechToText/ros2Workspace/install/speech_to_text_interfaces/share/speech_to_text_interfaces/package.dsv\n'}
[1.542289] (speech_to_text_interfaces) StdoutLine: {'line': b'-- Up-to-date: /home/dredre/DevStuff/scrollDiary/speechToText/ros2Workspace/install/speech_to_text_interfaces/share/ament_index/resource_index/packages/speech_to_text_interfaces\n'}
[1.543002] (speech_to_text_interfaces) StdoutLine: {'line': b'-- Up-to-date: /home/dredre/DevStuff/scrollDiary/speechToText/ros2Workspace/install/speech_to_text_interfaces/share/speech_to_text_interfaces/cmake/export_speech_to_text_interfaces__rosidl_generator_cExport.cmake\n'}
[1.543167] (speech_to_text_interfaces) StdoutLine: {'line': b'-- Up-to-date: /home/dredre/DevStuff/scrollDiary/speechToText/ros2Workspace/install/speech_to_text_interfaces/share/speech_to_text_interfaces/cmake/export_speech_to_text_interfaces__rosidl_generator_cExport-noconfig.cmake\n'}
[1.545758] (speech_to_text_interfaces) StdoutLine: {'line': b'-- Up-to-date: /home/dredre/DevStuff/scrollDiary/speechToText/ros2Workspace/install/speech_to_text_interfaces/share/speech_to_text_interfaces/cmake/export_speech_to_text_interfaces__rosidl_typesupport_fastrtps_cExport.cmake\n'}
[1.546265] (speech_to_text_interfaces) StdoutLine: {'line': b'-- Up-to-date: /home/dredre/DevStuff/scrollDiary/speechToText/ros2Workspace/install/speech_to_text_interfaces/share/speech_to_text_interfaces/cmake/export_speech_to_text_interfaces__rosidl_typesupport_fastrtps_cExport-noconfig.cmake\n'}
[1.546427] (speech_to_text_interfaces) StdoutLine: {'line': b'-- Up-to-date: /home/dredre/DevStuff/scrollDiary/speechToText/ros2Workspace/install/speech_to_text_interfaces/share/speech_to_text_interfaces/cmake/speech_to_text_interfaces__rosidl_typesupport_introspection_cExport.cmake\n'}
[1.550839] (speech_to_text_interfaces) StdoutLine: {'line': b'-- Up-to-date: /home/dredre/DevStuff/scrollDiary/speechToText/ros2Workspace/install/speech_to_text_interfaces/share/speech_to_text_interfaces/cmake/speech_to_text_interfaces__rosidl_typesupport_introspection_cExport-noconfig.cmake\n'}
[1.551057] (speech_to_text_interfaces) StdoutLine: {'line': b'-- Up-to-date: /home/dredre/DevStuff/scrollDiary/speechToText/ros2Workspace/install/speech_to_text_interfaces/share/speech_to_text_interfaces/cmake/speech_to_text_interfaces__rosidl_typesupport_cExport.cmake\n'}
[1.551247] (speech_to_text_interfaces) StdoutLine: {'line': b'-- Up-to-date: /home/dredre/DevStuff/scrollDiary/speechToText/ros2Workspace/install/speech_to_text_interfaces/share/speech_to_text_interfaces/cmake/speech_to_text_interfaces__rosidl_typesupport_cExport-noconfig.cmake\n'}
[1.551380] (speech_to_text_interfaces) StdoutLine: {'line': b'-- Up-to-date: /home/dredre/DevStuff/scrollDiary/speechToText/ros2Workspace/install/speech_to_text_interfaces/share/speech_to_text_interfaces/cmake/export_speech_to_text_interfaces__rosidl_generator_cppExport.cmake\n'}
[1.551473] (speech_to_text_interfaces) StdoutLine: {'line': b'-- Up-to-date: /home/dredre/DevStuff/scrollDiary/speechToText/ros2Workspace/install/speech_to_text_interfaces/share/speech_to_text_interfaces/cmake/export_speech_to_text_interfaces__rosidl_typesupport_fastrtps_cppExport.cmake\n'}
[1.551587] (speech_to_text_interfaces) StdoutLine: {'line': b'-- Up-to-date: /home/dredre/DevStuff/scrollDiary/speechToText/ros2Workspace/install/speech_to_text_interfaces/share/speech_to_text_interfaces/cmake/export_speech_to_text_interfaces__rosidl_typesupport_fastrtps_cppExport-noconfig.cmake\n'}
[1.551720] (speech_to_text_interfaces) StdoutLine: {'line': b'-- Up-to-date: /home/dredre/DevStuff/scrollDiary/speechToText/ros2Workspace/install/speech_to_text_interfaces/share/speech_to_text_interfaces/cmake/speech_to_text_interfaces__rosidl_typesupport_introspection_cppExport.cmake\n'}
[1.551836] (speech_to_text_interfaces) StdoutLine: {'line': b'-- Up-to-date: /home/dredre/DevStuff/scrollDiary/speechToText/ros2Workspace/install/speech_to_text_interfaces/share/speech_to_text_interfaces/cmake/speech_to_text_interfaces__rosidl_typesupport_introspection_cppExport-noconfig.cmake\n'}
[1.551957] (speech_to_text_interfaces) StdoutLine: {'line': b'-- Up-to-date: /home/dredre/DevStuff/scrollDiary/speechToText/ros2Workspace/install/speech_to_text_interfaces/share/speech_to_text_interfaces/cmake/speech_to_text_interfaces__rosidl_typesupport_cppExport.cmake\n'}
[1.552062] (speech_to_text_interfaces) StdoutLine: {'line': b'-- Up-to-date: /home/dredre/DevStuff/scrollDiary/speechToText/ros2Workspace/install/speech_to_text_interfaces/share/speech_to_text_interfaces/cmake/speech_to_text_interfaces__rosidl_typesupport_cppExport-noconfig.cmake\n'}
[1.552188] (speech_to_text_interfaces) StdoutLine: {'line': b'-- Up-to-date: /home/dredre/DevStuff/scrollDiary/speechToText/ros2Workspace/install/speech_to_text_interfaces/share/speech_to_text_interfaces/cmake/export_speech_to_text_interfaces__rosidl_generator_pyExport.cmake\n'}
[1.552333] (speech_to_text_interfaces) StdoutLine: {'line': b'-- Up-to-date: /home/dredre/DevStuff/scrollDiary/speechToText/ros2Workspace/install/speech_to_text_interfaces/share/speech_to_text_interfaces/cmake/export_speech_to_text_interfaces__rosidl_generator_pyExport-noconfig.cmake\n'}
[1.552452] (speech_to_text_interfaces) StdoutLine: {'line': b'-- Up-to-date: /home/dredre/DevStuff/scrollDiary/speechToText/ros2Workspace/install/speech_to_text_interfaces/share/speech_to_text_interfaces/cmake/rosidl_cmake-extras.cmake\n'}
[1.555075] (speech_to_text_interfaces) StdoutLine: {'line': b'-- Up-to-date: /home/dredre/DevStuff/scrollDiary/speechToText/ros2Workspace/install/speech_to_text_interfaces/share/speech_to_text_interfaces/cmake/ament_cmake_export_include_directories-extras.cmake\n'}
[1.555277] (speech_to_text_interfaces) StdoutLine: {'line': b'-- Up-to-date: /home/dredre/DevStuff/scrollDiary/speechToText/ros2Workspace/install/speech_to_text_interfaces/share/speech_to_text_interfaces/cmake/ament_cmake_export_libraries-extras.cmake\n'}
[1.555421] (speech_to_text_interfaces) StdoutLine: {'line': b'-- Up-to-date: /home/dredre/DevStuff/scrollDiary/speechToText/ros2Workspace/install/speech_to_text_interfaces/share/speech_to_text_interfaces/cmake/ament_cmake_export_targets-extras.cmake\n'}
[1.555567] (speech_to_text_interfaces) StdoutLine: {'line': b'-- Up-to-date: /home/dredre/DevStuff/scrollDiary/speechToText/ros2Workspace/install/speech_to_text_interfaces/share/speech_to_text_interfaces/cmake/rosidl_cmake_export_typesupport_targets-extras.cmake\n'}
[1.555740] (speech_to_text_interfaces) StdoutLine: {'line': b'-- Up-to-date: /home/dredre/DevStuff/scrollDiary/speechToText/ros2Workspace/install/speech_to_text_interfaces/share/speech_to_text_interfaces/cmake/ament_cmake_export_dependencies-extras.cmake\n'}
[1.555860] (speech_to_text_interfaces) StdoutLine: {'line': b'-- Up-to-date: /home/dredre/DevStuff/scrollDiary/speechToText/ros2Workspace/install/speech_to_text_interfaces/share/speech_to_text_interfaces/cmake/rosidl_cmake_export_typesupport_libraries-extras.cmake\n'}
[1.555966] (speech_to_text_interfaces) StdoutLine: {'line': b'-- Up-to-date: /home/dredre/DevStuff/scrollDiary/speechToText/ros2Workspace/install/speech_to_text_interfaces/share/speech_to_text_interfaces/cmake/speech_to_text_interfacesConfig.cmake\n'}
[1.556063] (speech_to_text_interfaces) StdoutLine: {'line': b'-- Up-to-date: /home/dredre/DevStuff/scrollDiary/speechToText/ros2Workspace/install/speech_to_text_interfaces/share/speech_to_text_interfaces/cmake/speech_to_text_interfacesConfig-version.cmake\n'}
[1.556220] (speech_to_text_interfaces) StdoutLine: {'line': b'-- Up-to-date: /home/dredre/DevStuff/scrollDiary/speechToText/ros2Workspace/install/speech_to_text_interfaces/share/speech_to_text_interfaces/package.xml\n'}
[1.556326] (speech_to_text_interfaces) CommandEnded: {'returncode': 0}
[1.605869] (speech_to_text_interfaces) JobEnded: {'identifier': 'speech_to_text_interfaces', 'rc': 0}
[1.609473] (speech_to_text_pkg) JobStarted: {'identifier': 'speech_to_text_pkg'}
[1.614145] (-) TimerEvent: {}
[1.631819] (speech_to_text_pkg) JobProgress: {'identifier': 'speech_to_text_pkg', 'progress': 'cmake'}
[1.637725] (speech_to_text_pkg) JobProgress: {'identifier': 'speech_to_text_pkg', 'progress': 'build'}
[1.637866] (speech_to_text_pkg) Command: {'cmd': ['/usr/local/bin/cmake', '--build', '/home/dredre/DevStuff/scrollDiary/speechToText/ros2Workspace/build/speech_to_text_pkg', '--', '-j4', '-l4'], 'cwd': '/home/dredre/DevStuff/scrollDiary/speechToText/ros2Workspace/build/speech_to_text_pkg', 'env': OrderedDict({'LESSOPEN': '| /usr/bin/lesspipe %s', 'USER': 'dredre', 'GZ_CONFIG_PATH': '/opt/ros/jazzy/opt/sdformat_vendor/share/gz', 'XDG_SESSION_TYPE': 'wayland', 'CLUTTER_DISABLE_MIPMAPPED_TEXT': '1', 'SHLVL': '1', 'LD_LIBRARY_PATH': '/home/dredre/DevStuff/scrollDiary/speechToText/ros2Workspace/install/speech_to_text_interfaces/lib:/home/dredre/DevStuff/scrollDiary/speechToText/ros2Workspace/install/speech_to_text_pkg/lib:/opt/ros/jazzy/opt/sdformat_vendor/lib:/opt/ros/jazzy/opt/rviz_ogre_vendor/lib:/opt/ros/jazzy/lib/aarch64-linux-gnu:/opt/ros/jazzy/opt/gz_math_vendor/lib:/opt/ros/jazzy/opt/gz_utils_vendor/lib:/opt/ros/jazzy/opt/gz_tools_vendor/lib:/opt/ros/jazzy/opt/gz_cmake_vendor/lib:/opt/ros/jazzy/lib', 'HOME': '/home/dredre', 'OLDPWD': '/home/dredre/DevStuff/scrollDiary', 'DESKTOP_SESSION': 'ubuntu', 'ROS_PYTHON_VERSION': '3', 'GNOME_SHELL_SESSION_MODE': 'ubuntu', 'GTK_MODULES': 'gail:atk-bridge', 'SYSTEMD_EXEC_PID': '25429', 'GSM_SKIP_SSH_AGENT_WORKAROUND': 'true', 'DBUS_SESSION_BUS_ADDRESS': 'unix:path=/run/user/1000/bus', 'COLORTERM': 'truecolor', 'DEBUGINFOD_URLS': 'https://debuginfod.ubuntu.com', 'IM_CONFIG_PHASE': '1', 'WAYLAND_DISPLAY': 'wayland-0', 'COLCON_PREFIX_PATH': '/home/dredre/DevStuff/scrollDiary/speechToText/ros2Workspace/install', 'ROS_DISTRO': 'jazzy', 'LOGNAME': 'dredre', '_': '/usr/bin/colcon', 'ROS_VERSION': '2', 'MEMORY_PRESSURE_WATCH': '/sys/fs/cgroup/user.slice/user-1000.slice/user@1000.service/session.slice/org.gnome.Shell@wayland.service/memory.pressure', 'XDG_SESSION_CLASS': 'user', 'USERNAME': 'dredre', 'TERM': 'xterm-256color', 'GNOME_DESKTOP_SESSION_ID': 'this-is-deprecated', 'PATH': '/opt/ros/jazzy/opt/gz_tools_vendor/bin:/opt/ros/jazzy/bin:/home/dredre/.local/bin:/usr/local/sbin:/usr/local/bin:/usr/sbin:/usr/bin:/sbin:/bin:/usr/games:/usr/local/games:/snap/bin:/snap/bin:/home/dredre/.local/bin', 'SESSION_MANAGER': 'local/dredre-desktop:@/tmp/.ICE-unix/25400,unix/dredre-desktop:/tmp/.ICE-unix/25400', 'XDG_MENU_PREFIX': 'gnome-', 'GNOME_TERMINAL_SCREEN': '/org/gnome/Terminal/screen/706f0d83_a060_4c10_b414_5de519fb05e7', 'GNOME_SETUP_DISPLAY': ':1', 'XDG_RUNTIME_DIR': '/run/user/1000', 'DISPLAY': ':0', 'LANG': 'C.UTF-8', 'XDG_CURRENT_DESKTOP': 'ubuntu:GNOME', 'XMODIFIERS': '@im=ibus', 'XDG_SESSION_DESKTOP': 'ubuntu', 'XAUTHORITY': '/run/user/1000/.mutter-Xwaylandauth.5Z7NP3', 'LS_COLORS': 'rs=0:di=01;34:ln=01;36:mh=00:pi=40;33:so=01;35:do=01;35:bd=40;33;01:cd=40;33;01:or=40;31;01:mi=00:su=37;41:sg=30;43:ca=00:tw=30;42:ow=34;42:st=37;44:ex=01;32:*.tar=01;31:*.tgz=01;31:*.arc=01;31:*.arj=01;31:*.taz=01;31:*.lha=01;31:*.lz4=01;31:*.lzh=01;31:*.lzma=01;31:*.tlz=01;31:*.txz=01;31:*.tzo=01;31:*.t7z=01;31:*.zip=01;31:*.z=01;31:*.dz=01;31:*.gz=01;31:*.lrz=01;31:*.lz=01;31:*.lzo=01;31:*.xz=01;31:*.zst=01;31:*.tzst=01;31:*.bz2=01;31:*.bz=01;31:*.tbz=01;31:*.tbz2=01;31:*.tz=01;31:*.deb=01;31:*.rpm=01;31:*.jar=01;31:*.war=01;31:*.ear=01;31:*.sar=01;31:*.rar=01;31:*.alz=01;31:*.ace=01;31:*.zoo=01;31:*.cpio=01;31:*.7z=01;31:*.rz=01;31:*.cab=01;31:*.wim=01;31:*.swm=01;31:*.dwm=01;31:*.esd=01;31:*.avif=01;35:*.jpg=01;35:*.jpeg=01;35:*.mjpg=01;35:*.mjpeg=01;35:*.gif=01;35:*.bmp=01;35:*.pbm=01;35:*.pgm=01;35:*.ppm=01;35:*.tga=01;35:*.xbm=01;35:*.xpm=01;35:*.tif=01;35:*.tiff=01;35:*.png=01;35:*.svg=01;35:*.svgz=01;35:*.mng=01;35:*.pcx=01;35:*.mov=01;35:*.mpg=01;35:*.mpeg=01;35:*.m2v=01;35:*.mkv=01;35:*.webm=01;35:*.webp=01;35:*.ogm=01;35:*.mp4=01;35:*.m4v=01;35:*.mp4v=01;35:*.vob=01;35:*.qt=01;35:*.nuv=01;35:*.wmv=01;35:*.asf=01;35:*.rm=01;35:*.rmvb=01;35:*.flc=01;35:*.avi=01;35:*.fli=01;35:*.flv=01;35:*.gl=01;35:*.dl=01;35:*.xcf=01;35:*.xwd=01;35:*.yuv=01;35:*.cgm=01;35:*.emf=01;35:*.ogv=01;35:*.ogx=01;35:*.aac=00;36:*.au=00;36:*.flac=00;36:*.m4a=00;36:*.mid=00;36:*.midi=00;36:*.mka=00;36:*.mp3=00;36:*.mpc=00;36:*.ogg=00;36:*.ra=00;36:*.wav=00;36:*.oga=00;36:*.opus=00;36:*.spx=00;36:*.xspf=00;36:*~=00;90:*#=00;90:*.bak=00;90:*.crdownload=00;90:*.dpkg-dist=00;90:*.dpkg-new=00;90:*.dpkg-old=00;90:*.dpkg-tmp=00;90:*.old=00;90:*.orig=00;90:*.part=00;90:*.rej=00;90:*.rpmnew=00;90:*.rpmorig=00;90:*.rpmsave=00;90:*.swp=00;90:*.tmp=00;90:*.ucf-dist=00;90:*.ucf-new=00;90:*.ucf-old=00;90:', 'GNOME_TERMINAL_SERVICE': ':1.98', 'SSH_AUTH_SOCK': '/run/user/1000/keyring/ssh', 'ROS_DOMAIN_ID': '1', 'AMENT_PREFIX_PATH': '/home/dredre/DevStuff/scrollDiary/speechToText/ros2Workspace/install/printer_pkg:/home/dredre/DevStuff/scrollDiary/speechToText/ros2Workspace/install/speech_to_text_pkg:/home/dredre/DevStuff/scrollDiary/speechToText/ros2Workspace/install/speech_to_text_interfaces:/opt/ros/jazzy', 'SHELL': '/bin/bash', 'QT_ACCESSIBILITY': '1', 'GDMSESSION': 'ubuntu', 'LESSCLOSE': '/usr/bin/lesspipe %s %s', 'ROS_AUTOMATIC_DISCOVERY_RANGE': 'SUBNET', 'QT_IM_MODULE': 'ibus', 'PWD': '/home/dredre/DevStuff/scrollDiary/speechToText/ros2Workspace/build/speech_to_text_pkg', 'XDG_CONFIG_DIRS': '/etc/xdg/xdg-ubuntu:/etc/xdg', 'XDG_DATA_DIRS': '/usr/share/ubuntu:/usr/share/gnome:/usr/local/share/:/usr/share/:/var/lib/snapd/desktop', 'PYTHONPATH': '/home/dredre/DevStuff/scrollDiary/speechToText/ros2Workspace/install/speech_to_text_interfaces/lib/python3.12/site-packages:/opt/ros/jazzy/lib/python3.12/site-packages', 'COLCON': '1', 'MEMORY_PRESSURE_WRITE': 'c29tZSAyMDAwMDAgMjAwMDAwMAA=', 'VTE_VERSION': '7600', 'CMAKE_PREFIX_PATH': '/home/dredre/DevStuff/scrollDiary/speechToText/ros2Workspace/install/speech_to_text_interfaces:/home/dredre/DevStuff/scrollDiary/speechToText/ros2Workspace/install/printer_pkg:/home/dredre/DevStuff/scrollDiary/speechToText/ros2Workspace/install/speech_to_text_pkg:/opt/ros/jazzy/opt/sdformat_vendor:/opt/ros/jazzy/opt/gz_math_vendor:/opt/ros/jazzy/opt/gz_utils_vendor:/opt/ros/jazzy/opt/gz_tools_vendor:/opt/ros/jazzy/opt/gz_cmake_vendor:/opt/ros/jazzy'}), 'shell': False}
[1.716609] (-) TimerEvent: {}
[1.731764] (speech_to_text_pkg) StdoutLine: {'line': b'[ 25%] Built target ggml-base\n'}
[1.739772] (speech_to_text_pkg) StdoutLine: {'line': b'[ 34%] Built target audio_capture_node\n'}
[1.750761] (speech_to_text_pkg) StdoutLine: {'line': b'[ 37%] \x1b[32mBuilding CXX object CMakeFiles/transcription_pre_process_node.dir/src/whisperPreProcessNode.cpp.o\x1b[0m\n'}
[1.781711] (speech_to_text_pkg) StdoutLine: {'line': b'[ 80%] Built target ggml-cpu\n'}
[1.816734] (-) TimerEvent: {}
[1.828118] (speech_to_text_pkg) StdoutLine: {'line': b'[ 85%] Built target ggml\n'}
[1.909244] (speech_to_text_pkg) StdoutLine: {'line': b'[ 91%] Built target whisper\n'}
[1.921026] (-) TimerEvent: {}
[2.022681] (-) TimerEvent: {}
[2.026329] (speech_to_text_pkg) StdoutLine: {'line': b'[ 94%] \x1b[32mBuilding CXX object CMakeFiles/whisper_transcription_node.dir/src/whisperTranscriptionNode.cpp.o\x1b[0m\n'}
[2.122795] (-) TimerEvent: {}
[2.225903] (-) TimerEvent: {}
[2.326496] (-) TimerEvent: {}
[2.426994] (-) TimerEvent: {}
[2.527617] (-) TimerEvent: {}
[2.628925] (-) TimerEvent: {}
[2.731692] (-) TimerEvent: {}
[2.832696] (-) TimerEvent: {}
[2.936030] (-) TimerEvent: {}
[3.039904] (-) TimerEvent: {}
[3.140330] (-) TimerEvent: {}
[3.243524] (-) TimerEvent: {}
[3.346918] (-) TimerEvent: {}
[3.447632] (-) TimerEvent: {}
[3.548298] (-) TimerEvent: {}
[3.649397] (-) TimerEvent: {}
[3.750118] (-) TimerEvent: {}
[3.852042] (-) TimerEvent: {}
[3.953491] (-) TimerEvent: {}
[4.054185] (-) TimerEvent: {}
[4.154871] (-) TimerEvent: {}
[4.255505] (-) TimerEvent: {}
[4.356153] (-) TimerEvent: {}
[4.456587] (-) TimerEvent: {}
[4.559643] (-) TimerEvent: {}
[4.660117] (-) TimerEvent: {}
[4.760835] (-) TimerEvent: {}
[4.861312] (-) TimerEvent: {}
[4.964072] (-) TimerEvent: {}
[5.065217] (-) TimerEvent: {}
[5.165650] (-) TimerEvent: {}
[5.268869] (-) TimerEvent: {}
[5.369479] (-) TimerEvent: {}
[5.470012] (-) TimerEvent: {}
[5.572665] (-) TimerEvent: {}
[5.676053] (-) TimerEvent: {}
[5.776708] (-) TimerEvent: {}
[5.877440] (-) TimerEvent: {}
[5.983127] (-) TimerEvent: {}
[6.083887] (-) TimerEvent: {}
[6.187708] (-) TimerEvent: {}
[6.290723] (-) TimerEvent: {}
[6.396649] (-) TimerEvent: {}
[6.497130] (-) TimerEvent: {}
[6.601767] (-) TimerEvent: {}
[6.702494] (-) TimerEvent: {}
[6.806170] (-) TimerEvent: {}
[6.906631] (-) TimerEvent: {}
[7.007245] (-) TimerEvent: {}
[7.107861] (-) TimerEvent: {}
[7.208467] (-) TimerEvent: {}
[7.311646] (-) TimerEvent: {}
[7.412035] (-) TimerEvent: {}
[7.512688] (-) TimerEvent: {}
[7.613446] (-) TimerEvent: {}
[7.714493] (-) TimerEvent: {}
[7.815601] (-) TimerEvent: {}
[7.916582] (-) TimerEvent: {}
[8.017537] (-) TimerEvent: {}
[8.118920] (-) TimerEvent: {}
[8.219536] (-) TimerEvent: {}
[8.319945] (-) TimerEvent: {}
[8.373182] (speech_to_text_pkg) StderrLine: {'line': b'In file included from \x1b[01m\x1b[K/home/dredre/DevStuff/scrollDiary/speechToText/ros2Workspace/src/speech_to_text_pkg/include/speech_to_text_pkg/whisperPreProcess.hpp:9\x1b[m\x1b[K,\n'}
[8.373541] (speech_to_text_pkg) StderrLine: {'line': b'                 from \x1b[01m\x1b[K/home/dredre/DevStuff/scrollDiary/speechToText/ros2Workspace/src/speech_to_text_pkg/src/whisperPreProcessNode.cpp:1\x1b[m\x1b[K:\n'}
[8.373699] (speech_to_text_pkg) StderrLine: {'line': b'\x1b[01m\x1b[K/home/dredre/DevStuff/scrollDiary/speechToText/ros2Workspace/src/speech_to_text_pkg/src/vad.hpp:\x1b[m\x1b[K In constructor \xe2\x80\x98\x1b[01m\x1b[KLightweightVAD::\x1b[01;32m\x1b[KLightweightVAD\x1b[m\x1b[K(float, float, float, float, int)\x1b[m\x1b[K\xe2\x80\x99:\n'}
[8.373804] (speech_to_text_pkg) StderrLine: {'line': b'\x1b[01m\x1b[K/home/dredre/DevStuff/scrollDiary/speechToText/ros2Workspace/src/speech_to_text_pkg/src/vad.hpp:11:11:\x1b[m\x1b[K \x1b[01;35m\x1b[Kwarning: \x1b[m\x1b[K\xe2\x80\x98\x1b[01m\x1b[KLightweightVAD::noiseAdaptRate_\x1b[m\x1b[K\xe2\x80\x99 will be initialized after [\x1b[01;35m\x1b[K\x1b]8;;https://gcc.gnu.org/onlinedocs/gcc/Warning-Options.html#index-Wreorder\x07-Wreorder\x1b]8;;\x07\x1b[m\x1b[K]\n'}
[8.373909] (speech_to_text_pkg) StderrLine: {'line': b'   11 |     float \x1b[01;35m\x1b[KnoiseAdaptRate_\x1b[m\x1b[K;\n'}
[8.373996] (speech_to_text_pkg) StderrLine: {'line': b'      |           \x1b[01;35m\x1b[K^~~~~~~~~~~~~~~\x1b[m\x1b[K\n'}
[8.375616] (speech_to_text_pkg) StderrLine: {'line': b'\x1b[01m\x1b[K/home/dredre/DevStuff/scrollDiary/speechToText/ros2Workspace/src/speech_to_text_pkg/src/vad.hpp:10:11:\x1b[m\x1b[K \x1b[01;35m\x1b[Kwarning: \x1b[m\x1b[K  \xe2\x80\x98\x1b[01m\x1b[Kfloat LightweightVAD::speechMultiplier_\x1b[m\x1b[K\xe2\x80\x99 [\x1b[01;35m\x1b[K\x1b]8;;https://gcc.gnu.org/onlinedocs/gcc/Warning-Options.html#index-Wreorder\x07-Wreorder\x1b]8;;\x07\x1b[m\x1b[K]\n'}
[8.375858] (speech_to_text_pkg) StderrLine: {'line': b'   10 |     float \x1b[01;35m\x1b[KspeechMultiplier_\x1b[m\x1b[K;\n'}
[8.375959] (speech_to_text_pkg) StderrLine: {'line': b'      |           \x1b[01;35m\x1b[K^~~~~~~~~~~~~~~~~\x1b[m\x1b[K\n'}
[8.376048] (speech_to_text_pkg) StderrLine: {'line': b'\x1b[01m\x1b[K/home/dredre/DevStuff/scrollDiary/speechToText/ros2Workspace/src/speech_to_text_pkg/src/vad.hpp:18:5:\x1b[m\x1b[K \x1b[01;35m\x1b[Kwarning: \x1b[m\x1b[K  when initialized here [\x1b[01;35m\x1b[K\x1b]8;;https://gcc.gnu.org/onlinedocs/gcc/Warning-Options.html#index-Wreorder\x07-Wreorder\x1b]8;;\x07\x1b[m\x1b[K]\n'}
[8.376138] (speech_to_text_pkg) StderrLine: {'line': b'   18 |     \x1b[01;35m\x1b[KLightweightVAD\x1b[m\x1b[K(float noiseFloorIn = 0.01f, float noiseAdaptRateIn = 0.01f,\n'}
[8.376220] (speech_to_text_pkg) StderrLine: {'line': b'      |     \x1b[01;35m\x1b[K^~~~~~~~~~~~~~\x1b[m\x1b[K\n'}
[8.420058] (-) TimerEvent: {}
[8.520698] (-) TimerEvent: {}
[8.621090] (-) TimerEvent: {}
[8.721473] (-) TimerEvent: {}
[8.821886] (-) TimerEvent: {}
[8.922268] (-) TimerEvent: {}
[9.022643] (-) TimerEvent: {}
[9.123024] (-) TimerEvent: {}
[9.223411] (-) TimerEvent: {}
[9.323824] (-) TimerEvent: {}
[9.424217] (-) TimerEvent: {}
[9.524623] (-) TimerEvent: {}
[9.625004] (-) TimerEvent: {}
[9.725654] (-) TimerEvent: {}
[9.826257] (-) TimerEvent: {}
[9.926642] (-) TimerEvent: {}
[10.027024] (-) TimerEvent: {}
[10.127625] (-) TimerEvent: {}
[10.228274] (-) TimerEvent: {}
[10.328693] (-) TimerEvent: {}
[10.429361] (-) TimerEvent: {}
[10.529769] (-) TimerEvent: {}
[10.630173] (-) TimerEvent: {}
[10.730586] (-) TimerEvent: {}
[10.831520] (-) TimerEvent: {}
[10.932187] (-) TimerEvent: {}
[11.032814] (-) TimerEvent: {}
[11.133402] (-) TimerEvent: {}
[11.234070] (-) TimerEvent: {}
[11.335594] (-) TimerEvent: {}
[11.436132] (-) TimerEvent: {}
[11.536512] (-) TimerEvent: {}
[11.636916] (-) TimerEvent: {}
[11.737815] (-) TimerEvent: {}
[11.838445] (-) TimerEvent: {}
[11.938939] (-) TimerEvent: {}
[12.039857] (-) TimerEvent: {}
[12.140232] (-) TimerEvent: {}
[12.240622] (-) TimerEvent: {}
[12.340995] (-) TimerEvent: {}
[12.441381] (-) TimerEvent: {}
[12.541774] (-) TimerEvent: {}
[12.642464] (-) TimerEvent: {}
[12.743049] (-) TimerEvent: {}
[12.843419] (-) TimerEvent: {}
[12.943807] (-) TimerEvent: {}
[13.044426] (-) TimerEvent: {}
[13.144816] (-) TimerEvent: {}
[13.249950] (-) TimerEvent: {}
[13.350363] (-) TimerEvent: {}
[13.450765] (-) TimerEvent: {}
[13.551429] (-) TimerEvent: {}
[13.652137] (-) TimerEvent: {}
[13.752848] (-) TimerEvent: {}
[13.853283] (-) TimerEvent: {}
[13.953868] (-) TimerEvent: {}
[14.054277] (-) TimerEvent: {}
[14.154747] (-) TimerEvent: {}
[14.255133] (-) TimerEvent: {}
[14.355535] (-) TimerEvent: {}
[14.455949] (-) TimerEvent: {}
[14.556352] (-) TimerEvent: {}
[14.656768] (-) TimerEvent: {}
[14.757162] (-) TimerEvent: {}
[14.857612] (-) TimerEvent: {}
[14.958033] (-) TimerEvent: {}
[15.058427] (-) TimerEvent: {}
[15.158889] (-) TimerEvent: {}
[15.259374] (-) TimerEvent: {}
[15.359831] (-) TimerEvent: {}
[15.460312] (-) TimerEvent: {}
[15.560731] (-) TimerEvent: {}
[15.661123] (-) TimerEvent: {}
[15.761524] (-) TimerEvent: {}
[15.861938] (-) TimerEvent: {}
[15.962353] (-) TimerEvent: {}
[16.062786] (-) TimerEvent: {}
[16.163191] (-) TimerEvent: {}
[16.263600] (-) TimerEvent: {}
[16.364004] (-) TimerEvent: {}
[16.464412] (-) TimerEvent: {}
[16.564841] (-) TimerEvent: {}
[16.665261] (-) TimerEvent: {}
[16.765748] (-) TimerEvent: {}
[16.866149] (-) TimerEvent: {}
[16.966563] (-) TimerEvent: {}
[17.066956] (-) TimerEvent: {}
[17.167402] (-) TimerEvent: {}
[17.267872] (-) TimerEvent: {}
[17.368423] (-) TimerEvent: {}
[17.469225] (-) TimerEvent: {}
[17.570395] (-) TimerEvent: {}
[17.670835] (-) TimerEvent: {}
[17.771459] (-) TimerEvent: {}
[17.871891] (-) TimerEvent: {}
[17.972611] (-) TimerEvent: {}
[18.073044] (-) TimerEvent: {}
[18.176792] (-) TimerEvent: {}
[18.277192] (-) TimerEvent: {}
[18.377906] (-) TimerEvent: {}
[18.478279] (-) TimerEvent: {}
[18.578954] (-) TimerEvent: {}
[18.679333] (-) TimerEvent: {}
[18.780029] (-) TimerEvent: {}
[18.880423] (-) TimerEvent: {}
[18.980842] (-) TimerEvent: {}
[19.081245] (-) TimerEvent: {}
[19.181683] (-) TimerEvent: {}
[19.282083] (-) TimerEvent: {}
[19.382489] (-) TimerEvent: {}
[19.482907] (-) TimerEvent: {}
[19.583334] (-) TimerEvent: {}
[19.684266] (-) TimerEvent: {}
[19.785989] (-) TimerEvent: {}
[19.886369] (-) TimerEvent: {}
[19.986825] (-) TimerEvent: {}
[20.087204] (-) TimerEvent: {}
[20.187620] (-) TimerEvent: {}
[20.288023] (-) TimerEvent: {}
[20.388446] (-) TimerEvent: {}
[20.488874] (-) TimerEvent: {}
[20.589259] (-) TimerEvent: {}
[20.689663] (-) TimerEvent: {}
[20.790071] (-) TimerEvent: {}
[20.890832] (-) TimerEvent: {}
[20.991639] (-) TimerEvent: {}
[21.092026] (-) TimerEvent: {}
[21.194781] (-) TimerEvent: {}
[21.295167] (-) TimerEvent: {}
[21.395579] (-) TimerEvent: {}
[21.496045] (-) TimerEvent: {}
[21.596443] (-) TimerEvent: {}
[21.696837] (-) TimerEvent: {}
[21.797235] (-) TimerEvent: {}
[21.897700] (-) TimerEvent: {}
[21.998130] (-) TimerEvent: {}
[22.098608] (-) TimerEvent: {}
[22.199046] (-) TimerEvent: {}
[22.299438] (-) TimerEvent: {}
[22.399860] (-) TimerEvent: {}
[22.500254] (-) TimerEvent: {}
[22.603889] (-) TimerEvent: {}
[22.704280] (-) TimerEvent: {}
[22.804655] (-) TimerEvent: {}
[22.905075] (-) TimerEvent: {}
[23.005523] (-) TimerEvent: {}
[23.106024] (-) TimerEvent: {}
[23.206444] (-) TimerEvent: {}
[23.306920] (-) TimerEvent: {}
[23.407398] (-) TimerEvent: {}
[23.507839] (-) TimerEvent: {}
[23.608233] (-) TimerEvent: {}
[23.708625] (-) TimerEvent: {}
[23.809022] (-) TimerEvent: {}
[23.909411] (-) TimerEvent: {}
[24.009847] (-) TimerEvent: {}
[24.110259] (-) TimerEvent: {}
[24.210656] (-) TimerEvent: {}
[24.311037] (-) TimerEvent: {}
[24.411442] (-) TimerEvent: {}
[24.511846] (-) TimerEvent: {}
[24.612262] (-) TimerEvent: {}
[24.712652] (-) TimerEvent: {}
[24.813083] (-) TimerEvent: {}
[24.913596] (-) TimerEvent: {}
[25.014014] (-) TimerEvent: {}
[25.114417] (-) TimerEvent: {}
[25.214862] (-) TimerEvent: {}
[25.315260] (-) TimerEvent: {}
[25.415666] (-) TimerEvent: {}
[25.516069] (-) TimerEvent: {}
[25.616508] (-) TimerEvent: {}
[25.716983] (-) TimerEvent: {}
[25.818851] (-) TimerEvent: {}
[25.919230] (-) TimerEvent: {}
[26.019668] (-) TimerEvent: {}
[26.120084] (-) TimerEvent: {}
[26.220467] (-) TimerEvent: {}
[26.320910] (-) TimerEvent: {}
[26.421359] (-) TimerEvent: {}
[26.521861] (-) TimerEvent: {}
[26.622273] (-) TimerEvent: {}
[26.722772] (-) TimerEvent: {}
[26.823221] (-) TimerEvent: {}
[26.923664] (-) TimerEvent: {}
[27.024090] (-) TimerEvent: {}
[27.124542] (-) TimerEvent: {}
[27.224967] (-) TimerEvent: {}
[27.325371] (-) TimerEvent: {}
[27.430685] (-) TimerEvent: {}
[27.531167] (-) TimerEvent: {}
[27.634862] (-) TimerEvent: {}
[27.737848] (-) TimerEvent: {}
[27.838276] (-) TimerEvent: {}
[27.938672] (-) TimerEvent: {}
[28.039086] (-) TimerEvent: {}
[28.140664] (-) TimerEvent: {}
[28.247668] (-) TimerEvent: {}
[28.348156] (-) TimerEvent: {}
[28.448650] (-) TimerEvent: {}
[28.549089] (-) TimerEvent: {}
[28.649509] (-) TimerEvent: {}
[28.749975] (-) TimerEvent: {}
[28.850397] (-) TimerEvent: {}
[28.950884] (-) TimerEvent: {}
[29.054878] (-) TimerEvent: {}
[29.155641] (-) TimerEvent: {}
[29.256266] (-) TimerEvent: {}
[29.356716] (-) TimerEvent: {}
[29.457416] (-) TimerEvent: {}
[29.558191] (-) TimerEvent: {}
[29.658995] (-) TimerEvent: {}
[29.759442] (-) TimerEvent: {}
[29.859886] (-) TimerEvent: {}
[29.960343] (-) TimerEvent: {}
[30.060829] (-) TimerEvent: {}
[30.163855] (-) TimerEvent: {}
[30.266847] (-) TimerEvent: {}
[30.371847] (-) TimerEvent: {}
[30.412108] (speech_to_text_pkg) StdoutLine: {'line': b'[ 97%] \x1b[32m\x1b[1mLinking CXX executable transcription_pre_process_node\x1b[0m\n'}
[30.472120] (-) TimerEvent: {}
[30.572682] (-) TimerEvent: {}
[30.673290] (-) TimerEvent: {}
[30.775777] (-) TimerEvent: {}
[30.807752] (speech_to_text_pkg) StdoutLine: {'line': b'[ 97%] Built target transcription_pre_process_node\n'}
[30.876047] (-) TimerEvent: {}
[30.976536] (-) TimerEvent: {}
[31.077364] (-) TimerEvent: {}
[31.177813] (-) TimerEvent: {}
[31.278375] (-) TimerEvent: {}
[31.378990] (-) TimerEvent: {}
[31.479497] (-) TimerEvent: {}
[31.580148] (-) TimerEvent: {}
[31.680674] (-) TimerEvent: {}
[31.781207] (-) TimerEvent: {}
[31.881800] (-) TimerEvent: {}
[31.982192] (-) TimerEvent: {}
[32.082578] (-) TimerEvent: {}
[32.182944] (-) TimerEvent: {}
[32.283418] (-) TimerEvent: {}
[32.384118] (-) TimerEvent: {}
[32.484625] (-) TimerEvent: {}
[32.585099] (-) TimerEvent: {}
[32.685469] (-) TimerEvent: {}
[32.785855] (-) TimerEvent: {}
[32.886212] (-) TimerEvent: {}
[32.919878] (speech_to_text_pkg) StdoutLine: {'line': b'[100%] \x1b[32m\x1b[1mLinking CXX executable whisper_transcription_node\x1b[0m\n'}
[32.986398] (-) TimerEvent: {}
[33.088941] (-) TimerEvent: {}
[33.189344] (-) TimerEvent: {}
[33.277940] (speech_to_text_pkg) StdoutLine: {'line': b'[100%] Built target whisper_transcription_node\n'}
[33.290724] (-) TimerEvent: {}
[33.301113] (speech_to_text_pkg) CommandEnded: {'returncode': 0}
[33.305229] (speech_to_text_pkg) JobProgress: {'identifier': 'speech_to_text_pkg', 'progress': 'install'}
[33.306029] (speech_to_text_pkg) Command: {'cmd': ['/usr/local/bin/cmake', '--install', '/home/dredre/DevStuff/scrollDiary/speechToText/ros2Workspace/build/speech_to_text_pkg'], 'cwd': '/home/dredre/DevStuff/scrollDiary/speechToText/ros2Workspace/build/speech_to_text_pkg', 'env': OrderedDict({'LESSOPEN': '| /usr/bin/lesspipe %s', 'USER': 'dredre', 'GZ_CONFIG_PATH': '/opt/ros/jazzy/opt/sdformat_vendor/share/gz', 'XDG_SESSION_TYPE': 'wayland', 'CLUTTER_DISABLE_MIPMAPPED_TEXT': '1', 'SHLVL': '1', 'LD_LIBRARY_PATH': '/home/dredre/DevStuff/scrollDiary/speechToText/ros2Workspace/install/speech_to_text_interfaces/lib:/home/dredre/DevStuff/scrollDiary/speechToText/ros2Workspace/install/speech_to_text_pkg/lib:/opt/ros/jazzy/opt/sdformat_vendor/lib:/opt/ros/jazzy/opt/rviz_ogre_vendor/lib:/opt/ros/jazzy/lib/aarch64-linux-gnu:/opt/ros/jazzy/opt/gz_math_vendor/lib:/opt/ros/jazzy/opt/gz_utils_vendor/lib:/opt/ros/jazzy/opt/gz_tools_vendor/lib:/opt/ros/jazzy/opt/gz_cmake_vendor/lib:/opt/ros/jazzy/lib', 'HOME': '/home/dredre', 'OLDPWD': '/home/dredre/DevStuff/scrollDiary', 'DESKTOP_SESSION': 'ubuntu', 'ROS_PYTHON_VERSION': '3', 'GNOME_SHELL_SESSION_MODE': 'ubuntu', 'GTK_MODULES': 'gail:atk-bridge', 'SYSTEMD_EXEC_PID': '25429', 'GSM_SKIP_SSH_AGENT_WORKAROUND': 'true', 'DBUS_SESSION_BUS_ADDRESS': 'unix:path=/run/user/1000/bus', 'COLORTERM': 'truecolor', 'DEBUGINFOD_URLS': 'https://debuginfod.ubuntu.com', 'IM_CONFIG_PHASE': '1', 'WAYLAND_DISPLAY': 'wayland-0', 'COLCON_PREFIX_PATH': '/home/dredre/DevStuff/scrollDiary/speechToText/ros2Workspace/install', 'ROS_DISTRO': 'jazzy', 'LOGNAME': 'dredre', '_': '/usr/bin/colcon', 'ROS_VERSION': '2', 'MEMORY_PRESSURE_WATCH': '/sys/fs/cgroup/user.slice/user-1000.slice/user@1000.service/session.slice/org.gnome.Shell@wayland.service/memory.pressure', 'XDG_SESSION_CLASS': 'user', 'USERNAME': 'dredre', 'TERM': 'xterm-256color', 'GNOME_DESKTOP_SESSION_ID': 'this-is-deprecated', 'PATH': '/opt/ros/jazzy/opt/gz_tools_vendor/bin:/opt/ros/jazzy/bin:/home/dredre/.local/bin:/usr/local/sbin:/usr/local/bin:/usr/sbin:/usr/bin:/sbin:/bin:/usr/games:/usr/local/games:/snap/bin:/snap/bin:/home/dredre/.local/bin', 'SESSION_MANAGER': 'local/dredre-desktop:@/tmp/.ICE-unix/25400,unix/dredre-desktop:/tmp/.ICE-unix/25400', 'XDG_MENU_PREFIX': 'gnome-', 'GNOME_TERMINAL_SCREEN': '/org/gnome/Terminal/screen/706f0d83_a060_4c10_b414_5de519fb05e7', 'GNOME_SETUP_DISPLAY': ':1', 'XDG_RUNTIME_DIR': '/run/user/1000', 'DISPLAY': ':0', 'LANG': 'C.UTF-8', 'XDG_CURRENT_DESKTOP': 'ubuntu:GNOME', 'XMODIFIERS': '@im=ibus', 'XDG_SESSION_DESKTOP': 'ubuntu', 'XAUTHORITY': '/run/user/1000/.mutter-Xwaylandauth.5Z7NP3', 'LS_COLORS': 'rs=0:di=01;34:ln=01;36:mh=00:pi=40;33:so=01;35:do=01;35:bd=40;33;01:cd=40;33;01:or=40;31;01:mi=00:su=37;41:sg=30;43:ca=00:tw=30;42:ow=34;42:st=37;44:ex=01;32:*.tar=01;31:*.tgz=01;31:*.arc=01;31:*.arj=01;31:*.taz=01;31:*.lha=01;31:*.lz4=01;31:*.lzh=01;31:*.lzma=01;31:*.tlz=01;31:*.txz=01;31:*.tzo=01;31:*.t7z=01;31:*.zip=01;31:*.z=01;31:*.dz=01;31:*.gz=01;31:*.lrz=01;31:*.lz=01;31:*.lzo=01;31:*.xz=01;31:*.zst=01;31:*.tzst=01;31:*.bz2=01;31:*.bz=01;31:*.tbz=01;31:*.tbz2=01;31:*.tz=01;31:*.deb=01;31:*.rpm=01;31:*.jar=01;31:*.war=01;31:*.ear=01;31:*.sar=01;31:*.rar=01;31:*.alz=01;31:*.ace=01;31:*.zoo=01;31:*.cpio=01;31:*.7z=01;31:*.rz=01;31:*.cab=01;31:*.wim=01;31:*.swm=01;31:*.dwm=01;31:*.esd=01;31:*.avif=01;35:*.jpg=01;35:*.jpeg=01;35:*.mjpg=01;35:*.mjpeg=01;35:*.gif=01;35:*.bmp=01;35:*.pbm=01;35:*.pgm=01;35:*.ppm=01;35:*.tga=01;35:*.xbm=01;35:*.xpm=01;35:*.tif=01;35:*.tiff=01;35:*.png=01;35:*.svg=01;35:*.svgz=01;35:*.mng=01;35:*.pcx=01;35:*.mov=01;35:*.mpg=01;35:*.mpeg=01;35:*.m2v=01;35:*.mkv=01;35:*.webm=01;35:*.webp=01;35:*.ogm=01;35:*.mp4=01;35:*.m4v=01;35:*.mp4v=01;35:*.vob=01;35:*.qt=01;35:*.nuv=01;35:*.wmv=01;35:*.asf=01;35:*.rm=01;35:*.rmvb=01;35:*.flc=01;35:*.avi=01;35:*.fli=01;35:*.flv=01;35:*.gl=01;35:*.dl=01;35:*.xcf=01;35:*.xwd=01;35:*.yuv=01;35:*.cgm=01;35:*.emf=01;35:*.ogv=01;35:*.ogx=01;35:*.aac=00;36:*.au=00;36:*.flac=00;36:*.m4a=00;36:*.mid=00;36:*.midi=00;36:*.mka=00;36:*.mp3=00;36:*.mpc=00;36:*.ogg=00;36:*.ra=00;36:*.wav=00;36:*.oga=00;36:*.opus=00;36:*.spx=00;36:*.xspf=00;36:*~=00;90:*#=00;90:*.bak=00;90:*.crdownload=00;90:*.dpkg-dist=00;90:*.dpkg-new=00;90:*.dpkg-old=00;90:*.dpkg-tmp=00;90:*.old=00;90:*.orig=00;90:*.part=00;90:*.rej=00;90:*.rpmnew=00;90:*.rpmorig=00;90:*.rpmsave=00;90:*.swp=00;90:*.tmp=00;90:*.ucf-dist=00;90:*.ucf-new=00;90:*.ucf-old=00;90:', 'GNOME_TERMINAL_SERVICE': ':1.98', 'SSH_AUTH_SOCK': '/run/user/1000/keyring/ssh', 'ROS_DOMAIN_ID': '1', 'AMENT_PREFIX_PATH': '/home/dredre/DevStuff/scrollDiary/speechToText/ros2Workspace/install/printer_pkg:/home/dredre/DevStuff/scrollDiary/speechToText/ros2Workspace/install/speech_to_text_pkg:/home/dredre/DevStuff/scrollDiary/speechToText/ros2Workspace/install/speech_to_text_interfaces:/opt/ros/jazzy', 'SHELL': '/bin/bash', 'QT_ACCESSIBILITY': '1', 'GDMSESSION': 'ubuntu', 'LESSCLOSE': '/usr/bin/lesspipe %s %s', 'ROS_AUTOMATIC_DISCOVERY_RANGE': 'SUBNET', 'QT_IM_MODULE': 'ibus', 'PWD': '/home/dredre/DevStuff/scrollDiary/speechToText/ros2Workspace/build/speech_to_text_pkg', 'XDG_CONFIG_DIRS': '/etc/xdg/xdg-ubuntu:/etc/xdg', 'XDG_DATA_DIRS': '/usr/share/ubuntu:/usr/share/gnome:/usr/local/share/:/usr/share/:/var/lib/snapd/desktop', 'PYTHONPATH': '/home/dredre/DevStuff/scrollDiary/speechToText/ros2Workspace/install/speech_to_text_interfaces/lib/python3.12/site-packages:/opt/ros/jazzy/lib/python3.12/site-packages', 'COLCON': '1', 'MEMORY_PRESSURE_WRITE': 'c29tZSAyMDAwMDAgMjAwMDAwMAA=', 'VTE_VERSION': '7600', 'CMAKE_PREFIX_PATH': '/home/dredre/DevStuff/scrollDiary/speechToText/ros2Workspace/install/speech_to_text_interfaces:/home/dredre/DevStuff/scrollDiary/speechToText/ros2Workspace/install/printer_pkg:/home/dredre/DevStuff/scrollDiary/speechToText/ros2Workspace/install/speech_to_text_pkg:/opt/ros/jazzy/opt/sdformat_vendor:/opt/ros/jazzy/opt/gz_math_vendor:/opt/ros/jazzy/opt/gz_utils_vendor:/opt/ros/jazzy/opt/gz_tools_vendor:/opt/ros/jazzy/opt/gz_cmake_vendor:/opt/ros/jazzy'}), 'shell': False}
[33.318533] (speech_to_text_pkg) StdoutLine: {'line': b'-- Install configuration: "Release"\n'}
[33.319875] (speech_to_text_pkg) StdoutLine: {'line': b'-- Installing: /home/dredre/DevStuff/scrollDiary/speechToText/ros2Workspace/install/speech_to_text_pkg/lib/speech_to_text_pkg/transcription_pre_process_node\n'}
[33.323880] (speech_to_text_pkg) StdoutLine: {'line': b'-- Set non-toolchain portion of runtime path of "/home/dredre/DevStuff/scrollDiary/speechToText/ros2Workspace/install/speech_to_text_pkg/lib/speech_to_text_pkg/transcription_pre_process_node" to ""\n'}
[33.324294] (speech_to_text_pkg) StdoutLine: {'line': b'-- Installing: /home/dredre/DevStuff/scrollDiary/speechToText/ros2Workspace/install/speech_to_text_pkg/lib/speech_to_text_pkg/audio_capture_node\n'}
[33.329049] (speech_to_text_pkg) StdoutLine: {'line': b'-- Set non-toolchain portion of runtime path of "/home/dredre/DevStuff/scrollDiary/speechToText/ros2Workspace/install/speech_to_text_pkg/lib/speech_to_text_pkg/audio_capture_node" to ""\n'}
[33.330223] (speech_to_text_pkg) StdoutLine: {'line': b'-- Installing: /home/dredre/DevStuff/scrollDiary/speechToText/ros2Workspace/install/speech_to_text_pkg/lib/speech_to_text_pkg/whisper_transcription_node\n'}
[33.335824] (speech_to_text_pkg) StdoutLine: {'line': b'-- Set non-toolchain portion of runtime path of "/home/dredre/DevStuff/scrollDiary/speechToText/ros2Workspace/install/speech_to_text_pkg/lib/speech_to_text_pkg/whisper_transcription_node" to ""\n'}
[33.337948] (speech_to_text_pkg) StdoutLine: {'line': b'-- Up-to-date: /home/dredre/DevStuff/scrollDiary/speechToText/ros2Workspace/install/speech_to_text_pkg/lib/speech_to_text_pkg/wakeWordNode.py\n'}
[33.338137] (speech_to_text_pkg) StdoutLine: {'line': b'-- Up-to-date: /home/dredre/DevStuff/scrollDiary/speechToText/ros2Workspace/install/speech_to_text_pkg/share/ament_index/resource_index/package_run_dependencies/speech_to_text_pkg\n'}
[33.338276] (speech_to_text_pkg) StdoutLine: {'line': b'-- Up-to-date: /home/dredre/DevStuff/scrollDiary/speechToText/ros2Workspace/install/speech_to_text_pkg/share/ament_index/resource_index/parent_prefix_path/speech_to_text_pkg\n'}
[33.338388] (speech_to_text_pkg) StdoutLine: {'line': b'-- Up-to-date: /home/dredre/DevStuff/scrollDiary/speechToText/ros2Workspace/install/speech_to_text_pkg/share/speech_to_text_pkg/environment/ament_prefix_path.sh\n'}
[33.338570] (speech_to_text_pkg) StdoutLine: {'line': b'-- Up-to-date: /home/dredre/DevStuff/scrollDiary/speechToText/ros2Workspace/install/speech_to_text_pkg/share/speech_to_text_pkg/environment/ament_prefix_path.dsv\n'}
[33.338696] (speech_to_text_pkg) StdoutLine: {'line': b'-- Up-to-date: /home/dredre/DevStuff/scrollDiary/speechToText/ros2Workspace/install/speech_to_text_pkg/share/speech_to_text_pkg/environment/path.sh\n'}
[33.341517] (speech_to_text_pkg) StdoutLine: {'line': b'-- Up-to-date: /home/dredre/DevStuff/scrollDiary/speechToText/ros2Workspace/install/speech_to_text_pkg/share/speech_to_text_pkg/environment/path.dsv\n'}
[33.342095] (speech_to_text_pkg) StdoutLine: {'line': b'-- Up-to-date: /home/dredre/DevStuff/scrollDiary/speechToText/ros2Workspace/install/speech_to_text_pkg/share/speech_to_text_pkg/local_setup.bash\n'}
[33.342629] (speech_to_text_pkg) StdoutLine: {'line': b'-- Up-to-date: /home/dredre/DevStuff/scrollDiary/speechToText/ros2Workspace/install/speech_to_text_pkg/share/speech_to_text_pkg/local_setup.sh\n'}
[33.342779] (speech_to_text_pkg) StdoutLine: {'line': b'-- Up-to-date: /home/dredre/DevStuff/scrollDiary/speechToText/ros2Workspace/install/speech_to_text_pkg/share/speech_to_text_pkg/local_setup.zsh\n'}
[33.342881] (speech_to_text_pkg) StdoutLine: {'line': b'-- Up-to-date: /home/dredre/DevStuff/scrollDiary/speechToText/ros2Workspace/install/speech_to_text_pkg/share/speech_to_text_pkg/local_setup.dsv\n'}
[33.342974] (speech_to_text_pkg) StdoutLine: {'line': b'-- Installing: /home/dredre/DevStuff/scrollDiary/speechToText/ros2Workspace/install/speech_to_text_pkg/share/speech_to_text_pkg/package.dsv\n'}
[33.343064] (speech_to_text_pkg) StdoutLine: {'line': b'-- Up-to-date: /home/dredre/DevStuff/scrollDiary/speechToText/ros2Workspace/install/speech_to_text_pkg/share/ament_index/resource_index/packages/speech_to_text_pkg\n'}
[33.343260] (speech_to_text_pkg) StdoutLine: {'line': b'-- Up-to-date: /home/dredre/DevStuff/scrollDiary/speechToText/ros2Workspace/install/speech_to_text_pkg/share/speech_to_text_pkg/cmake/speech_to_text_pkgConfig.cmake\n'}
[33.343459] (speech_to_text_pkg) StdoutLine: {'line': b'-- Up-to-date: /home/dredre/DevStuff/scrollDiary/speechToText/ros2Workspace/install/speech_to_text_pkg/share/speech_to_text_pkg/cmake/speech_to_text_pkgConfig-version.cmake\n'}
[33.343613] (speech_to_text_pkg) StdoutLine: {'line': b'-- Up-to-date: /home/dredre/DevStuff/scrollDiary/speechToText/ros2Workspace/install/speech_to_text_pkg/share/speech_to_text_pkg/package.xml\n'}
[33.343832] (speech_to_text_pkg) StdoutLine: {'line': b'-- Installing: /home/dredre/DevStuff/scrollDiary/speechToText/ros2Workspace/install/speech_to_text_pkg/lib/libwhisper.so.1.8.3\n'}
[33.348708] (speech_to_text_pkg) StdoutLine: {'line': b'-- Up-to-date: /home/dredre/DevStuff/scrollDiary/speechToText/ros2Workspace/install/speech_to_text_pkg/lib/libwhisper.so.1\n'}
[33.348853] (speech_to_text_pkg) StdoutLine: {'line': b'-- Set non-toolchain portion of runtime path of "/home/dredre/DevStuff/scrollDiary/speechToText/ros2Workspace/install/speech_to_text_pkg/lib/libwhisper.so.1.8.3" to ""\n'}
[33.348955] (speech_to_text_pkg) StdoutLine: {'line': b'-- Up-to-date: /home/dredre/DevStuff/scrollDiary/speechToText/ros2Workspace/install/speech_to_text_pkg/lib/libwhisper.so\n'}
[33.349089] (speech_to_text_pkg) StdoutLine: {'line': b'-- Up-to-date: /home/dredre/DevStuff/scrollDiary/speechToText/ros2Workspace/install/speech_to_text_pkg/include/whisper.h\n'}
[33.349213] (speech_to_text_pkg) StdoutLine: {'line': b'-- Up-to-date: /home/dredre/DevStuff/scrollDiary/speechToText/ros2Workspace/install/speech_to_text_pkg/lib/cmake/whisper/whisper-config.cmake\n'}
[33.349315] (speech_to_text_pkg) StdoutLine: {'line': b'-- Up-to-date: /home/dredre/DevStuff/scrollDiary/speechToText/ros2Workspace/install/speech_to_text_pkg/lib/cmake/whisper/whisper-version.cmake\n'}
[33.349406] (speech_to_text_pkg) StdoutLine: {'line': b'-- Up-to-date: /home/dredre/DevStuff/scrollDiary/speechToText/ros2Workspace/install/speech_to_text_pkg/lib/pkgconfig/whisper.pc\n'}
[33.349497] (speech_to_text_pkg) StdoutLine: {'line': b'-- Installing: /home/dredre/DevStuff/scrollDiary/speechToText/ros2Workspace/install/speech_to_text_pkg/lib/libggml-cpu.so.0.9.5\n'}
[33.351057] (speech_to_text_pkg) StdoutLine: {'line': b'-- Up-to-date: /home/dredre/DevStuff/scrollDiary/speechToText/ros2Workspace/install/speech_to_text_pkg/lib/libggml-cpu.so.0\n'}
[33.351258] (speech_to_text_pkg) StdoutLine: {'line': b'-- Set non-toolchain portion of runtime path of "/home/dredre/DevStuff/scrollDiary/speechToText/ros2Workspace/install/speech_to_text_pkg/lib/libggml-cpu.so.0.9.5" to ""\n'}
[33.351388] (speech_to_text_pkg) StdoutLine: {'line': b'-- Up-to-date: /home/dredre/DevStuff/scrollDiary/speechToText/ros2Workspace/install/speech_to_text_pkg/lib/libggml-cpu.so\n'}
[33.351711] (speech_to_text_pkg) StdoutLine: {'line': b'-- Installing: /home/dredre/DevStuff/scrollDiary/speechToText/ros2Workspace/install/speech_to_text_pkg/lib/libggml.so.0.9.5\n'}
[33.351927] (speech_to_text_pkg) StdoutLine: {'line': b'-- Up-to-date: /home/dredre/DevStuff/scrollDiary/speechToText/ros2Workspace/install/speech_to_text_pkg/lib/libggml.so.0\n'}
[33.352139] (speech_to_text_pkg) StdoutLine: {'line': b'-- Set non-toolchain portion of runtime path of "/home/dredre/DevStuff/scrollDiary/speechToText/ros2Workspace/install/speech_to_text_pkg/lib/libggml.so.0.9.5" to ""\n'}
[33.352406] (speech_to_text_pkg) StdoutLine: {'line': b'-- Up-to-date: /home/dredre/DevStuff/scrollDiary/speechToText/ros2Workspace/install/speech_to_text_pkg/lib/libggml.so\n'}
[33.352661] (speech_to_text_pkg) StdoutLine: {'line': b'-- Up-to-date: /home/dredre/DevStuff/scrollDiary/speechToText/ros2Workspace/install/speech_to_text_pkg/include/ggml.h\n'}
[33.352957] (speech_to_text_pkg) StdoutLine: {'line': b'-- Up-to-date: /home/dredre/DevStuff/scrollDiary/speechToText/ros2Workspace/install/speech_to_text_pkg/include/ggml-cpu.h\n'}
[33.353133] (speech_to_text_pkg) StdoutLine: {'line': b'-- Up-to-date: /home/dredre/DevStuff/scrollDiary/speechToText/ros2Workspace/install/speech_to_text_pkg/include/ggml-alloc.h\n'}
[33.353306] (speech_to_text_pkg) StdoutLine: {'line': b'-- Up-to-date: /home/dredre/DevStuff/scrollDiary/speechToText/ros2Workspace/install/speech_to_text_pkg/include/ggml-backend.h\n'}
[33.353449] (speech_to_text_pkg) StdoutLine: {'line': b'-- Up-to-date: /home/dredre/DevStuff/scrollDiary/speechToText/ros2Workspace/install/speech_to_text_pkg/include/ggml-blas.h\n'}
[33.358047] (speech_to_text_pkg) StdoutLine: {'line': b'-- Up-to-date: /home/dredre/DevStuff/scrollDiary/speechToText/ros2Workspace/install/speech_to_text_pkg/include/ggml-cann.h\n'}
[33.358659] (speech_to_text_pkg) StdoutLine: {'line': b'-- Up-to-date: /home/dredre/DevStuff/scrollDiary/speechToText/ros2Workspace/install/speech_to_text_pkg/include/ggml-cpp.h\n'}
[33.358948] (speech_to_text_pkg) StdoutLine: {'line': b'-- Up-to-date: /home/dredre/DevStuff/scrollDiary/speechToText/ros2Workspace/install/speech_to_text_pkg/include/ggml-cuda.h\n'}
[33.359107] (speech_to_text_pkg) StdoutLine: {'line': b'-- Up-to-date: /home/dredre/DevStuff/scrollDiary/speechToText/ros2Workspace/install/speech_to_text_pkg/include/ggml-opt.h\n'}
[33.359289] (speech_to_text_pkg) StdoutLine: {'line': b'-- Up-to-date: /home/dredre/DevStuff/scrollDiary/speechToText/ros2Workspace/install/speech_to_text_pkg/include/ggml-metal.h\n'}
[33.359404] (speech_to_text_pkg) StdoutLine: {'line': b'-- Up-to-date: /home/dredre/DevStuff/scrollDiary/speechToText/ros2Workspace/install/speech_to_text_pkg/include/ggml-rpc.h\n'}
[33.359508] (speech_to_text_pkg) StdoutLine: {'line': b'-- Up-to-date: /home/dredre/DevStuff/scrollDiary/speechToText/ros2Workspace/install/speech_to_text_pkg/include/ggml-sycl.h\n'}
[33.359713] (speech_to_text_pkg) StdoutLine: {'line': b'-- Up-to-date: /home/dredre/DevStuff/scrollDiary/speechToText/ros2Workspace/install/speech_to_text_pkg/include/ggml-vulkan.h\n'}
[33.359897] (speech_to_text_pkg) StdoutLine: {'line': b'-- Up-to-date: /home/dredre/DevStuff/scrollDiary/speechToText/ros2Workspace/install/speech_to_text_pkg/include/ggml-webgpu.h\n'}
[33.360057] (speech_to_text_pkg) StdoutLine: {'line': b'-- Up-to-date: /home/dredre/DevStuff/scrollDiary/speechToText/ros2Workspace/install/speech_to_text_pkg/include/ggml-zendnn.h\n'}
[33.360197] (speech_to_text_pkg) StdoutLine: {'line': b'-- Up-to-date: /home/dredre/DevStuff/scrollDiary/speechToText/ros2Workspace/install/speech_to_text_pkg/include/gguf.h\n'}
[33.363889] (speech_to_text_pkg) StdoutLine: {'line': b'-- Installing: /home/dredre/DevStuff/scrollDiary/speechToText/ros2Workspace/install/speech_to_text_pkg/lib/libggml-base.so.0.9.5\n'}
[33.364103] (speech_to_text_pkg) StdoutLine: {'line': b'-- Up-to-date: /home/dredre/DevStuff/scrollDiary/speechToText/ros2Workspace/install/speech_to_text_pkg/lib/libggml-base.so.0\n'}
[33.364287] (speech_to_text_pkg) StdoutLine: {'line': b'-- Up-to-date: /home/dredre/DevStuff/scrollDiary/speechToText/ros2Workspace/install/speech_to_text_pkg/lib/libggml-base.so\n'}
[33.364445] (speech_to_text_pkg) StdoutLine: {'line': b'-- Up-to-date: /home/dredre/DevStuff/scrollDiary/speechToText/ros2Workspace/install/speech_to_text_pkg/lib/cmake/ggml/ggml-config.cmake\n'}
[33.364610] (speech_to_text_pkg) StdoutLine: {'line': b'-- Up-to-date: /home/dredre/DevStuff/scrollDiary/speechToText/ros2Workspace/install/speech_to_text_pkg/lib/cmake/ggml/ggml-version.cmake\n'}
[33.364778] (speech_to_text_pkg) CommandEnded: {'returncode': 0}
[33.392927] (-) TimerEvent: {}
[33.427441] (speech_to_text_pkg) JobEnded: {'identifier': 'speech_to_text_pkg', 'rc': 0}
[33.430874] (printer_pkg) JobStarted: {'identifier': 'printer_pkg'}
[33.484657] (printer_pkg) JobProgress: {'identifier': 'printer_pkg', 'progress': 'cmake'}
[33.489989] (printer_pkg) JobProgress: {'identifier': 'printer_pkg', 'progress': 'build'}
[33.492285] (printer_pkg) Command: {'cmd': ['/usr/local/bin/cmake', '--build', '/home/dredre/DevStuff/scrollDiary/speechToText/ros2Workspace/build/printer_pkg', '--', '-j4', '-l4'], 'cwd': '/home/dredre/DevStuff/scrollDiary/speechToText/ros2Workspace/build/printer_pkg', 'env': OrderedDict({'LESSOPEN': '| /usr/bin/lesspipe %s', 'USER': 'dredre', 'GZ_CONFIG_PATH': '/opt/ros/jazzy/opt/sdformat_vendor/share/gz', 'XDG_SESSION_TYPE': 'wayland', 'CLUTTER_DISABLE_MIPMAPPED_TEXT': '1', 'SHLVL': '1', 'LD_LIBRARY_PATH': '/home/dredre/DevStuff/scrollDiary/speechToText/ros2Workspace/install/speech_to_text_pkg/lib:/home/dredre/DevStuff/scrollDiary/speechToText/ros2Workspace/install/speech_to_text_interfaces/lib:/opt/ros/jazzy/opt/sdformat_vendor/lib:/opt/ros/jazzy/opt/rviz_ogre_vendor/lib:/opt/ros/jazzy/lib/aarch64-linux-gnu:/opt/ros/jazzy/opt/gz_math_vendor/lib:/opt/ros/jazzy/opt/gz_utils_vendor/lib:/opt/ros/jazzy/opt/gz_tools_vendor/lib:/opt/ros/jazzy/opt/gz_cmake_vendor/lib:/opt/ros/jazzy/lib', 'HOME': '/home/dredre', 'OLDPWD': '/home/dredre/DevStuff/scrollDiary', 'DESKTOP_SESSION': 'ubuntu', 'ROS_PYTHON_VERSION': '3', 'GNOME_SHELL_SESSION_MODE': 'ubuntu', 'GTK_MODULES': 'gail:atk-bridge', 'SYSTEMD_EXEC_PID': '25429', 'GSM_SKIP_SSH_AGENT_WORKAROUND': 'true', 'DBUS_SESSION_BUS_ADDRESS': 'unix:path=/run/user/1000/bus', 'COLORTERM': 'truecolor', 'DEBUGINFOD_URLS': 'https://debuginfod.ubuntu.com', 'IM_CONFIG_PHASE': '1', 'WAYLAND_DISPLAY': 'wayland-0', 'COLCON_PREFIX_PATH': '/home/dredre/DevStuff/scrollDiary/speechToText/ros2Workspace/install', 'ROS_DISTRO': 'jazzy', 'LOGNAME': 'dredre', '_': '/usr/bin/colcon', 'ROS_VERSION': '2', 'MEMORY_PRESSURE_WATCH': '/sys/fs/cgroup/user.slice/user-1000.slice/user@1000.service/session.slice/org.gnome.Shell@wayland.service/memory.pressure', 'XDG_SESSION_CLASS': 'user', 'USERNAME': 'dredre', 'TERM': 'xterm-256color', 'GNOME_DESKTOP_SESSION_ID': 'this-is-deprecated', 'PATH': '/opt/ros/jazzy/opt/gz_tools_vendor/bin:/opt/ros/jazzy/bin:/home/dredre/.local/bin:/usr/local/sbin:/usr/local/bin:/usr/sbin:/usr/bin:/sbin:/bin:/usr/games:/usr/local/games:/snap/bin:/snap/bin:/home/dredre/.local/bin', 'SESSION_MANAGER': 'local/dredre-desktop:@/tmp/.ICE-unix/25400,unix/dredre-desktop:/tmp/.ICE-unix/25400', 'XDG_MENU_PREFIX': 'gnome-', 'GNOME_TERMINAL_SCREEN': '/org/gnome/Terminal/screen/706f0d83_a060_4c10_b414_5de519fb05e7', 'GNOME_SETUP_DISPLAY': ':1', 'XDG_RUNTIME_DIR': '/run/user/1000', 'DISPLAY': ':0', 'LANG': 'C.UTF-8', 'XDG_CURRENT_DESKTOP': 'ubuntu:GNOME', 'XMODIFIERS': '@im=ibus', 'XDG_SESSION_DESKTOP': 'ubuntu', 'XAUTHORITY': '/run/user/1000/.mutter-Xwaylandauth.5Z7NP3', 'LS_COLORS': 'rs=0:di=01;34:ln=01;36:mh=00:pi=40;33:so=01;35:do=01;35:bd=40;33;01:cd=40;33;01:or=40;31;01:mi=00:su=37;41:sg=30;43:ca=00:tw=30;42:ow=34;42:st=37;44:ex=01;32:*.tar=01;31:*.tgz=01;31:*.arc=01;31:*.arj=01;31:*.taz=01;31:*.lha=01;31:*.lz4=01;31:*.lzh=01;31:*.lzma=01;31:*.tlz=01;31:*.txz=01;31:*.tzo=01;31:*.t7z=01;31:*.zip=01;31:*.z=01;31:*.dz=01;31:*.gz=01;31:*.lrz=01;31:*.lz=01;31:*.lzo=01;31:*.xz=01;31:*.zst=01;31:*.tzst=01;31:*.bz2=01;31:*.bz=01;31:*.tbz=01;31:*.tbz2=01;31:*.tz=01;31:*.deb=01;31:*.rpm=01;31:*.jar=01;31:*.war=01;31:*.ear=01;31:*.sar=01;31:*.rar=01;31:*.alz=01;31:*.ace=01;31:*.zoo=01;31:*.cpio=01;31:*.7z=01;31:*.rz=01;31:*.cab=01;31:*.wim=01;31:*.swm=01;31:*.dwm=01;31:*.esd=01;31:*.avif=01;35:*.jpg=01;35:*.jpeg=01;35:*.mjpg=01;35:*.mjpeg=01;35:*.gif=01;35:*.bmp=01;35:*.pbm=01;35:*.pgm=01;35:*.ppm=01;35:*.tga=01;35:*.xbm=01;35:*.xpm=01;35:*.tif=01;35:*.tiff=01;35:*.png=01;35:*.svg=01;35:*.svgz=01;35:*.mng=01;35:*.pcx=01;35:*.mov=01;35:*.mpg=01;35:*.mpeg=01;35:*.m2v=01;35:*.mkv=01;35:*.webm=01;35:*.webp=01;35:*.ogm=01;35:*.mp4=01;35:*.m4v=01;35:*.mp4v=01;35:*.vob=01;35:*.qt=01;35:*.nuv=01;35:*.wmv=01;35:*.asf=01;35:*.rm=01;35:*.rmvb=01;35:*.flc=01;35:*.avi=01;35:*.fli=01;35:*.flv=01;35:*.gl=01;35:*.dl=01;35:*.xcf=01;35:*.xwd=01;35:*.yuv=01;35:*.cgm=01;35:*.emf=01;35:*.ogv=01;35:*.ogx=01;35:*.aac=00;36:*.au=00;36:*.flac=00;36:*.m4a=00;36:*.mid=00;36:*.midi=00;36:*.mka=00;36:*.mp3=00;36:*.mpc=00;36:*.ogg=00;36:*.ra=00;36:*.wav=00;36:*.oga=00;36:*.opus=00;36:*.spx=00;36:*.xspf=00;36:*~=00;90:*#=00;90:*.bak=00;90:*.crdownload=00;90:*.dpkg-dist=00;90:*.dpkg-new=00;90:*.dpkg-old=00;90:*.dpkg-tmp=00;90:*.old=00;90:*.orig=00;90:*.part=00;90:*.rej=00;90:*.rpmnew=00;90:*.rpmorig=00;90:*.rpmsave=00;90:*.swp=00;90:*.tmp=00;90:*.ucf-dist=00;90:*.ucf-new=00;90:*.ucf-old=00;90:', 'GNOME_TERMINAL_SERVICE': ':1.98', 'SSH_AUTH_SOCK': '/run/user/1000/keyring/ssh', 'ROS_DOMAIN_ID': '1', 'AMENT_PREFIX_PATH': '/home/dredre/DevStuff/scrollDiary/speechToText/ros2Workspace/install/printer_pkg:/home/dredre/DevStuff/scrollDiary/speechToText/ros2Workspace/install/speech_to_text_pkg:/home/dredre/DevStuff/scrollDiary/speechToText/ros2Workspace/install/speech_to_text_interfaces:/opt/ros/jazzy', 'SHELL': '/bin/bash', 'QT_ACCESSIBILITY': '1', 'GDMSESSION': 'ubuntu', 'LESSCLOSE': '/usr/bin/lesspipe %s %s', 'ROS_AUTOMATIC_DISCOVERY_RANGE': 'SUBNET', 'QT_IM_MODULE': 'ibus', 'PWD': '/home/dredre/DevStuff/scrollDiary/speechToText/ros2Workspace/build/printer_pkg', 'XDG_CONFIG_DIRS': '/etc/xdg/xdg-ubuntu:/etc/xdg', 'XDG_DATA_DIRS': '/usr/share/ubuntu:/usr/share/gnome:/usr/local/share/:/usr/share/:/var/lib/snapd/desktop', 'PYTHONPATH': '/home/dredre/DevStuff/scrollDiary/speechToText/ros2Workspace/install/speech_to_text_interfaces/lib/python3.12/site-packages:/opt/ros/jazzy/lib/python3.12/site-packages', 'COLCON': '1', 'MEMORY_PRESSURE_WRITE': 'c29tZSAyMDAwMDAgMjAwMDAwMAA=', 'VTE_VERSION': '7600', 'CMAKE_PREFIX_PATH': '/home/dredre/DevStuff/scrollDiary/speechToText/ros2Workspace/install/speech_to_text_pkg:/home/dredre/DevStuff/scrollDiary/speechToText/ros2Workspace/install/speech_to_text_interfaces:/home/dredre/DevStuff/scrollDiary/speechToText/ros2Workspace/install/printer_pkg:/opt/ros/jazzy/opt/sdformat_vendor:/opt/ros/jazzy/opt/gz_math_vendor:/opt/ros/jazzy/opt/gz_utils_vendor:/opt/ros/jazzy/opt/gz_tools_vendor:/opt/ros/jazzy/opt/gz_cmake_vendor:/opt/ros/jazzy'}), 'shell': False}
[33.493740] (-) TimerEvent: {}
[33.578961] (printer_pkg) StdoutLine: {'line': b'[100%] Built target printing_node\n'}
[33.593587] (printer_pkg) CommandEnded: {'returncode': 0}
[33.594389] (-) TimerEvent: {}
[33.595026] (printer_pkg) JobProgress: {'identifier': 'printer_pkg', 'progress': 'install'}
[33.595732] (printer_pkg) Command: {'cmd': ['/usr/local/bin/cmake', '--install', '/home/dredre/DevStuff/scrollDiary/speechToText/ros2Workspace/build/printer_pkg'], 'cwd': '/home/dredre/DevStuff/scrollDiary/speechToText/ros2Workspace/build/printer_pkg', 'env': OrderedDict({'LESSOPEN': '| /usr/bin/lesspipe %s', 'USER': 'dredre', 'GZ_CONFIG_PATH': '/opt/ros/jazzy/opt/sdformat_vendor/share/gz', 'XDG_SESSION_TYPE': 'wayland', 'CLUTTER_DISABLE_MIPMAPPED_TEXT': '1', 'SHLVL': '1', 'LD_LIBRARY_PATH': '/home/dredre/DevStuff/scrollDiary/speechToText/ros2Workspace/install/speech_to_text_pkg/lib:/home/dredre/DevStuff/scrollDiary/speechToText/ros2Workspace/install/speech_to_text_interfaces/lib:/opt/ros/jazzy/opt/sdformat_vendor/lib:/opt/ros/jazzy/opt/rviz_ogre_vendor/lib:/opt/ros/jazzy/lib/aarch64-linux-gnu:/opt/ros/jazzy/opt/gz_math_vendor/lib:/opt/ros/jazzy/opt/gz_utils_vendor/lib:/opt/ros/jazzy/opt/gz_tools_vendor/lib:/opt/ros/jazzy/opt/gz_cmake_vendor/lib:/opt/ros/jazzy/lib', 'HOME': '/home/dredre', 'OLDPWD': '/home/dredre/DevStuff/scrollDiary', 'DESKTOP_SESSION': 'ubuntu', 'ROS_PYTHON_VERSION': '3', 'GNOME_SHELL_SESSION_MODE': 'ubuntu', 'GTK_MODULES': 'gail:atk-bridge', 'SYSTEMD_EXEC_PID': '25429', 'GSM_SKIP_SSH_AGENT_WORKAROUND': 'true', 'DBUS_SESSION_BUS_ADDRESS': 'unix:path=/run/user/1000/bus', 'COLORTERM': 'truecolor', 'DEBUGINFOD_URLS': 'https://debuginfod.ubuntu.com', 'IM_CONFIG_PHASE': '1', 'WAYLAND_DISPLAY': 'wayland-0', 'COLCON_PREFIX_PATH': '/home/dredre/DevStuff/scrollDiary/speechToText/ros2Workspace/install', 'ROS_DISTRO': 'jazzy', 'LOGNAME': 'dredre', '_': '/usr/bin/colcon', 'ROS_VERSION': '2', 'MEMORY_PRESSURE_WATCH': '/sys/fs/cgroup/user.slice/user-1000.slice/user@1000.service/session.slice/org.gnome.Shell@wayland.service/memory.pressure', 'XDG_SESSION_CLASS': 'user', 'USERNAME': 'dredre', 'TERM': 'xterm-256color', 'GNOME_DESKTOP_SESSION_ID': 'this-is-deprecated', 'PATH': '/opt/ros/jazzy/opt/gz_tools_vendor/bin:/opt/ros/jazzy/bin:/home/dredre/.local/bin:/usr/local/sbin:/usr/local/bin:/usr/sbin:/usr/bin:/sbin:/bin:/usr/games:/usr/local/games:/snap/bin:/snap/bin:/home/dredre/.local/bin', 'SESSION_MANAGER': 'local/dredre-desktop:@/tmp/.ICE-unix/25400,unix/dredre-desktop:/tmp/.ICE-unix/25400', 'XDG_MENU_PREFIX': 'gnome-', 'GNOME_TERMINAL_SCREEN': '/org/gnome/Terminal/screen/706f0d83_a060_4c10_b414_5de519fb05e7', 'GNOME_SETUP_DISPLAY': ':1', 'XDG_RUNTIME_DIR': '/run/user/1000', 'DISPLAY': ':0', 'LANG': 'C.UTF-8', 'XDG_CURRENT_DESKTOP': 'ubuntu:GNOME', 'XMODIFIERS': '@im=ibus', 'XDG_SESSION_DESKTOP': 'ubuntu', 'XAUTHORITY': '/run/user/1000/.mutter-Xwaylandauth.5Z7NP3', 'LS_COLORS': 'rs=0:di=01;34:ln=01;36:mh=00:pi=40;33:so=01;35:do=01;35:bd=40;33;01:cd=40;33;01:or=40;31;01:mi=00:su=37;41:sg=30;43:ca=00:tw=30;42:ow=34;42:st=37;44:ex=01;32:*.tar=01;31:*.tgz=01;31:*.arc=01;31:*.arj=01;31:*.taz=01;31:*.lha=01;31:*.lz4=01;31:*.lzh=01;31:*.lzma=01;31:*.tlz=01;31:*.txz=01;31:*.tzo=01;31:*.t7z=01;31:*.zip=01;31:*.z=01;31:*.dz=01;31:*.gz=01;31:*.lrz=01;31:*.lz=01;31:*.lzo=01;31:*.xz=01;31:*.zst=01;31:*.tzst=01;31:*.bz2=01;31:*.bz=01;31:*.tbz=01;31:*.tbz2=01;31:*.tz=01;31:*.deb=01;31:*.rpm=01;31:*.jar=01;31:*.war=01;31:*.ear=01;31:*.sar=01;31:*.rar=01;31:*.alz=01;31:*.ace=01;31:*.zoo=01;31:*.cpio=01;31:*.7z=01;31:*.rz=01;31:*.cab=01;31:*.wim=01;31:*.swm=01;31:*.dwm=01;31:*.esd=01;31:*.avif=01;35:*.jpg=01;35:*.jpeg=01;35:*.mjpg=01;35:*.mjpeg=01;35:*.gif=01;35:*.bmp=01;35:*.pbm=01;35:*.pgm=01;35:*.ppm=01;35:*.tga=01;35:*.xbm=01;35:*.xpm=01;35:*.tif=01;35:*.tiff=01;35:*.png=01;35:*.svg=01;35:*.svgz=01;35:*.mng=01;35:*.pcx=01;35:*.mov=01;35:*.mpg=01;35:*.mpeg=01;35:*.m2v=01;35:*.mkv=01;35:*.webm=01;35:*.webp=01;35:*.ogm=01;35:*.mp4=01;35:*.m4v=01;35:*.mp4v=01;35:*.vob=01;35:*.qt=01;35:*.nuv=01;35:*.wmv=01;35:*.asf=01;35:*.rm=01;35:*.rmvb=01;35:*.flc=01;35:*.avi=01;35:*.fli=01;35:*.flv=01;35:*.gl=01;35:*.dl=01;35:*.xcf=01;35:*.xwd=01;35:*.yuv=01;35:*.cgm=01;35:*.emf=01;35:*.ogv=01;35:*.ogx=01;35:*.aac=00;36:*.au=00;36:*.flac=00;36:*.m4a=00;36:*.mid=00;36:*.midi=00;36:*.mka=00;36:*.mp3=00;36:*.mpc=00;36:*.ogg=00;36:*.ra=00;36:*.wav=00;36:*.oga=00;36:*.opus=00;36:*.spx=00;36:*.xspf=00;36:*~=00;90:*#=00;90:*.bak=00;90:*.crdownload=00;90:*.dpkg-dist=00;90:*.dpkg-new=00;90:*.dpkg-old=00;90:*.dpkg-tmp=00;90:*.old=00;90:*.orig=00;90:*.part=00;90:*.rej=00;90:*.rpmnew=00;90:*.rpmorig=00;90:*.rpmsave=00;90:*.swp=00;90:*.tmp=00;90:*.ucf-dist=00;90:*.ucf-new=00;90:*.ucf-old=00;90:', 'GNOME_TERMINAL_SERVICE': ':1.98', 'SSH_AUTH_SOCK': '/run/user/1000/keyring/ssh', 'ROS_DOMAIN_ID': '1', 'AMENT_PREFIX_PATH': '/home/dredre/DevStuff/scrollDiary/speechToText/ros2Workspace/install/printer_pkg:/home/dredre/DevStuff/scrollDiary/speechToText/ros2Workspace/install/speech_to_text_pkg:/home/dredre/DevStuff/scrollDiary/speechToText/ros2Workspace/install/speech_to_text_interfaces:/opt/ros/jazzy', 'SHELL': '/bin/bash', 'QT_ACCESSIBILITY': '1', 'GDMSESSION': 'ubuntu', 'LESSCLOSE': '/usr/bin/lesspipe %s %s', 'ROS_AUTOMATIC_DISCOVERY_RANGE': 'SUBNET', 'QT_IM_MODULE': 'ibus', 'PWD': '/home/dredre/DevStuff/scrollDiary/speechToText/ros2Workspace/build/printer_pkg', 'XDG_CONFIG_DIRS': '/etc/xdg/xdg-ubuntu:/etc/xdg', 'XDG_DATA_DIRS': '/usr/share/ubuntu:/usr/share/gnome:/usr/local/share/:/usr/share/:/var/lib/snapd/desktop', 'PYTHONPATH': '/home/dredre/DevStuff/scrollDiary/speechToText/ros2Workspace/install/speech_to_text_interfaces/lib/python3.12/site-packages:/opt/ros/jazzy/lib/python3.12/site-packages', 'COLCON': '1', 'MEMORY_PRESSURE_WRITE': 'c29tZSAyMDAwMDAgMjAwMDAwMAA=', 'VTE_VERSION': '7600', 'CMAKE_PREFIX_PATH': '/home/dredre/DevStuff/scrollDiary/speechToText/ros2Workspace/install/speech_to_text_pkg:/home/dredre/DevStuff/scrollDiary/speechToText/ros2Workspace/install/speech_to_text_interfaces:/home/dredre/DevStuff/scrollDiary/speechToText/ros2Workspace/install/printer_pkg:/opt/ros/jazzy/opt/sdformat_vendor:/opt/ros/jazzy/opt/gz_math_vendor:/opt/ros/jazzy/opt/gz_utils_vendor:/opt/ros/jazzy/opt/gz_tools_vendor:/opt/ros/jazzy/opt/gz_cmake_vendor:/opt/ros/jazzy'}), 'shell': False}
[33.608604] (printer_pkg) StdoutLine: {'line': b'-- Install configuration: ""\n'}
[33.609414] (printer_pkg) StdoutLine: {'line': b'-- Up-to-date: /home/dredre/DevStuff/scrollDiary/speechToText/ros2Workspace/install/printer_pkg/lib/printer_pkg/printing_node\n'}
[33.610139] (printer_pkg) StdoutLine: {'line': b'-- Up-to-date: /home/dredre/DevStuff/scrollDiary/speechToText/ros2Workspace/install/printer_pkg/share/ament_index/resource_index/package_run_dependencies/printer_pkg\n'}
[33.610397] (printer_pkg) StdoutLine: {'line': b'-- Up-to-date: /home/dredre/DevStuff/scrollDiary/speechToText/ros2Workspace/install/printer_pkg/share/ament_index/resource_index/parent_prefix_path/printer_pkg\n'}
[33.610628] (printer_pkg) StdoutLine: {'line': b'-- Up-to-date: /home/dredre/DevStuff/scrollDiary/speechToText/ros2Workspace/install/printer_pkg/share/printer_pkg/environment/ament_prefix_path.sh\n'}
[33.610765] (printer_pkg) StdoutLine: {'line': b'-- Up-to-date: /home/dredre/DevStuff/scrollDiary/speechToText/ros2Workspace/install/printer_pkg/share/printer_pkg/environment/ament_prefix_path.dsv\n'}
[33.610870] (printer_pkg) StdoutLine: {'line': b'-- Up-to-date: /home/dredre/DevStuff/scrollDiary/speechToText/ros2Workspace/install/printer_pkg/share/printer_pkg/environment/path.sh\n'}
[33.611003] (printer_pkg) StdoutLine: {'line': b'-- Up-to-date: /home/dredre/DevStuff/scrollDiary/speechToText/ros2Workspace/install/printer_pkg/share/printer_pkg/environment/path.dsv\n'}
[33.611105] (printer_pkg) StdoutLine: {'line': b'-- Up-to-date: /home/dredre/DevStuff/scrollDiary/speechToText/ros2Workspace/install/printer_pkg/share/printer_pkg/local_setup.bash\n'}
[33.611198] (printer_pkg) StdoutLine: {'line': b'-- Up-to-date: /home/dredre/DevStuff/scrollDiary/speechToText/ros2Workspace/install/printer_pkg/share/printer_pkg/local_setup.sh\n'}
[33.611288] (printer_pkg) StdoutLine: {'line': b'-- Up-to-date: /home/dredre/DevStuff/scrollDiary/speechToText/ros2Workspace/install/printer_pkg/share/printer_pkg/local_setup.zsh\n'}
[33.611380] (printer_pkg) StdoutLine: {'line': b'-- Up-to-date: /home/dredre/DevStuff/scrollDiary/speechToText/ros2Workspace/install/printer_pkg/share/printer_pkg/local_setup.dsv\n'}
[33.611478] (printer_pkg) StdoutLine: {'line': b'-- Installing: /home/dredre/DevStuff/scrollDiary/speechToText/ros2Workspace/install/printer_pkg/share/printer_pkg/package.dsv\n'}
[33.611628] (printer_pkg) StdoutLine: {'line': b'-- Up-to-date: /home/dredre/DevStuff/scrollDiary/speechToText/ros2Workspace/install/printer_pkg/share/ament_index/resource_index/packages/printer_pkg\n'}
[33.611785] (printer_pkg) StdoutLine: {'line': b'-- Up-to-date: /home/dredre/DevStuff/scrollDiary/speechToText/ros2Workspace/install/printer_pkg/share/printer_pkg/cmake/printer_pkgConfig.cmake\n'}
[33.611892] (printer_pkg) StdoutLine: {'line': b'-- Up-to-date: /home/dredre/DevStuff/scrollDiary/speechToText/ros2Workspace/install/printer_pkg/share/printer_pkg/cmake/printer_pkgConfig-version.cmake\n'}
[33.612012] (printer_pkg) StdoutLine: {'line': b'-- Up-to-date: /home/dredre/DevStuff/scrollDiary/speechToText/ros2Workspace/install/printer_pkg/share/printer_pkg/package.xml\n'}
[33.614586] (printer_pkg) CommandEnded: {'returncode': 0}
[33.635646] (printer_pkg) JobEnded: {'identifier': 'printer_pkg', 'rc': 0}
[33.637579] (-) EventReactorShutdown: {}
