[0.000000] (-) TimerEvent: {}
[0.000433] (speechToText) JobQueued: {'identifier': 'speechToText', 'dependencies': OrderedDict()}
[0.000491] (speech_to_text_interfaces) JobQueued: {'identifier': 'speech_to_text_interfaces', 'dependencies': OrderedDict()}
[0.000535] (speech_to_text_pkg) JobQueued: {'identifier': 'speech_to_text_pkg', 'dependencies': OrderedDict({'speech_to_text_interfaces': '/home/dredre/DevStuff/scrollDiary/speechToText/install/speech_to_text_interfaces'})}
[0.001471] (printer_pkg) JobQueued: {'identifier': 'printer_pkg', 'dependencies': OrderedDict({'speech_to_text_interfaces': '/home/dredre/DevStuff/scrollDiary/speechToText/install/speech_to_text_interfaces', 'speech_to_text_pkg': '/home/dredre/DevStuff/scrollDiary/speechToText/install/speech_to_text_pkg'})}
[0.002310] (motor_pkg) JobQueued: {'identifier': 'motor_pkg', 'dependencies': OrderedDict({'speech_to_text_interfaces': '/home/dredre/DevStuff/scrollDiary/speechToText/install/speech_to_text_interfaces', 'speech_to_text_pkg': '/home/dredre/DevStuff/scrollDiary/speechToText/install/speech_to_text_pkg', 'printer_pkg': '/home/dredre/DevStuff/scrollDiary/speechToText/install/printer_pkg'})}
[0.002635] (speech_to_text_interfaces) JobStarted: {'identifier': 'speech_to_text_interfaces'}
[0.020037] (speechToText) JobStarted: {'identifier': 'speechToText'}
[0.033351] (speech_to_text_interfaces) JobProgress: {'identifier': 'speech_to_text_interfaces', 'progress': 'cmake'}
[0.033465] (speech_to_text_interfaces) Command: {'cmd': ['/usr/local/bin/cmake', '/home/dredre/DevStuff/scrollDiary/speechToText/ros2Workspace/src/speech_to_text_interfaces', '-DCMAKE_INSTALL_PREFIX=/home/dredre/DevStuff/scrollDiary/speechToText/install/speech_to_text_interfaces'], 'cwd': '/home/dredre/DevStuff/scrollDiary/speechToText/build/speech_to_text_interfaces', 'env': OrderedDict({'LESSOPEN': '| /usr/bin/lesspipe %s', 'USER': 'dredre', 'GZ_CONFIG_PATH': '/opt/ros/jazzy/opt/sdformat_vendor/share/gz', 'XDG_SESSION_TYPE': 'wayland', 'CLUTTER_DISABLE_MIPMAPPED_TEXT': '1', 'SHLVL': '1', 'LD_LIBRARY_PATH': '/opt/ros/jazzy/opt/sdformat_vendor/lib:/opt/ros/jazzy/opt/rviz_ogre_vendor/lib:/opt/ros/jazzy/lib/aarch64-linux-gnu:/opt/ros/jazzy/opt/gz_math_vendor/lib:/opt/ros/jazzy/opt/gz_utils_vendor/lib:/opt/ros/jazzy/opt/gz_tools_vendor/lib:/opt/ros/jazzy/opt/gz_cmake_vendor/lib:/opt/ros/jazzy/lib', 'HOME': '/home/dredre', 'OLDPWD': '/home/dredre/DevStuff/scrollDiary/speechToText/speechToText', 'DESKTOP_SESSION': 'ubuntu', 'ROS_PYTHON_VERSION': '3', 'GNOME_SHELL_SESSION_MODE': 'ubuntu', 'GTK_MODULES': 'gail:atk-bridge', 'SYSTEMD_EXEC_PID': '2755', 'GSM_SKIP_SSH_AGENT_WORKAROUND': 'true', 'DBUS_SESSION_BUS_ADDRESS': 'unix:path=/run/user/1000/bus', 'COLORTERM': 'truecolor', 'DEBUGINFOD_URLS': 'https://debuginfod.ubuntu.com', 'IM_CONFIG_PHASE': '1', 'WAYLAND_DISPLAY': 'wayland-0', 'ROS_DISTRO': 'jazzy', 'LOGNAME': 'dredre', '_': '/usr/bin/colcon', 'ROS_VERSION': '2', 'MEMORY_PRESSURE_WATCH': '/sys/fs/cgroup/user.slice/user-1000.slice/user@1000.service/session.slice/org.gnome.Shell@wayland.service/memory.pressure', 'XDG_SESSION_CLASS': 'user', 'USERNAME': 'dredre', 'TERM': 'xterm-256color', 'GNOME_DESKTOP_SESSION_ID': 'this-is-deprecated', 'PATH': '/opt/ros/jazzy/opt/gz_tools_vendor/bin:/opt/ros/jazzy/bin:/home/dredre/.local/bin:/usr/local/sbin:/usr/local/bin:/usr/sbin:/usr/bin:/sbin:/bin:/usr/games:/usr/local/games:/snap/bin:/snap/bin:/home/dredre/.local/bin', 'SESSION_MANAGER': 'local/dredre-desktop:@/tmp/.ICE-unix/2723,unix/dredre-desktop:/tmp/.ICE-unix/2723', 'XDG_MENU_PREFIX': 'gnome-', 'GNOME_TERMINAL_SCREEN': '/org/gnome/Terminal/screen/715bc202_528e_4dd9_bd09_ecb7180209d0', 'GNOME_SETUP_DISPLAY': ':1', 'XDG_RUNTIME_DIR': '/run/user/1000', 'DISPLAY': ':0', 'LANG': 'C.UTF-8', 'XDG_CURRENT_DESKTOP': 'ubuntu:GNOME', 'XMODIFIERS': '@im=ibus', 'XDG_SESSION_DESKTOP': 'ubuntu', 'XAUTHORITY': '/run/user/1000/.mutter-Xwaylandauth.ASK4U3', 'LS_COLORS': 'rs=0:di=01;34:ln=01;36:mh=00:pi=40;33:so=01;35:do=01;35:bd=40;33;01:cd=40;33;01:or=40;31;01:mi=00:su=37;41:sg=30;43:ca=00:tw=30;42:ow=34;42:st=37;44:ex=01;32:*.tar=01;31:*.tgz=01;31:*.arc=01;31:*.arj=01;31:*.taz=01;31:*.lha=01;31:*.lz4=01;31:*.lzh=01;31:*.lzma=01;31:*.tlz=01;31:*.txz=01;31:*.tzo=01;31:*.t7z=01;31:*.zip=01;31:*.z=01;31:*.dz=01;31:*.gz=01;31:*.lrz=01;31:*.lz=01;31:*.lzo=01;31:*.xz=01;31:*.zst=01;31:*.tzst=01;31:*.bz2=01;31:*.bz=01;31:*.tbz=01;31:*.tbz2=01;31:*.tz=01;31:*.deb=01;31:*.rpm=01;31:*.jar=01;31:*.war=01;31:*.ear=01;31:*.sar=01;31:*.rar=01;31:*.alz=01;31:*.ace=01;31:*.zoo=01;31:*.cpio=01;31:*.7z=01;31:*.rz=01;31:*.cab=01;31:*.wim=01;31:*.swm=01;31:*.dwm=01;31:*.esd=01;31:*.avif=01;35:*.jpg=01;35:*.jpeg=01;35:*.mjpg=01;35:*.mjpeg=01;35:*.gif=01;35:*.bmp=01;35:*.pbm=01;35:*.pgm=01;35:*.ppm=01;35:*.tga=01;35:*.xbm=01;35:*.xpm=01;35:*.tif=01;35:*.tiff=01;35:*.png=01;35:*.svg=01;35:*.svgz=01;35:*.mng=01;35:*.pcx=01;35:*.mov=01;35:*.mpg=01;35:*.mpeg=01;35:*.m2v=01;35:*.mkv=01;35:*.webm=01;35:*.webp=01;35:*.ogm=01;35:*.mp4=01;35:*.m4v=01;35:*.mp4v=01;35:*.vob=01;35:*.qt=01;35:*.nuv=01;35:*.wmv=01;35:*.asf=01;35:*.rm=01;35:*.rmvb=01;35:*.flc=01;35:*.avi=01;35:*.fli=01;35:*.flv=01;35:*.gl=01;35:*.dl=01;35:*.xcf=01;35:*.xwd=01;35:*.yuv=01;35:*.cgm=01;35:*.emf=01;35:*.ogv=01;35:*.ogx=01;35:*.aac=00;36:*.au=00;36:*.flac=00;36:*.m4a=00;36:*.mid=00;36:*.midi=00;36:*.mka=00;36:*.mp3=00;36:*.mpc=00;36:*.ogg=00;36:*.ra=00;36:*.wav=00;36:*.oga=00;36:*.opus=00;36:*.spx=00;36:*.xspf=00;36:*~=00;90:*#=00;90:*.bak=00;90:*.crdownload=00;90:*.dpkg-dist=00;90:*.dpkg-new=00;90:*.dpkg-old=00;90:*.dpkg-tmp=00;90:*.old=00;90:*.orig=00;90:*.part=00;90:*.rej=00;90:*.rpmnew=00;90:*.rpmorig=00;90:*.rpmsave=00;90:*.swp=00;90:*.tmp=00;90:*.ucf-dist=00;90:*.ucf-new=00;90:*.ucf-old=00;90:', 'GNOME_TERMINAL_SERVICE': ':1.104', 'SSH_AUTH_SOCK': '/run/user/1000/keyring/ssh', 'ROS_DOMAIN_ID': '1', 'AMENT_PREFIX_PATH': '/opt/ros/jazzy', 'SHELL': '/bin/bash', 'QT_ACCESSIBILITY': '1', 'GDMSESSION': 'ubuntu', 'LESSCLOSE': '/usr/bin/lesspipe %s %s', 'ROS_AUTOMATIC_DISCOVERY_RANGE': 'SUBNET', 'QT_IM_MODULE': 'ibus', 'PWD': '/home/dredre/DevStuff/scrollDiary/speechToText/build/speech_to_text_interfaces', 'XDG_CONFIG_DIRS': '/etc/xdg/xdg-ubuntu:/etc/xdg', 'XDG_DATA_DIRS': '/usr/share/ubuntu:/usr/share/gnome:/usr/local/share/:/usr/share/:/var/lib/snapd/desktop', 'PYTHONPATH': '/opt/ros/jazzy/lib/python3.12/site-packages', 'COLCON': '1', 'MEMORY_PRESSURE_WRITE': 'c29tZSAyMDAwMDAgMjAwMDAwMAA=', 'VTE_VERSION': '7600', 'CMAKE_PREFIX_PATH': '/opt/ros/jazzy/opt/sdformat_vendor:/opt/ros/jazzy/opt/gz_math_vendor:/opt/ros/jazzy/opt/gz_utils_vendor:/opt/ros/jazzy/opt/gz_tools_vendor:/opt/ros/jazzy/opt/gz_cmake_vendor:/opt/ros/jazzy'}), 'shell': False}
[0.049667] (speechToText) JobProgress: {'identifier': 'speechToText', 'progress': 'cmake'}
[0.050297] (speechToText) Command: {'cmd': ['/usr/local/bin/cmake', '/home/dredre/DevStuff/scrollDiary/speechToText/speechToText', '-DCMAKE_INSTALL_PREFIX=/home/dredre/DevStuff/scrollDiary/speechToText/install/speechToText'], 'cwd': '/home/dredre/DevStuff/scrollDiary/speechToText/build/speechToText', 'env': OrderedDict({'LESSOPEN': '| /usr/bin/lesspipe %s', 'USER': 'dredre', 'GZ_CONFIG_PATH': '/opt/ros/jazzy/opt/sdformat_vendor/share/gz', 'XDG_SESSION_TYPE': 'wayland', 'CLUTTER_DISABLE_MIPMAPPED_TEXT': '1', 'SHLVL': '1', 'LD_LIBRARY_PATH': '/opt/ros/jazzy/opt/sdformat_vendor/lib:/opt/ros/jazzy/opt/rviz_ogre_vendor/lib:/opt/ros/jazzy/lib/aarch64-linux-gnu:/opt/ros/jazzy/opt/gz_math_vendor/lib:/opt/ros/jazzy/opt/gz_utils_vendor/lib:/opt/ros/jazzy/opt/gz_tools_vendor/lib:/opt/ros/jazzy/opt/gz_cmake_vendor/lib:/opt/ros/jazzy/lib', 'HOME': '/home/dredre', 'OLDPWD': '/home/dredre/DevStuff/scrollDiary/speechToText/speechToText', 'DESKTOP_SESSION': 'ubuntu', 'ROS_PYTHON_VERSION': '3', 'GNOME_SHELL_SESSION_MODE': 'ubuntu', 'GTK_MODULES': 'gail:atk-bridge', 'SYSTEMD_EXEC_PID': '2755', 'GSM_SKIP_SSH_AGENT_WORKAROUND': 'true', 'DBUS_SESSION_BUS_ADDRESS': 'unix:path=/run/user/1000/bus', 'COLORTERM': 'truecolor', 'DEBUGINFOD_URLS': 'https://debuginfod.ubuntu.com', 'IM_CONFIG_PHASE': '1', 'WAYLAND_DISPLAY': 'wayland-0', 'ROS_DISTRO': 'jazzy', 'LOGNAME': 'dredre', '_': '/usr/bin/colcon', 'ROS_VERSION': '2', 'MEMORY_PRESSURE_WATCH': '/sys/fs/cgroup/user.slice/user-1000.slice/user@1000.service/session.slice/org.gnome.Shell@wayland.service/memory.pressure', 'XDG_SESSION_CLASS': 'user', 'USERNAME': 'dredre', 'TERM': 'xterm-256color', 'GNOME_DESKTOP_SESSION_ID': 'this-is-deprecated', 'PATH': '/opt/ros/jazzy/opt/gz_tools_vendor/bin:/opt/ros/jazzy/bin:/home/dredre/.local/bin:/usr/local/sbin:/usr/local/bin:/usr/sbin:/usr/bin:/sbin:/bin:/usr/games:/usr/local/games:/snap/bin:/snap/bin:/home/dredre/.local/bin', 'SESSION_MANAGER': 'local/dredre-desktop:@/tmp/.ICE-unix/2723,unix/dredre-desktop:/tmp/.ICE-unix/2723', 'XDG_MENU_PREFIX': 'gnome-', 'GNOME_TERMINAL_SCREEN': '/org/gnome/Terminal/screen/715bc202_528e_4dd9_bd09_ecb7180209d0', 'GNOME_SETUP_DISPLAY': ':1', 'XDG_RUNTIME_DIR': '/run/user/1000', 'DISPLAY': ':0', 'LANG': 'C.UTF-8', 'XDG_CURRENT_DESKTOP': 'ubuntu:GNOME', 'XMODIFIERS': '@im=ibus', 'XDG_SESSION_DESKTOP': 'ubuntu', 'XAUTHORITY': '/run/user/1000/.mutter-Xwaylandauth.ASK4U3', 'LS_COLORS': 'rs=0:di=01;34:ln=01;36:mh=00:pi=40;33:so=01;35:do=01;35:bd=40;33;01:cd=40;33;01:or=40;31;01:mi=00:su=37;41:sg=30;43:ca=00:tw=30;42:ow=34;42:st=37;44:ex=01;32:*.tar=01;31:*.tgz=01;31:*.arc=01;31:*.arj=01;31:*.taz=01;31:*.lha=01;31:*.lz4=01;31:*.lzh=01;31:*.lzma=01;31:*.tlz=01;31:*.txz=01;31:*.tzo=01;31:*.t7z=01;31:*.zip=01;31:*.z=01;31:*.dz=01;31:*.gz=01;31:*.lrz=01;31:*.lz=01;31:*.lzo=01;31:*.xz=01;31:*.zst=01;31:*.tzst=01;31:*.bz2=01;31:*.bz=01;31:*.tbz=01;31:*.tbz2=01;31:*.tz=01;31:*.deb=01;31:*.rpm=01;31:*.jar=01;31:*.war=01;31:*.ear=01;31:*.sar=01;31:*.rar=01;31:*.alz=01;31:*.ace=01;31:*.zoo=01;31:*.cpio=01;31:*.7z=01;31:*.rz=01;31:*.cab=01;31:*.wim=01;31:*.swm=01;31:*.dwm=01;31:*.esd=01;31:*.avif=01;35:*.jpg=01;35:*.jpeg=01;35:*.mjpg=01;35:*.mjpeg=01;35:*.gif=01;35:*.bmp=01;35:*.pbm=01;35:*.pgm=01;35:*.ppm=01;35:*.tga=01;35:*.xbm=01;35:*.xpm=01;35:*.tif=01;35:*.tiff=01;35:*.png=01;35:*.svg=01;35:*.svgz=01;35:*.mng=01;35:*.pcx=01;35:*.mov=01;35:*.mpg=01;35:*.mpeg=01;35:*.m2v=01;35:*.mkv=01;35:*.webm=01;35:*.webp=01;35:*.ogm=01;35:*.mp4=01;35:*.m4v=01;35:*.mp4v=01;35:*.vob=01;35:*.qt=01;35:*.nuv=01;35:*.wmv=01;35:*.asf=01;35:*.rm=01;35:*.rmvb=01;35:*.flc=01;35:*.avi=01;35:*.fli=01;35:*.flv=01;35:*.gl=01;35:*.dl=01;35:*.xcf=01;35:*.xwd=01;35:*.yuv=01;35:*.cgm=01;35:*.emf=01;35:*.ogv=01;35:*.ogx=01;35:*.aac=00;36:*.au=00;36:*.flac=00;36:*.m4a=00;36:*.mid=00;36:*.midi=00;36:*.mka=00;36:*.mp3=00;36:*.mpc=00;36:*.ogg=00;36:*.ra=00;36:*.wav=00;36:*.oga=00;36:*.opus=00;36:*.spx=00;36:*.xspf=00;36:*~=00;90:*#=00;90:*.bak=00;90:*.crdownload=00;90:*.dpkg-dist=00;90:*.dpkg-new=00;90:*.dpkg-old=00;90:*.dpkg-tmp=00;90:*.old=00;90:*.orig=00;90:*.part=00;90:*.rej=00;90:*.rpmnew=00;90:*.rpmorig=00;90:*.rpmsave=00;90:*.swp=00;90:*.tmp=00;90:*.ucf-dist=00;90:*.ucf-new=00;90:*.ucf-old=00;90:', 'GNOME_TERMINAL_SERVICE': ':1.104', 'SSH_AUTH_SOCK': '/run/user/1000/keyring/ssh', 'ROS_DOMAIN_ID': '1', 'AMENT_PREFIX_PATH': '/opt/ros/jazzy', 'SHELL': '/bin/bash', 'QT_ACCESSIBILITY': '1', 'GDMSESSION': 'ubuntu', 'LESSCLOSE': '/usr/bin/lesspipe %s %s', 'ROS_AUTOMATIC_DISCOVERY_RANGE': 'SUBNET', 'QT_IM_MODULE': 'ibus', 'PWD': '/home/dredre/DevStuff/scrollDiary/speechToText/build/speechToText', 'XDG_CONFIG_DIRS': '/etc/xdg/xdg-ubuntu:/etc/xdg', 'XDG_DATA_DIRS': '/usr/share/ubuntu:/usr/share/gnome:/usr/local/share/:/usr/share/:/var/lib/snapd/desktop', 'PYTHONPATH': '/opt/ros/jazzy/lib/python3.12/site-packages', 'COLCON': '1', 'MEMORY_PRESSURE_WRITE': 'c29tZSAyMDAwMDAgMjAwMDAwMAA=', 'VTE_VERSION': '7600', 'CMAKE_PREFIX_PATH': '/opt/ros/jazzy/opt/sdformat_vendor:/opt/ros/jazzy/opt/gz_math_vendor:/opt/ros/jazzy/opt/gz_utils_vendor:/opt/ros/jazzy/opt/gz_tools_vendor:/opt/ros/jazzy/opt/gz_cmake_vendor'}), 'shell': False}
[0.057634] (speech_to_text_interfaces) StderrLine: {'line': b'\x1b[0mCMake Deprecation Warning at CMakeLists.txt:1 (cmake_minimum_required):\n'}
[0.058008] (speech_to_text_interfaces) StderrLine: {'line': b'  Compatibility with CMake < 3.10 will be removed from a future version of\n'}
[0.058176] (speech_to_text_interfaces) StderrLine: {'line': b'  CMake.\n'}
[0.058379] (speech_to_text_interfaces) StderrLine: {'line': b'\n'}
[0.058763] (speech_to_text_interfaces) StderrLine: {'line': b'  Update the VERSION argument <min> value.  Or, use the <min>...<max> syntax\n'}
[0.058996] (speech_to_text_interfaces) StderrLine: {'line': b'  to tell CMake that the project requires at least <min> but has been updated\n'}
[0.059147] (speech_to_text_interfaces) StderrLine: {'line': b'  to work with policies introduced by <max> or earlier.\n'}
[0.059309] (speech_to_text_interfaces) StderrLine: {'line': b'\n'}
[0.059432] (speech_to_text_interfaces) StderrLine: {'line': b'\x1b[0m\n'}
[0.100632] (-) TimerEvent: {}
[0.201137] (-) TimerEvent: {}
[0.239973] (speechToText) StdoutLine: {'line': b'-- The C compiler identification is GNU 14.2.0\n'}
[0.240805] (speech_to_text_interfaces) StdoutLine: {'line': b'-- The C compiler identification is GNU 14.2.0\n'}
[0.301288] (-) TimerEvent: {}
[0.402397] (-) TimerEvent: {}
[0.460714] (speechToText) StdoutLine: {'line': b'-- The CXX compiler identification is GNU 13.3.0\n'}
[0.466601] (speech_to_text_interfaces) StdoutLine: {'line': b'-- The CXX compiler identification is GNU 13.3.0\n'}
[0.487744] (speechToText) StdoutLine: {'line': b'-- Detecting C compiler ABI info\n'}
[0.488194] (speech_to_text_interfaces) StdoutLine: {'line': b'-- Detecting C compiler ABI info\n'}
[0.502674] (-) TimerEvent: {}
[0.603209] (-) TimerEvent: {}
[0.686196] (speech_to_text_interfaces) StdoutLine: {'line': b'-- Detecting C compiler ABI info - done\n'}
[0.696276] (speechToText) StdoutLine: {'line': b'-- Detecting C compiler ABI info - done\n'}
[0.703304] (-) TimerEvent: {}
[0.719759] (speech_to_text_interfaces) StdoutLine: {'line': b'-- Check for working C compiler: /usr/bin/cc - skipped\n'}
[0.720689] (speech_to_text_interfaces) StdoutLine: {'line': b'-- Detecting C compile features\n'}
[0.721613] (speech_to_text_interfaces) StdoutLine: {'line': b'-- Detecting C compile features - done\n'}
[0.727956] (speechToText) StdoutLine: {'line': b'-- Check for working C compiler: /usr/bin/cc - skipped\n'}
[0.728473] (speechToText) StdoutLine: {'line': b'-- Detecting C compile features\n'}
[0.730477] (speechToText) StdoutLine: {'line': b'-- Detecting C compile features - done\n'}
[0.746259] (speech_to_text_interfaces) StdoutLine: {'line': b'-- Detecting CXX compiler ABI info\n'}
[0.750329] (speechToText) StdoutLine: {'line': b'-- Detecting CXX compiler ABI info\n'}
[0.803429] (-) TimerEvent: {}
[0.903891] (-) TimerEvent: {}
[0.921264] (speech_to_text_interfaces) StdoutLine: {'line': b'-- Detecting CXX compiler ABI info - done\n'}
[0.922973] (speechToText) StdoutLine: {'line': b'-- Detecting CXX compiler ABI info - done\n'}
[0.950444] (speech_to_text_interfaces) StdoutLine: {'line': b'-- Check for working CXX compiler: /usr/bin/c++ - skipped\n'}
[0.950979] (speech_to_text_interfaces) StdoutLine: {'line': b'-- Detecting CXX compile features\n'}
[0.951921] (speech_to_text_interfaces) StdoutLine: {'line': b'-- Detecting CXX compile features - done\n'}
[0.953578] (speechToText) StdoutLine: {'line': b'-- Check for working CXX compiler: /usr/bin/c++ - skipped\n'}
[0.954083] (speechToText) StdoutLine: {'line': b'-- Detecting CXX compile features\n'}
[0.955288] (speechToText) StdoutLine: {'line': b'-- Detecting CXX compile features - done\n'}
[0.969434] (speechToText) StderrLine: {'line': b'\x1b[0mCMake Deprecation Warning at whisperCXX/CMakeLists.txt:1 (cmake_minimum_required):\n'}
[0.969813] (speechToText) StderrLine: {'line': b'  Compatibility with CMake < 3.10 will be removed from a future version of\n'}
[0.969960] (speechToText) StderrLine: {'line': b'  CMake.\n'}
[0.970064] (speechToText) StderrLine: {'line': b'\n'}
[0.970174] (speechToText) StderrLine: {'line': b'  Update the VERSION argument <min> value.  Or, use the <min>...<max> syntax\n'}
[0.970283] (speechToText) StderrLine: {'line': b'  to tell CMake that the project requires at least <min> but has been updated\n'}
[0.970389] (speechToText) StderrLine: {'line': b'  to work with policies introduced by <max> or earlier.\n'}
[0.970511] (speechToText) StderrLine: {'line': b'\n'}
[0.970676] (speechToText) StderrLine: {'line': b'\x1b[0m\n'}
[0.980623] (speechToText) StdoutLine: {'line': b'-- Found Git: /usr/bin/git (found version "2.43.0")\n'}
[0.980950] (speech_to_text_interfaces) StdoutLine: {'line': b'-- Found ament_cmake: 2.5.5 (/opt/ros/jazzy/share/ament_cmake/cmake)\n'}
[1.004004] (-) TimerEvent: {}
[1.031019] (speechToText) StdoutLine: {'line': b'-- The ASM compiler identification is GNU\n'}
[1.034160] (speechToText) StdoutLine: {'line': b'-- Found assembler: /usr/bin/cc\n'}
[1.052487] (speechToText) StdoutLine: {'line': b'-- Performing Test CMAKE_HAVE_LIBC_PTHREAD\n'}
[1.104133] (-) TimerEvent: {}
[1.204597] (-) TimerEvent: {}
[1.243610] (speechToText) StdoutLine: {'line': b'-- Performing Test CMAKE_HAVE_LIBC_PTHREAD - Success\n'}
[1.250836] (speechToText) StdoutLine: {'line': b'-- Found Threads: TRUE\n'}
[1.266724] (speechToText) StdoutLine: {'line': b'-- Warning: ccache not found - consider installing it for faster compilation or disable this warning with GGML_CCACHE=OFF\n'}
[1.304697] (-) TimerEvent: {}
[1.319776] (speechToText) StdoutLine: {'line': b'-- CMAKE_SYSTEM_PROCESSOR: aarch64\n'}
[1.321718] (speechToText) StdoutLine: {'line': b'-- GGML_SYSTEM_ARCH: ARM\n'}
[1.325266] (speechToText) StdoutLine: {'line': b'-- Including CPU backend\n'}
[1.385962] (speech_to_text_interfaces) StdoutLine: {'line': b'-- Found Python3: /usr/bin/python3 (found version "3.12.3") found components: Interpreter\n'}
[1.404847] (-) TimerEvent: {}
[1.505303] (-) TimerEvent: {}
[1.605750] (-) TimerEvent: {}
[1.642043] (speech_to_text_interfaces) StdoutLine: {'line': b'-- Found rosidl_default_generators: 1.6.0 (/opt/ros/jazzy/share/rosidl_default_generators/cmake)\n'}
[1.655710] (speech_to_text_interfaces) StdoutLine: {'line': b'-- Using all available rosidl_typesupport_c: rosidl_typesupport_fastrtps_c;rosidl_typesupport_introspection_c\n'}
[1.705849] (-) TimerEvent: {}
[1.769729] (speech_to_text_interfaces) StdoutLine: {'line': b'-- Using all available rosidl_typesupport_cpp: rosidl_typesupport_fastrtps_cpp;rosidl_typesupport_introspection_cpp\n'}
[1.805966] (-) TimerEvent: {}
[1.859214] (speech_to_text_interfaces) StdoutLine: {'line': b'-- Found rosidl_adapter: 4.6.7 (/opt/ros/jazzy/share/rosidl_adapter/cmake)\n'}
[1.866707] (speechToText) StdoutLine: {'line': b'-- Found OpenMP_C: -fopenmp (found version "4.5")\n'}
[1.906102] (-) TimerEvent: {}
[2.008865] (-) TimerEvent: {}
[2.060445] (speechToText) StdoutLine: {'line': b'-- Found OpenMP_CXX: -fopenmp (found version "4.5")\n'}
[2.061116] (speechToText) StdoutLine: {'line': b'-- Found OpenMP: TRUE (found version "4.5")\n'}
[2.061466] (speechToText) StdoutLine: {'line': b'-- ARM detected\n'}
[2.062561] (speechToText) StdoutLine: {'line': b'-- Performing Test GGML_COMPILER_SUPPORTS_FP16_FORMAT_I3E\n'}
[2.108961] (-) TimerEvent: {}
[2.126487] (speechToText) StdoutLine: {'line': b'-- Performing Test GGML_COMPILER_SUPPORTS_FP16_FORMAT_I3E - Failed\n'}
[2.147882] (speechToText) StdoutLine: {'line': b'-- ARM detected flags: -mcpu=cortex-a76+crc+crypto\n'}
[2.149047] (speechToText) StdoutLine: {'line': b'-- Performing Test GGML_MACHINE_SUPPORTS_dotprod\n'}
[2.209078] (-) TimerEvent: {}
[2.309479] (-) TimerEvent: {}
[2.410478] (-) TimerEvent: {}
[2.510832] (-) TimerEvent: {}
[2.611194] (-) TimerEvent: {}
[2.662254] (speechToText) StdoutLine: {'line': b'-- Performing Test GGML_MACHINE_SUPPORTS_dotprod - Failed\n'}
[2.662539] (speechToText) StdoutLine: {'line': b'-- Performing Test GGML_MACHINE_SUPPORTS_nodotprod\n'}
[2.711338] (-) TimerEvent: {}
[2.811768] (-) TimerEvent: {}
[2.812420] (speechToText) StdoutLine: {'line': b'-- Performing Test GGML_MACHINE_SUPPORTS_nodotprod - Success\n'}
[2.817697] (speechToText) StdoutLine: {'line': b'-- Performing Test GGML_MACHINE_SUPPORTS_i8mm\n'}
[2.911875] (-) TimerEvent: {}
[2.994936] (speech_to_text_interfaces) StdoutLine: {'line': b'-- Found ament_cmake_ros: 0.12.0 (/opt/ros/jazzy/share/ament_cmake_ros/cmake)\n'}
[3.011992] (-) TimerEvent: {}
[3.112329] (-) TimerEvent: {}
[3.212711] (-) TimerEvent: {}
[3.313119] (-) TimerEvent: {}
[3.318160] (speechToText) StdoutLine: {'line': b'-- Performing Test GGML_MACHINE_SUPPORTS_i8mm - Failed\n'}
[3.320027] (speechToText) StdoutLine: {'line': b'-- Performing Test GGML_MACHINE_SUPPORTS_noi8mm\n'}
[3.413234] (-) TimerEvent: {}
[3.484631] (speechToText) StdoutLine: {'line': b'-- Performing Test GGML_MACHINE_SUPPORTS_noi8mm - Success\n'}
[3.485054] (speechToText) StdoutLine: {'line': b'-- Performing Test GGML_MACHINE_SUPPORTS_sve\n'}
[3.513344] (-) TimerEvent: {}
[3.585494] (speechToText) StdoutLine: {'line': b'-- Performing Test GGML_MACHINE_SUPPORTS_sve - Failed\n'}
[3.588594] (speechToText) StdoutLine: {'line': b'-- Performing Test GGML_MACHINE_SUPPORTS_nosve\n'}
[3.613457] (-) TimerEvent: {}
[3.713951] (-) TimerEvent: {}
[3.764736] (speechToText) StdoutLine: {'line': b'-- Performing Test GGML_MACHINE_SUPPORTS_nosve - Success\n'}
[3.765565] (speechToText) StdoutLine: {'line': b'-- Performing Test GGML_MACHINE_SUPPORTS_sme\n'}
[3.814063] (-) TimerEvent: {}
[3.829029] (speechToText) StdoutLine: {'line': b'-- Performing Test GGML_MACHINE_SUPPORTS_sme - Failed\n'}
[3.829572] (speechToText) StdoutLine: {'line': b'-- Performing Test GGML_MACHINE_SUPPORTS_nosme\n'}
[3.831615] (speech_to_text_interfaces) StdoutLine: {'line': b'-- Using all available rosidl_typesupport_c: rosidl_typesupport_fastrtps_c;rosidl_typesupport_introspection_c\n'}
[3.884747] (speechToText) StdoutLine: {'line': b'-- Performing Test GGML_MACHINE_SUPPORTS_nosme - Failed\n'}
[3.885052] (speechToText) StdoutLine: {'line': b'-- Checking for ARM features using flags:\n'}
[3.885168] (speechToText) StdoutLine: {'line': b'--   -U__ARM_FEATURE_DOTPROD\n'}
[3.885266] (speechToText) StdoutLine: {'line': b'--   -U__ARM_FEATURE_MATMUL_INT8\n'}
[3.885353] (speechToText) StdoutLine: {'line': b'--   -U__ARM_FEATURE_SVE\n'}
[3.885437] (speechToText) StdoutLine: {'line': b'--   -mcpu=cortex-a76+crc+crypto+nodotprod+noi8mm+nosve\n'}
[3.885584] (speechToText) StdoutLine: {'line': b'-- Performing Test HAVE_DOTPROD\n'}
[3.914199] (-) TimerEvent: {}
[3.959479] (speechToText) StdoutLine: {'line': b'-- Performing Test HAVE_DOTPROD - Failed\n'}
[3.960108] (speechToText) StdoutLine: {'line': b'-- Performing Test HAVE_SVE\n'}
[4.014299] (-) TimerEvent: {}
[4.033790] (speechToText) StdoutLine: {'line': b'-- Performing Test HAVE_SVE - Failed\n'}
[4.034098] (speechToText) StdoutLine: {'line': b'-- Performing Test HAVE_MATMUL_INT8\n'}
[4.105673] (speechToText) StdoutLine: {'line': b'-- Performing Test HAVE_MATMUL_INT8 - Failed\n'}
[4.105962] (speechToText) StdoutLine: {'line': b'-- Performing Test HAVE_FMA\n'}
[4.114440] (-) TimerEvent: {}
[4.214861] (-) TimerEvent: {}
[4.280841] (speechToText) StdoutLine: {'line': b'-- Performing Test HAVE_FMA - Success\n'}
[4.281303] (speechToText) StdoutLine: {'line': b'-- Performing Test HAVE_FP16_VECTOR_ARITHMETIC\n'}
[4.314965] (-) TimerEvent: {}
[4.415438] (-) TimerEvent: {}
[4.456280] (speechToText) StdoutLine: {'line': b'-- Performing Test HAVE_FP16_VECTOR_ARITHMETIC - Success\n'}
[4.457797] (speechToText) StdoutLine: {'line': b'-- Performing Test HAVE_SME\n'}
[4.515511] (-) TimerEvent: {}
[4.532631] (speechToText) StdoutLine: {'line': b'-- Performing Test HAVE_SME - Failed\n'}
[4.533245] (speechToText) StdoutLine: {'line': b'-- Adding CPU backend variant ggml-cpu: -U__ARM_FEATURE_DOTPROD;-U__ARM_FEATURE_MATMUL_INT8;-U__ARM_FEATURE_SVE;-mcpu=cortex-a76+crc+crypto+nodotprod+noi8mm+nosve \n'}
[4.547580] (speechToText) StdoutLine: {'line': b'-- ggml version: 0.9.5\n'}
[4.547942] (speechToText) StdoutLine: {'line': b'-- ggml commit:  8846cff\n'}
[4.562721] (speechToText) StdoutLine: {'line': b'-- Configuring done (4.5s)\n'}
[4.615704] (-) TimerEvent: {}
[4.631869] (speechToText) StdoutLine: {'line': b'-- Generating done (0.1s)\n'}
[4.644699] (speechToText) StdoutLine: {'line': b'-- Build files have been written to: /home/dredre/DevStuff/scrollDiary/speechToText/build/speechToText\n'}
[4.657551] (speechToText) CommandEnded: {'returncode': 0}
[4.660264] (speechToText) JobProgress: {'identifier': 'speechToText', 'progress': 'build'}
[4.660324] (speechToText) Command: {'cmd': ['/usr/local/bin/cmake', '--build', '/home/dredre/DevStuff/scrollDiary/speechToText/build/speechToText', '--', '-j4', '-l4'], 'cwd': '/home/dredre/DevStuff/scrollDiary/speechToText/build/speechToText', 'env': OrderedDict({'LESSOPEN': '| /usr/bin/lesspipe %s', 'USER': 'dredre', 'GZ_CONFIG_PATH': '/opt/ros/jazzy/opt/sdformat_vendor/share/gz', 'XDG_SESSION_TYPE': 'wayland', 'CLUTTER_DISABLE_MIPMAPPED_TEXT': '1', 'SHLVL': '1', 'LD_LIBRARY_PATH': '/opt/ros/jazzy/opt/sdformat_vendor/lib:/opt/ros/jazzy/opt/rviz_ogre_vendor/lib:/opt/ros/jazzy/lib/aarch64-linux-gnu:/opt/ros/jazzy/opt/gz_math_vendor/lib:/opt/ros/jazzy/opt/gz_utils_vendor/lib:/opt/ros/jazzy/opt/gz_tools_vendor/lib:/opt/ros/jazzy/opt/gz_cmake_vendor/lib:/opt/ros/jazzy/lib', 'HOME': '/home/dredre', 'OLDPWD': '/home/dredre/DevStuff/scrollDiary/speechToText/speechToText', 'DESKTOP_SESSION': 'ubuntu', 'ROS_PYTHON_VERSION': '3', 'GNOME_SHELL_SESSION_MODE': 'ubuntu', 'GTK_MODULES': 'gail:atk-bridge', 'SYSTEMD_EXEC_PID': '2755', 'GSM_SKIP_SSH_AGENT_WORKAROUND': 'true', 'DBUS_SESSION_BUS_ADDRESS': 'unix:path=/run/user/1000/bus', 'COLORTERM': 'truecolor', 'DEBUGINFOD_URLS': 'https://debuginfod.ubuntu.com', 'IM_CONFIG_PHASE': '1', 'WAYLAND_DISPLAY': 'wayland-0', 'ROS_DISTRO': 'jazzy', 'LOGNAME': 'dredre', '_': '/usr/bin/colcon', 'ROS_VERSION': '2', 'MEMORY_PRESSURE_WATCH': '/sys/fs/cgroup/user.slice/user-1000.slice/user@1000.service/session.slice/org.gnome.Shell@wayland.service/memory.pressure', 'XDG_SESSION_CLASS': 'user', 'USERNAME': 'dredre', 'TERM': 'xterm-256color', 'GNOME_DESKTOP_SESSION_ID': 'this-is-deprecated', 'PATH': '/opt/ros/jazzy/opt/gz_tools_vendor/bin:/opt/ros/jazzy/bin:/home/dredre/.local/bin:/usr/local/sbin:/usr/local/bin:/usr/sbin:/usr/bin:/sbin:/bin:/usr/games:/usr/local/games:/snap/bin:/snap/bin:/home/dredre/.local/bin', 'SESSION_MANAGER': 'local/dredre-desktop:@/tmp/.ICE-unix/2723,unix/dredre-desktop:/tmp/.ICE-unix/2723', 'XDG_MENU_PREFIX': 'gnome-', 'GNOME_TERMINAL_SCREEN': '/org/gnome/Terminal/screen/715bc202_528e_4dd9_bd09_ecb7180209d0', 'GNOME_SETUP_DISPLAY': ':1', 'XDG_RUNTIME_DIR': '/run/user/1000', 'DISPLAY': ':0', 'LANG': 'C.UTF-8', 'XDG_CURRENT_DESKTOP': 'ubuntu:GNOME', 'XMODIFIERS': '@im=ibus', 'XDG_SESSION_DESKTOP': 'ubuntu', 'XAUTHORITY': '/run/user/1000/.mutter-Xwaylandauth.ASK4U3', 'LS_COLORS': 'rs=0:di=01;34:ln=01;36:mh=00:pi=40;33:so=01;35:do=01;35:bd=40;33;01:cd=40;33;01:or=40;31;01:mi=00:su=37;41:sg=30;43:ca=00:tw=30;42:ow=34;42:st=37;44:ex=01;32:*.tar=01;31:*.tgz=01;31:*.arc=01;31:*.arj=01;31:*.taz=01;31:*.lha=01;31:*.lz4=01;31:*.lzh=01;31:*.lzma=01;31:*.tlz=01;31:*.txz=01;31:*.tzo=01;31:*.t7z=01;31:*.zip=01;31:*.z=01;31:*.dz=01;31:*.gz=01;31:*.lrz=01;31:*.lz=01;31:*.lzo=01;31:*.xz=01;31:*.zst=01;31:*.tzst=01;31:*.bz2=01;31:*.bz=01;31:*.tbz=01;31:*.tbz2=01;31:*.tz=01;31:*.deb=01;31:*.rpm=01;31:*.jar=01;31:*.war=01;31:*.ear=01;31:*.sar=01;31:*.rar=01;31:*.alz=01;31:*.ace=01;31:*.zoo=01;31:*.cpio=01;31:*.7z=01;31:*.rz=01;31:*.cab=01;31:*.wim=01;31:*.swm=01;31:*.dwm=01;31:*.esd=01;31:*.avif=01;35:*.jpg=01;35:*.jpeg=01;35:*.mjpg=01;35:*.mjpeg=01;35:*.gif=01;35:*.bmp=01;35:*.pbm=01;35:*.pgm=01;35:*.ppm=01;35:*.tga=01;35:*.xbm=01;35:*.xpm=01;35:*.tif=01;35:*.tiff=01;35:*.png=01;35:*.svg=01;35:*.svgz=01;35:*.mng=01;35:*.pcx=01;35:*.mov=01;35:*.mpg=01;35:*.mpeg=01;35:*.m2v=01;35:*.mkv=01;35:*.webm=01;35:*.webp=01;35:*.ogm=01;35:*.mp4=01;35:*.m4v=01;35:*.mp4v=01;35:*.vob=01;35:*.qt=01;35:*.nuv=01;35:*.wmv=01;35:*.asf=01;35:*.rm=01;35:*.rmvb=01;35:*.flc=01;35:*.avi=01;35:*.fli=01;35:*.flv=01;35:*.gl=01;35:*.dl=01;35:*.xcf=01;35:*.xwd=01;35:*.yuv=01;35:*.cgm=01;35:*.emf=01;35:*.ogv=01;35:*.ogx=01;35:*.aac=00;36:*.au=00;36:*.flac=00;36:*.m4a=00;36:*.mid=00;36:*.midi=00;36:*.mka=00;36:*.mp3=00;36:*.mpc=00;36:*.ogg=00;36:*.ra=00;36:*.wav=00;36:*.oga=00;36:*.opus=00;36:*.spx=00;36:*.xspf=00;36:*~=00;90:*#=00;90:*.bak=00;90:*.crdownload=00;90:*.dpkg-dist=00;90:*.dpkg-new=00;90:*.dpkg-old=00;90:*.dpkg-tmp=00;90:*.old=00;90:*.orig=00;90:*.part=00;90:*.rej=00;90:*.rpmnew=00;90:*.rpmorig=00;90:*.rpmsave=00;90:*.swp=00;90:*.tmp=00;90:*.ucf-dist=00;90:*.ucf-new=00;90:*.ucf-old=00;90:', 'GNOME_TERMINAL_SERVICE': ':1.104', 'SSH_AUTH_SOCK': '/run/user/1000/keyring/ssh', 'ROS_DOMAIN_ID': '1', 'AMENT_PREFIX_PATH': '/opt/ros/jazzy', 'SHELL': '/bin/bash', 'QT_ACCESSIBILITY': '1', 'GDMSESSION': 'ubuntu', 'LESSCLOSE': '/usr/bin/lesspipe %s %s', 'ROS_AUTOMATIC_DISCOVERY_RANGE': 'SUBNET', 'QT_IM_MODULE': 'ibus', 'PWD': '/home/dredre/DevStuff/scrollDiary/speechToText/build/speechToText', 'XDG_CONFIG_DIRS': '/etc/xdg/xdg-ubuntu:/etc/xdg', 'XDG_DATA_DIRS': '/usr/share/ubuntu:/usr/share/gnome:/usr/local/share/:/usr/share/:/var/lib/snapd/desktop', 'PYTHONPATH': '/opt/ros/jazzy/lib/python3.12/site-packages', 'COLCON': '1', 'MEMORY_PRESSURE_WRITE': 'c29tZSAyMDAwMDAgMjAwMDAwMAA=', 'VTE_VERSION': '7600', 'CMAKE_PREFIX_PATH': '/opt/ros/jazzy/opt/sdformat_vendor:/opt/ros/jazzy/opt/gz_math_vendor:/opt/ros/jazzy/opt/gz_utils_vendor:/opt/ros/jazzy/opt/gz_tools_vendor:/opt/ros/jazzy/opt/gz_cmake_vendor'}), 'shell': False}
[4.709392] (speechToText) StdoutLine: {'line': b'[  5%] \x1b[32mBuilding CXX object CMakeFiles/transcribeTest.dir/src/transcribeTester.cpp.o\x1b[0m\n'}
[4.710755] (speechToText) StdoutLine: {'line': b'[  5%] \x1b[32mBuilding C object whisperCXX/ggml/src/CMakeFiles/ggml-base.dir/ggml.c.o\x1b[0m\n'}
[4.714588] (speechToText) StdoutLine: {'line': b'[  8%] \x1b[32mBuilding CXX object whisperCXX/ggml/src/CMakeFiles/ggml-base.dir/ggml.cpp.o\x1b[0m\n'}
[4.715852] (speechToText) StdoutLine: {'line': b'[ 11%] \x1b[32mBuilding C object whisperCXX/ggml/src/CMakeFiles/ggml-base.dir/ggml-alloc.c.o\x1b[0m\n'}
[4.716146] (-) TimerEvent: {}
[4.820945] (-) TimerEvent: {}
[4.921379] (-) TimerEvent: {}
[5.024998] (-) TimerEvent: {}
[5.086690] (speech_to_text_interfaces) StdoutLine: {'line': b'-- Using all available rosidl_typesupport_cpp: rosidl_typesupport_fastrtps_cpp;rosidl_typesupport_introspection_cpp\n'}
[5.097645] (speech_to_text_interfaces) StdoutLine: {'line': b'-- Found python_cmake_module: 0.11.1 (/opt/ros/jazzy/share/python_cmake_module/cmake)\n'}
[5.126618] (-) TimerEvent: {}
[5.230249] (-) TimerEvent: {}
[5.331437] (-) TimerEvent: {}
[5.431912] (-) TimerEvent: {}
[5.534613] (-) TimerEvent: {}
[5.638819] (-) TimerEvent: {}
[5.739338] (-) TimerEvent: {}
[5.785844] (speech_to_text_interfaces) StdoutLine: {'line': b'-- Found PythonExtra: /usr/bin/python3\n'}
[5.839539] (-) TimerEvent: {}
[5.942656] (-) TimerEvent: {}
[6.043209] (-) TimerEvent: {}
[6.148642] (-) TimerEvent: {}
[6.249131] (-) TimerEvent: {}
[6.349607] (-) TimerEvent: {}
[6.450112] (-) TimerEvent: {}
[6.552876] (-) TimerEvent: {}
[6.561234] (speechToText) StdoutLine: {'line': b'[ 14%] \x1b[32m\x1b[1mLinking CXX executable transcribeTest\x1b[0m\n'}
[6.631613] (speechToText) StdoutLine: {'line': b'[ 17%] \x1b[32mBuilding CXX object whisperCXX/ggml/src/CMakeFiles/ggml-base.dir/ggml-backend.cpp.o\x1b[0m\n'}
[6.653033] (-) TimerEvent: {}
[6.758062] (-) TimerEvent: {}
[6.860614] (-) TimerEvent: {}
[6.890940] (speechToText) StdoutLine: {'line': b'[ 17%] Built target transcribeTest\n'}
[6.910314] (speechToText) StdoutLine: {'line': b'[ 20%] \x1b[32mBuilding CXX object whisperCXX/ggml/src/CMakeFiles/ggml-base.dir/ggml-opt.cpp.o\x1b[0m\n'}
[6.960743] (-) TimerEvent: {}
[7.063614] (-) TimerEvent: {}
[7.164020] (-) TimerEvent: {}
[7.164365] (speechToText) StdoutLine: {'line': b'[ 22%] \x1b[32mBuilding CXX object whisperCXX/ggml/src/CMakeFiles/ggml-base.dir/ggml-threading.cpp.o\x1b[0m\n'}
[7.264145] (-) TimerEvent: {}
[7.364613] (-) TimerEvent: {}
[7.465053] (-) TimerEvent: {}
[7.566607] (-) TimerEvent: {}
[7.609653] (speechToText) StdoutLine: {'line': b'[ 25%] \x1b[32mBuilding C object whisperCXX/ggml/src/CMakeFiles/ggml-base.dir/ggml-quants.c.o\x1b[0m\n'}
[7.666727] (-) TimerEvent: {}
[7.767141] (-) TimerEvent: {}
[7.868617] (-) TimerEvent: {}
[7.924907] (speech_to_text_interfaces) StdoutLine: {'line': b'-- Found Python3: /usr/bin/python3 (found version "3.12.3") found components: Interpreter Development NumPy Development.Module Development.Embed\n'}
[7.971607] (-) TimerEvent: {}
[8.072054] (-) TimerEvent: {}
[8.164599] (speech_to_text_interfaces) StdoutLine: {'line': b'-- Configuring done (8.1s)\n'}
[8.172188] (-) TimerEvent: {}
[8.272617] (-) TimerEvent: {}
[8.375618] (-) TimerEvent: {}
[8.393420] (speech_to_text_interfaces) StdoutLine: {'line': b'-- Generating done (0.2s)\n'}
[8.441558] (speech_to_text_interfaces) StdoutLine: {'line': b'-- Build files have been written to: /home/dredre/DevStuff/scrollDiary/speechToText/build/speech_to_text_interfaces\n'}
[8.459556] (speech_to_text_interfaces) CommandEnded: {'returncode': 0}
[8.462470] (speech_to_text_interfaces) JobProgress: {'identifier': 'speech_to_text_interfaces', 'progress': 'build'}
[8.462574] (speech_to_text_interfaces) Command: {'cmd': ['/usr/local/bin/cmake', '--build', '/home/dredre/DevStuff/scrollDiary/speechToText/build/speech_to_text_interfaces', '--', '-j4', '-l4'], 'cwd': '/home/dredre/DevStuff/scrollDiary/speechToText/build/speech_to_text_interfaces', 'env': OrderedDict({'LESSOPEN': '| /usr/bin/lesspipe %s', 'USER': 'dredre', 'GZ_CONFIG_PATH': '/opt/ros/jazzy/opt/sdformat_vendor/share/gz', 'XDG_SESSION_TYPE': 'wayland', 'CLUTTER_DISABLE_MIPMAPPED_TEXT': '1', 'SHLVL': '1', 'LD_LIBRARY_PATH': '/opt/ros/jazzy/opt/sdformat_vendor/lib:/opt/ros/jazzy/opt/rviz_ogre_vendor/lib:/opt/ros/jazzy/lib/aarch64-linux-gnu:/opt/ros/jazzy/opt/gz_math_vendor/lib:/opt/ros/jazzy/opt/gz_utils_vendor/lib:/opt/ros/jazzy/opt/gz_tools_vendor/lib:/opt/ros/jazzy/opt/gz_cmake_vendor/lib:/opt/ros/jazzy/lib', 'HOME': '/home/dredre', 'OLDPWD': '/home/dredre/DevStuff/scrollDiary/speechToText/speechToText', 'DESKTOP_SESSION': 'ubuntu', 'ROS_PYTHON_VERSION': '3', 'GNOME_SHELL_SESSION_MODE': 'ubuntu', 'GTK_MODULES': 'gail:atk-bridge', 'SYSTEMD_EXEC_PID': '2755', 'GSM_SKIP_SSH_AGENT_WORKAROUND': 'true', 'DBUS_SESSION_BUS_ADDRESS': 'unix:path=/run/user/1000/bus', 'COLORTERM': 'truecolor', 'DEBUGINFOD_URLS': 'https://debuginfod.ubuntu.com', 'IM_CONFIG_PHASE': '1', 'WAYLAND_DISPLAY': 'wayland-0', 'ROS_DISTRO': 'jazzy', 'LOGNAME': 'dredre', '_': '/usr/bin/colcon', 'ROS_VERSION': '2', 'MEMORY_PRESSURE_WATCH': '/sys/fs/cgroup/user.slice/user-1000.slice/user@1000.service/session.slice/org.gnome.Shell@wayland.service/memory.pressure', 'XDG_SESSION_CLASS': 'user', 'USERNAME': 'dredre', 'TERM': 'xterm-256color', 'GNOME_DESKTOP_SESSION_ID': 'this-is-deprecated', 'PATH': '/opt/ros/jazzy/opt/gz_tools_vendor/bin:/opt/ros/jazzy/bin:/home/dredre/.local/bin:/usr/local/sbin:/usr/local/bin:/usr/sbin:/usr/bin:/sbin:/bin:/usr/games:/usr/local/games:/snap/bin:/snap/bin:/home/dredre/.local/bin', 'SESSION_MANAGER': 'local/dredre-desktop:@/tmp/.ICE-unix/2723,unix/dredre-desktop:/tmp/.ICE-unix/2723', 'XDG_MENU_PREFIX': 'gnome-', 'GNOME_TERMINAL_SCREEN': '/org/gnome/Terminal/screen/715bc202_528e_4dd9_bd09_ecb7180209d0', 'GNOME_SETUP_DISPLAY': ':1', 'XDG_RUNTIME_DIR': '/run/user/1000', 'DISPLAY': ':0', 'LANG': 'C.UTF-8', 'XDG_CURRENT_DESKTOP': 'ubuntu:GNOME', 'XMODIFIERS': '@im=ibus', 'XDG_SESSION_DESKTOP': 'ubuntu', 'XAUTHORITY': '/run/user/1000/.mutter-Xwaylandauth.ASK4U3', 'LS_COLORS': 'rs=0:di=01;34:ln=01;36:mh=00:pi=40;33:so=01;35:do=01;35:bd=40;33;01:cd=40;33;01:or=40;31;01:mi=00:su=37;41:sg=30;43:ca=00:tw=30;42:ow=34;42:st=37;44:ex=01;32:*.tar=01;31:*.tgz=01;31:*.arc=01;31:*.arj=01;31:*.taz=01;31:*.lha=01;31:*.lz4=01;31:*.lzh=01;31:*.lzma=01;31:*.tlz=01;31:*.txz=01;31:*.tzo=01;31:*.t7z=01;31:*.zip=01;31:*.z=01;31:*.dz=01;31:*.gz=01;31:*.lrz=01;31:*.lz=01;31:*.lzo=01;31:*.xz=01;31:*.zst=01;31:*.tzst=01;31:*.bz2=01;31:*.bz=01;31:*.tbz=01;31:*.tbz2=01;31:*.tz=01;31:*.deb=01;31:*.rpm=01;31:*.jar=01;31:*.war=01;31:*.ear=01;31:*.sar=01;31:*.rar=01;31:*.alz=01;31:*.ace=01;31:*.zoo=01;31:*.cpio=01;31:*.7z=01;31:*.rz=01;31:*.cab=01;31:*.wim=01;31:*.swm=01;31:*.dwm=01;31:*.esd=01;31:*.avif=01;35:*.jpg=01;35:*.jpeg=01;35:*.mjpg=01;35:*.mjpeg=01;35:*.gif=01;35:*.bmp=01;35:*.pbm=01;35:*.pgm=01;35:*.ppm=01;35:*.tga=01;35:*.xbm=01;35:*.xpm=01;35:*.tif=01;35:*.tiff=01;35:*.png=01;35:*.svg=01;35:*.svgz=01;35:*.mng=01;35:*.pcx=01;35:*.mov=01;35:*.mpg=01;35:*.mpeg=01;35:*.m2v=01;35:*.mkv=01;35:*.webm=01;35:*.webp=01;35:*.ogm=01;35:*.mp4=01;35:*.m4v=01;35:*.mp4v=01;35:*.vob=01;35:*.qt=01;35:*.nuv=01;35:*.wmv=01;35:*.asf=01;35:*.rm=01;35:*.rmvb=01;35:*.flc=01;35:*.avi=01;35:*.fli=01;35:*.flv=01;35:*.gl=01;35:*.dl=01;35:*.xcf=01;35:*.xwd=01;35:*.yuv=01;35:*.cgm=01;35:*.emf=01;35:*.ogv=01;35:*.ogx=01;35:*.aac=00;36:*.au=00;36:*.flac=00;36:*.m4a=00;36:*.mid=00;36:*.midi=00;36:*.mka=00;36:*.mp3=00;36:*.mpc=00;36:*.ogg=00;36:*.ra=00;36:*.wav=00;36:*.oga=00;36:*.opus=00;36:*.spx=00;36:*.xspf=00;36:*~=00;90:*#=00;90:*.bak=00;90:*.crdownload=00;90:*.dpkg-dist=00;90:*.dpkg-new=00;90:*.dpkg-old=00;90:*.dpkg-tmp=00;90:*.old=00;90:*.orig=00;90:*.part=00;90:*.rej=00;90:*.rpmnew=00;90:*.rpmorig=00;90:*.rpmsave=00;90:*.swp=00;90:*.tmp=00;90:*.ucf-dist=00;90:*.ucf-new=00;90:*.ucf-old=00;90:', 'GNOME_TERMINAL_SERVICE': ':1.104', 'SSH_AUTH_SOCK': '/run/user/1000/keyring/ssh', 'ROS_DOMAIN_ID': '1', 'AMENT_PREFIX_PATH': '/opt/ros/jazzy', 'SHELL': '/bin/bash', 'QT_ACCESSIBILITY': '1', 'GDMSESSION': 'ubuntu', 'LESSCLOSE': '/usr/bin/lesspipe %s %s', 'ROS_AUTOMATIC_DISCOVERY_RANGE': 'SUBNET', 'QT_IM_MODULE': 'ibus', 'PWD': '/home/dredre/DevStuff/scrollDiary/speechToText/build/speech_to_text_interfaces', 'XDG_CONFIG_DIRS': '/etc/xdg/xdg-ubuntu:/etc/xdg', 'XDG_DATA_DIRS': '/usr/share/ubuntu:/usr/share/gnome:/usr/local/share/:/usr/share/:/var/lib/snapd/desktop', 'PYTHONPATH': '/opt/ros/jazzy/lib/python3.12/site-packages', 'COLCON': '1', 'MEMORY_PRESSURE_WRITE': 'c29tZSAyMDAwMDAgMjAwMDAwMAA=', 'VTE_VERSION': '7600', 'CMAKE_PREFIX_PATH': '/opt/ros/jazzy/opt/sdformat_vendor:/opt/ros/jazzy/opt/gz_math_vendor:/opt/ros/jazzy/opt/gz_utils_vendor:/opt/ros/jazzy/opt/gz_tools_vendor:/opt/ros/jazzy/opt/gz_cmake_vendor:/opt/ros/jazzy'}), 'shell': False}
[8.475970] (-) TimerEvent: {}
[8.579025] (-) TimerEvent: {}
[8.655510] (speech_to_text_interfaces) StdoutLine: {'line': b'[  0%] Built target ament_cmake_python_copy_speech_to_text_interfaces\n'}
[8.659876] (speech_to_text_interfaces) StdoutLine: {'line': b'[  2%] \x1b[34m\x1b[1mGenerating type hashes for ROS interfaces\x1b[0m\n'}
[8.679155] (-) TimerEvent: {}
[8.779686] (-) TimerEvent: {}
[8.882602] (-) TimerEvent: {}
[8.983170] (-) TimerEvent: {}
[9.087238] (-) TimerEvent: {}
[9.187681] (-) TimerEvent: {}
[9.288239] (-) TimerEvent: {}
[9.389476] (-) TimerEvent: {}
[9.492700] (-) TimerEvent: {}
[9.593429] (-) TimerEvent: {}
[9.696695] (-) TimerEvent: {}
[9.799706] (-) TimerEvent: {}
[9.867183] (speech_to_text_interfaces) StdoutLine: {'line': b'[  2%] Built target speech_to_text_interfaces__rosidl_generator_type_description\n'}
[9.899879] (-) TimerEvent: {}
[9.904667] (speech_to_text_interfaces) StdoutLine: {'line': b'[  5%] \x1b[34m\x1b[1mGenerating C code for ROS interfaces\x1b[0m\n'}
[9.948410] (speech_to_text_interfaces) StdoutLine: {'line': b'[  8%] \x1b[34m\x1b[1mGenerating C++ code for ROS interfaces\x1b[0m\n'}
[9.984564] (speech_to_text_interfaces) StdoutLine: {'line': b'running egg_info\n'}
[9.984928] (speech_to_text_interfaces) StdoutLine: {'line': b'creating speech_to_text_interfaces.egg-info\n'}
[10.000208] (-) TimerEvent: {}
[10.103677] (-) TimerEvent: {}
[10.169822] (speech_to_text_interfaces) StdoutLine: {'line': b'writing speech_to_text_interfaces.egg-info/PKG-INFO\n'}
[10.171139] (speech_to_text_interfaces) StdoutLine: {'line': b'writing dependency_links to speech_to_text_interfaces.egg-info/dependency_links.txt\n'}
[10.171683] (speech_to_text_interfaces) StdoutLine: {'line': b'writing top-level names to speech_to_text_interfaces.egg-info/top_level.txt\n'}
[10.172042] (speech_to_text_interfaces) StdoutLine: {'line': b"writing manifest file 'speech_to_text_interfaces.egg-info/SOURCES.txt'\n"}
[10.203795] (-) TimerEvent: {}
[10.306629] (-) TimerEvent: {}
[10.407177] (-) TimerEvent: {}
[10.510656] (-) TimerEvent: {}
[10.611133] (-) TimerEvent: {}
[10.712747] (-) TimerEvent: {}
[10.775823] (speech_to_text_interfaces) StdoutLine: {'line': b"reading manifest file 'speech_to_text_interfaces.egg-info/SOURCES.txt'\n"}
[10.783383] (speech_to_text_interfaces) StdoutLine: {'line': b"writing manifest file 'speech_to_text_interfaces.egg-info/SOURCES.txt'\n"}
[10.813142] (-) TimerEvent: {}
[10.917671] (-) TimerEvent: {}
[10.958451] (speech_to_text_interfaces) StdoutLine: {'line': b'[  8%] Built target ament_cmake_python_build_speech_to_text_interfaces_egg\n'}
[11.017812] (-) TimerEvent: {}
[11.118337] (-) TimerEvent: {}
[11.144350] (speech_to_text_interfaces) StdoutLine: {'line': b'[ 11%] \x1b[32mBuilding C object CMakeFiles/speech_to_text_interfaces__rosidl_generator_c.dir/rosidl_generator_c/speech_to_text_interfaces/msg/detail/audio_stamped__description.c.o\x1b[0m\n'}
[11.154658] (speech_to_text_interfaces) StdoutLine: {'line': b'[ 14%] \x1b[32mBuilding C object CMakeFiles/speech_to_text_interfaces__rosidl_generator_c.dir/rosidl_generator_c/speech_to_text_interfaces/msg/detail/audio_stamped__type_support.c.o\x1b[0m\n'}
[11.155161] (speech_to_text_interfaces) StdoutLine: {'line': b'[ 17%] \x1b[32mBuilding C object CMakeFiles/speech_to_text_interfaces__rosidl_generator_c.dir/rosidl_generator_c/speech_to_text_interfaces/msg/detail/audio_stamped__functions.c.o\x1b[0m\n'}
[11.218464] (-) TimerEvent: {}
[11.321627] (-) TimerEvent: {}
[11.415978] (speech_to_text_interfaces) StdoutLine: {'line': b'[ 20%] \x1b[32m\x1b[1mLinking C shared library libspeech_to_text_interfaces__rosidl_generator_c.so\x1b[0m\n'}
[11.421843] (-) TimerEvent: {}
[11.491512] (speech_to_text_interfaces) StdoutLine: {'line': b'[ 20%] Built target speech_to_text_interfaces__cpp\n'}
[11.521981] (-) TimerEvent: {}
[11.543233] (speech_to_text_interfaces) StdoutLine: {'line': b'[ 20%] Built target speech_to_text_interfaces__rosidl_generator_c\n'}
[11.564941] (speech_to_text_interfaces) StdoutLine: {'line': b'[ 29%] \x1b[34m\x1b[1mGenerating C type support dispatch for ROS interfaces\x1b[0m\n'}
[11.570135] (speech_to_text_interfaces) StdoutLine: {'line': b'[ 26%] \x1b[34m\x1b[1mGenerating C++ type support dispatch for ROS interfaces\x1b[0m\n'}
[11.570489] (speech_to_text_interfaces) StdoutLine: {'line': b'[ 29%] \x1b[34m\x1b[1mGenerating C type support for eProsima Fast-RTPS\x1b[0m\n'}
[11.570695] (speech_to_text_interfaces) StdoutLine: {'line': b'[ 32%] \x1b[34m\x1b[1mGenerating C++ introspection for ROS interfaces\x1b[0m\n'}
[11.623753] (-) TimerEvent: {}
[11.724167] (-) TimerEvent: {}
[11.826660] (-) TimerEvent: {}
[11.927237] (-) TimerEvent: {}
[12.031634] (-) TimerEvent: {}
[12.132122] (-) TimerEvent: {}
[12.234609] (-) TimerEvent: {}
[12.335038] (-) TimerEvent: {}
[12.435412] (-) TimerEvent: {}
[12.483732] (speech_to_text_interfaces) StdoutLine: {'line': b'[ 35%] \x1b[32mBuilding CXX object CMakeFiles/speech_to_text_interfaces__rosidl_typesupport_cpp.dir/rosidl_typesupport_cpp/speech_to_text_interfaces/msg/audio_stamped__type_support.cpp.o\x1b[0m\n'}
[12.540696] (-) TimerEvent: {}
[12.641405] (-) TimerEvent: {}
[12.742808] (-) TimerEvent: {}
[12.744511] (speech_to_text_interfaces) StdoutLine: {'line': b'[ 38%] \x1b[32mBuilding CXX object CMakeFiles/speech_to_text_interfaces__rosidl_typesupport_c.dir/rosidl_typesupport_c/speech_to_text_interfaces/msg/audio_stamped__type_support.cpp.o\x1b[0m\n'}
[12.745071] (speech_to_text_interfaces) StdoutLine: {'line': b'[ 41%] \x1b[32mBuilding CXX object CMakeFiles/speech_to_text_interfaces__rosidl_typesupport_fastrtps_c.dir/rosidl_typesupport_fastrtps_c/speech_to_text_interfaces/msg/detail/audio_stamped__type_support_c.cpp.o\x1b[0m\n'}
[12.762206] (speech_to_text_interfaces) StdoutLine: {'line': b'[ 44%] \x1b[32mBuilding CXX object CMakeFiles/speech_to_text_interfaces__rosidl_typesupport_introspection_cpp.dir/rosidl_typesupport_introspection_cpp/speech_to_text_interfaces/msg/detail/audio_stamped__type_support.cpp.o\x1b[0m\n'}
[12.844606] (-) TimerEvent: {}
[12.932177] (speech_to_text_interfaces) StdoutLine: {'line': b'[ 47%] \x1b[32m\x1b[1mLinking CXX shared library libspeech_to_text_interfaces__rosidl_typesupport_c.so\x1b[0m\n'}
[12.944748] (-) TimerEvent: {}
[13.048908] (-) TimerEvent: {}
[13.073732] (speech_to_text_interfaces) StdoutLine: {'line': b'[ 47%] Built target speech_to_text_interfaces__rosidl_typesupport_c\n'}
[13.097103] (speech_to_text_interfaces) StdoutLine: {'line': b'[ 50%] \x1b[34m\x1b[1mGenerating C++ type support for eProsima Fast-RTPS\x1b[0m\n'}
[13.150751] (-) TimerEvent: {}
[13.251422] (-) TimerEvent: {}
[13.352164] (-) TimerEvent: {}
[13.453868] (-) TimerEvent: {}
[13.555865] (-) TimerEvent: {}
[13.659896] (-) TimerEvent: {}
[13.697251] (speechToText) StdoutLine: {'line': b'[ 28%] \x1b[32mBuilding CXX object whisperCXX/ggml/src/CMakeFiles/ggml-base.dir/gguf.cpp.o\x1b[0m\n'}
[13.762665] (-) TimerEvent: {}
[13.863166] (-) TimerEvent: {}
[13.966692] (-) TimerEvent: {}
[14.068654] (-) TimerEvent: {}
[14.170351] (-) TimerEvent: {}
[14.270889] (-) TimerEvent: {}
[14.373024] (-) TimerEvent: {}
[14.391695] (speech_to_text_interfaces) StdoutLine: {'line': b'[ 52%] \x1b[32m\x1b[1mLinking CXX shared library libspeech_to_text_interfaces__rosidl_typesupport_cpp.so\x1b[0m\n'}
[14.477424] (-) TimerEvent: {}
[14.579719] (-) TimerEvent: {}
[14.591861] (speech_to_text_interfaces) StdoutLine: {'line': b'[ 55%] \x1b[32mBuilding CXX object CMakeFiles/speech_to_text_interfaces__rosidl_typesupport_fastrtps_cpp.dir/rosidl_typesupport_fastrtps_cpp/speech_to_text_interfaces/msg/detail/dds_fastrtps/audio_stamped__type_support.cpp.o\x1b[0m\n'}
[14.622409] (speech_to_text_interfaces) StdoutLine: {'line': b'[ 58%] \x1b[32m\x1b[1mLinking CXX shared library libspeech_to_text_interfaces__rosidl_typesupport_introspection_cpp.so\x1b[0m\n'}
[14.671601] (speech_to_text_interfaces) StdoutLine: {'line': b'[ 58%] Built target speech_to_text_interfaces__rosidl_typesupport_cpp\n'}
[14.688709] (-) TimerEvent: {}
[14.708840] (speech_to_text_interfaces) StdoutLine: {'line': b'[ 61%] \x1b[34m\x1b[1mGenerating C introspection for ROS interfaces\x1b[0m\n'}
[14.788909] (-) TimerEvent: {}
[14.889669] (-) TimerEvent: {}
[14.990311] (-) TimerEvent: {}
[15.090889] (-) TimerEvent: {}
[15.195688] (-) TimerEvent: {}
[15.296250] (-) TimerEvent: {}
[15.396809] (-) TimerEvent: {}
[15.477942] (speech_to_text_interfaces) StdoutLine: {'line': b'[ 61%] Built target speech_to_text_interfaces__rosidl_typesupport_introspection_cpp\n'}
[15.496979] (-) TimerEvent: {}
[15.599212] (-) TimerEvent: {}
[15.699738] (-) TimerEvent: {}
[15.802993] (-) TimerEvent: {}
[15.850093] (speech_to_text_interfaces) StdoutLine: {'line': b'[ 64%] \x1b[32m\x1b[1mLinking CXX shared library libspeech_to_text_interfaces__rosidl_typesupport_fastrtps_c.so\x1b[0m\n'}
[15.903127] (-) TimerEvent: {}
[15.927292] (speech_to_text_interfaces) StdoutLine: {'line': b'[ 67%] \x1b[32mBuilding C object CMakeFiles/speech_to_text_interfaces__rosidl_typesupport_introspection_c.dir/rosidl_typesupport_introspection_c/speech_to_text_interfaces/msg/detail/audio_stamped__type_support.c.o\x1b[0m\n'}
[16.005636] (-) TimerEvent: {}
[16.086720] (speech_to_text_interfaces) StdoutLine: {'line': b'[ 67%] Built target speech_to_text_interfaces__rosidl_typesupport_fastrtps_c\n'}
[16.105777] (-) TimerEvent: {}
[16.144324] (speech_to_text_interfaces) StdoutLine: {'line': b'[ 70%] \x1b[32m\x1b[1mLinking C shared library libspeech_to_text_interfaces__rosidl_typesupport_introspection_c.so\x1b[0m\n'}
[16.205931] (-) TimerEvent: {}
[16.277732] (speech_to_text_interfaces) StdoutLine: {'line': b'[ 70%] Built target speech_to_text_interfaces__rosidl_typesupport_introspection_c\n'}
[16.306243] (-) TimerEvent: {}
[16.407619] (-) TimerEvent: {}
[16.510550] (-) TimerEvent: {}
[16.611822] (-) TimerEvent: {}
[16.713863] (-) TimerEvent: {}
[16.814323] (-) TimerEvent: {}
[16.898666] (speech_to_text_interfaces) StdoutLine: {'line': b'[ 73%] \x1b[32m\x1b[1mLinking CXX shared library libspeech_to_text_interfaces__rosidl_typesupport_fastrtps_cpp.so\x1b[0m\n'}
[16.914456] (-) TimerEvent: {}
[17.014931] (-) TimerEvent: {}
[17.087618] (speech_to_text_interfaces) StdoutLine: {'line': b'[ 73%] Built target speech_to_text_interfaces__rosidl_typesupport_fastrtps_cpp\n'}
[17.110070] (speech_to_text_interfaces) StdoutLine: {'line': b'[ 73%] Built target speech_to_text_interfaces\n'}
[17.117037] (-) TimerEvent: {}
[17.147195] (speech_to_text_interfaces) StdoutLine: {'line': b'[ 76%] \x1b[34m\x1b[1mGenerating Python code for ROS interfaces\x1b[0m\n'}
[17.217157] (-) TimerEvent: {}
[17.317565] (-) TimerEvent: {}
[17.417999] (-) TimerEvent: {}
[17.518399] (-) TimerEvent: {}
[17.618839] (-) TimerEvent: {}
[17.696711] (speech_to_text_interfaces) StdoutLine: {'line': b'[ 76%] Built target speech_to_text_interfaces__py\n'}
[17.719101] (speech_to_text_interfaces) StdoutLine: {'line': b'[ 79%] \x1b[32mBuilding C object CMakeFiles/speech_to_text_interfaces__rosidl_generator_py.dir/rosidl_generator_py/speech_to_text_interfaces/msg/_audio_stamped_s.c.o\x1b[0m\n'}
[17.719451] (-) TimerEvent: {}
[17.822940] (-) TimerEvent: {}
[17.923661] (-) TimerEvent: {}
[18.018690] (speech_to_text_interfaces) StdoutLine: {'line': b'[ 82%] \x1b[32m\x1b[1mLinking C shared library libspeech_to_text_interfaces__rosidl_generator_py.so\x1b[0m\n'}
[18.023747] (-) TimerEvent: {}
[18.105038] (speech_to_text_interfaces) StdoutLine: {'line': b'[ 82%] Built target speech_to_text_interfaces__rosidl_generator_py\n'}
[18.124987] (-) TimerEvent: {}
[18.134828] (speech_to_text_interfaces) StdoutLine: {'line': b'[ 85%] \x1b[32mBuilding C object CMakeFiles/speech_to_text_interfaces_s__rosidl_typesupport_introspection_c.dir/rosidl_generator_py/speech_to_text_interfaces/_speech_to_text_interfaces_s.ep.rosidl_typesupport_introspection_c.c.o\x1b[0m\n'}
[18.150986] (speech_to_text_interfaces) StdoutLine: {'line': b'[ 88%] \x1b[32mBuilding C object CMakeFiles/speech_to_text_interfaces_s__rosidl_typesupport_fastrtps_c.dir/rosidl_generator_py/speech_to_text_interfaces/_speech_to_text_interfaces_s.ep.rosidl_typesupport_fastrtps_c.c.o\x1b[0m\n'}
[18.164745] (speech_to_text_interfaces) StdoutLine: {'line': b'[ 91%] \x1b[32mBuilding C object CMakeFiles/speech_to_text_interfaces_s__rosidl_typesupport_c.dir/rosidl_generator_py/speech_to_text_interfaces/_speech_to_text_interfaces_s.ep.rosidl_typesupport_c.c.o\x1b[0m\n'}
[18.225657] (-) TimerEvent: {}
[18.327756] (-) TimerEvent: {}
[18.399685] (speech_to_text_interfaces) StdoutLine: {'line': b'[ 94%] \x1b[32m\x1b[1mLinking C shared module rosidl_generator_py/speech_to_text_interfaces/speech_to_text_interfaces_s__rosidl_typesupport_fastrtps_c.so\x1b[0m\n'}
[18.427910] (-) TimerEvent: {}
[18.455759] (speech_to_text_interfaces) StdoutLine: {'line': b'[ 94%] Built target speech_to_text_interfaces_s__rosidl_typesupport_fastrtps_c\n'}
[18.527640] (speech_to_text_interfaces) StdoutLine: {'line': b'[ 97%] \x1b[32m\x1b[1mLinking C shared module rosidl_generator_py/speech_to_text_interfaces/speech_to_text_interfaces_s__rosidl_typesupport_introspection_c.so\x1b[0m\n'}
[18.528024] (-) TimerEvent: {}
[18.570443] (speech_to_text_interfaces) StdoutLine: {'line': b'[100%] \x1b[32m\x1b[1mLinking C shared module rosidl_generator_py/speech_to_text_interfaces/speech_to_text_interfaces_s__rosidl_typesupport_c.so\x1b[0m\n'}
[18.605321] (speech_to_text_interfaces) StdoutLine: {'line': b'[100%] Built target speech_to_text_interfaces_s__rosidl_typesupport_introspection_c\n'}
[18.628404] (speech_to_text_interfaces) StdoutLine: {'line': b'[100%] Built target speech_to_text_interfaces_s__rosidl_typesupport_c\n'}
[18.628775] (-) TimerEvent: {}
[18.662884] (speech_to_text_interfaces) CommandEnded: {'returncode': 0}
[18.665076] (speech_to_text_interfaces) JobProgress: {'identifier': 'speech_to_text_interfaces', 'progress': 'install'}
[18.674571] (speech_to_text_interfaces) Command: {'cmd': ['/usr/local/bin/cmake', '--install', '/home/dredre/DevStuff/scrollDiary/speechToText/build/speech_to_text_interfaces'], 'cwd': '/home/dredre/DevStuff/scrollDiary/speechToText/build/speech_to_text_interfaces', 'env': OrderedDict({'LESSOPEN': '| /usr/bin/lesspipe %s', 'USER': 'dredre', 'GZ_CONFIG_PATH': '/opt/ros/jazzy/opt/sdformat_vendor/share/gz', 'XDG_SESSION_TYPE': 'wayland', 'CLUTTER_DISABLE_MIPMAPPED_TEXT': '1', 'SHLVL': '1', 'LD_LIBRARY_PATH': '/opt/ros/jazzy/opt/sdformat_vendor/lib:/opt/ros/jazzy/opt/rviz_ogre_vendor/lib:/opt/ros/jazzy/lib/aarch64-linux-gnu:/opt/ros/jazzy/opt/gz_math_vendor/lib:/opt/ros/jazzy/opt/gz_utils_vendor/lib:/opt/ros/jazzy/opt/gz_tools_vendor/lib:/opt/ros/jazzy/opt/gz_cmake_vendor/lib:/opt/ros/jazzy/lib', 'HOME': '/home/dredre', 'OLDPWD': '/home/dredre/DevStuff/scrollDiary/speechToText/speechToText', 'DESKTOP_SESSION': 'ubuntu', 'ROS_PYTHON_VERSION': '3', 'GNOME_SHELL_SESSION_MODE': 'ubuntu', 'GTK_MODULES': 'gail:atk-bridge', 'SYSTEMD_EXEC_PID': '2755', 'GSM_SKIP_SSH_AGENT_WORKAROUND': 'true', 'DBUS_SESSION_BUS_ADDRESS': 'unix:path=/run/user/1000/bus', 'COLORTERM': 'truecolor', 'DEBUGINFOD_URLS': 'https://debuginfod.ubuntu.com', 'IM_CONFIG_PHASE': '1', 'WAYLAND_DISPLAY': 'wayland-0', 'ROS_DISTRO': 'jazzy', 'LOGNAME': 'dredre', '_': '/usr/bin/colcon', 'ROS_VERSION': '2', 'MEMORY_PRESSURE_WATCH': '/sys/fs/cgroup/user.slice/user-1000.slice/user@1000.service/session.slice/org.gnome.Shell@wayland.service/memory.pressure', 'XDG_SESSION_CLASS': 'user', 'USERNAME': 'dredre', 'TERM': 'xterm-256color', 'GNOME_DESKTOP_SESSION_ID': 'this-is-deprecated', 'PATH': '/opt/ros/jazzy/opt/gz_tools_vendor/bin:/opt/ros/jazzy/bin:/home/dredre/.local/bin:/usr/local/sbin:/usr/local/bin:/usr/sbin:/usr/bin:/sbin:/bin:/usr/games:/usr/local/games:/snap/bin:/snap/bin:/home/dredre/.local/bin', 'SESSION_MANAGER': 'local/dredre-desktop:@/tmp/.ICE-unix/2723,unix/dredre-desktop:/tmp/.ICE-unix/2723', 'XDG_MENU_PREFIX': 'gnome-', 'GNOME_TERMINAL_SCREEN': '/org/gnome/Terminal/screen/715bc202_528e_4dd9_bd09_ecb7180209d0', 'GNOME_SETUP_DISPLAY': ':1', 'XDG_RUNTIME_DIR': '/run/user/1000', 'DISPLAY': ':0', 'LANG': 'C.UTF-8', 'XDG_CURRENT_DESKTOP': 'ubuntu:GNOME', 'XMODIFIERS': '@im=ibus', 'XDG_SESSION_DESKTOP': 'ubuntu', 'XAUTHORITY': '/run/user/1000/.mutter-Xwaylandauth.ASK4U3', 'LS_COLORS': 'rs=0:di=01;34:ln=01;36:mh=00:pi=40;33:so=01;35:do=01;35:bd=40;33;01:cd=40;33;01:or=40;31;01:mi=00:su=37;41:sg=30;43:ca=00:tw=30;42:ow=34;42:st=37;44:ex=01;32:*.tar=01;31:*.tgz=01;31:*.arc=01;31:*.arj=01;31:*.taz=01;31:*.lha=01;31:*.lz4=01;31:*.lzh=01;31:*.lzma=01;31:*.tlz=01;31:*.txz=01;31:*.tzo=01;31:*.t7z=01;31:*.zip=01;31:*.z=01;31:*.dz=01;31:*.gz=01;31:*.lrz=01;31:*.lz=01;31:*.lzo=01;31:*.xz=01;31:*.zst=01;31:*.tzst=01;31:*.bz2=01;31:*.bz=01;31:*.tbz=01;31:*.tbz2=01;31:*.tz=01;31:*.deb=01;31:*.rpm=01;31:*.jar=01;31:*.war=01;31:*.ear=01;31:*.sar=01;31:*.rar=01;31:*.alz=01;31:*.ace=01;31:*.zoo=01;31:*.cpio=01;31:*.7z=01;31:*.rz=01;31:*.cab=01;31:*.wim=01;31:*.swm=01;31:*.dwm=01;31:*.esd=01;31:*.avif=01;35:*.jpg=01;35:*.jpeg=01;35:*.mjpg=01;35:*.mjpeg=01;35:*.gif=01;35:*.bmp=01;35:*.pbm=01;35:*.pgm=01;35:*.ppm=01;35:*.tga=01;35:*.xbm=01;35:*.xpm=01;35:*.tif=01;35:*.tiff=01;35:*.png=01;35:*.svg=01;35:*.svgz=01;35:*.mng=01;35:*.pcx=01;35:*.mov=01;35:*.mpg=01;35:*.mpeg=01;35:*.m2v=01;35:*.mkv=01;35:*.webm=01;35:*.webp=01;35:*.ogm=01;35:*.mp4=01;35:*.m4v=01;35:*.mp4v=01;35:*.vob=01;35:*.qt=01;35:*.nuv=01;35:*.wmv=01;35:*.asf=01;35:*.rm=01;35:*.rmvb=01;35:*.flc=01;35:*.avi=01;35:*.fli=01;35:*.flv=01;35:*.gl=01;35:*.dl=01;35:*.xcf=01;35:*.xwd=01;35:*.yuv=01;35:*.cgm=01;35:*.emf=01;35:*.ogv=01;35:*.ogx=01;35:*.aac=00;36:*.au=00;36:*.flac=00;36:*.m4a=00;36:*.mid=00;36:*.midi=00;36:*.mka=00;36:*.mp3=00;36:*.mpc=00;36:*.ogg=00;36:*.ra=00;36:*.wav=00;36:*.oga=00;36:*.opus=00;36:*.spx=00;36:*.xspf=00;36:*~=00;90:*#=00;90:*.bak=00;90:*.crdownload=00;90:*.dpkg-dist=00;90:*.dpkg-new=00;90:*.dpkg-old=00;90:*.dpkg-tmp=00;90:*.old=00;90:*.orig=00;90:*.part=00;90:*.rej=00;90:*.rpmnew=00;90:*.rpmorig=00;90:*.rpmsave=00;90:*.swp=00;90:*.tmp=00;90:*.ucf-dist=00;90:*.ucf-new=00;90:*.ucf-old=00;90:', 'GNOME_TERMINAL_SERVICE': ':1.104', 'SSH_AUTH_SOCK': '/run/user/1000/keyring/ssh', 'ROS_DOMAIN_ID': '1', 'AMENT_PREFIX_PATH': '/opt/ros/jazzy', 'SHELL': '/bin/bash', 'QT_ACCESSIBILITY': '1', 'GDMSESSION': 'ubuntu', 'LESSCLOSE': '/usr/bin/lesspipe %s %s', 'ROS_AUTOMATIC_DISCOVERY_RANGE': 'SUBNET', 'QT_IM_MODULE': 'ibus', 'PWD': '/home/dredre/DevStuff/scrollDiary/speechToText/build/speech_to_text_interfaces', 'XDG_CONFIG_DIRS': '/etc/xdg/xdg-ubuntu:/etc/xdg', 'XDG_DATA_DIRS': '/usr/share/ubuntu:/usr/share/gnome:/usr/local/share/:/usr/share/:/var/lib/snapd/desktop', 'PYTHONPATH': '/opt/ros/jazzy/lib/python3.12/site-packages', 'COLCON': '1', 'MEMORY_PRESSURE_WRITE': 'c29tZSAyMDAwMDAgMjAwMDAwMAA=', 'VTE_VERSION': '7600', 'CMAKE_PREFIX_PATH': '/opt/ros/jazzy/opt/sdformat_vendor:/opt/ros/jazzy/opt/gz_math_vendor:/opt/ros/jazzy/opt/gz_utils_vendor:/opt/ros/jazzy/opt/gz_tools_vendor:/opt/ros/jazzy/opt/gz_cmake_vendor:/opt/ros/jazzy'}), 'shell': False}
[18.683410] (speech_to_text_interfaces) StdoutLine: {'line': b'-- Install configuration: ""\n'}
[18.684059] (speech_to_text_interfaces) StdoutLine: {'line': b'-- Installing: /home/dredre/DevStuff/scrollDiary/speechToText/install/speech_to_text_interfaces/share/ament_index/resource_index/rosidl_interfaces/speech_to_text_interfaces\n'}
[18.684405] (speech_to_text_interfaces) StdoutLine: {'line': b'-- Installing: /home/dredre/DevStuff/scrollDiary/speechToText/install/speech_to_text_interfaces/share/speech_to_text_interfaces/msg/AudioStamped.json\n'}
[18.684706] (speech_to_text_interfaces) StdoutLine: {'line': b'-- Installing: /home/dredre/DevStuff/scrollDiary/speechToText/install/speech_to_text_interfaces/include/speech_to_text_interfaces/speech_to_text_interfaces\n'}
[18.685186] (speech_to_text_interfaces) StdoutLine: {'line': b'-- Installing: /home/dredre/DevStuff/scrollDiary/speechToText/install/speech_to_text_interfaces/include/speech_to_text_interfaces/speech_to_text_interfaces/msg\n'}
[18.685430] (speech_to_text_interfaces) StdoutLine: {'line': b'-- Installing: /home/dredre/DevStuff/scrollDiary/speechToText/install/speech_to_text_interfaces/include/speech_to_text_interfaces/speech_to_text_interfaces/msg/audio_stamped.h\n'}
[18.685627] (speech_to_text_interfaces) StdoutLine: {'line': b'-- Installing: /home/dredre/DevStuff/scrollDiary/speechToText/install/speech_to_text_interfaces/include/speech_to_text_interfaces/speech_to_text_interfaces/msg/rosidl_generator_c__visibility_control.h\n'}
[18.685844] (speech_to_text_interfaces) StdoutLine: {'line': b'-- Installing: /home/dredre/DevStuff/scrollDiary/speechToText/install/speech_to_text_interfaces/include/speech_to_text_interfaces/speech_to_text_interfaces/msg/detail\n'}
[18.685979] (speech_to_text_interfaces) StdoutLine: {'line': b'-- Installing: /home/dredre/DevStuff/scrollDiary/speechToText/install/speech_to_text_interfaces/include/speech_to_text_interfaces/speech_to_text_interfaces/msg/detail/audio_stamped__struct.h\n'}
[18.686173] (speech_to_text_interfaces) StdoutLine: {'line': b'-- Installing: /home/dredre/DevStuff/scrollDiary/speechToText/install/speech_to_text_interfaces/include/speech_to_text_interfaces/speech_to_text_interfaces/msg/detail/audio_stamped__description.c\n'}
[18.686362] (speech_to_text_interfaces) StdoutLine: {'line': b'-- Installing: /home/dredre/DevStuff/scrollDiary/speechToText/install/speech_to_text_interfaces/include/speech_to_text_interfaces/speech_to_text_interfaces/msg/detail/audio_stamped__functions.c\n'}
[18.686563] (speech_to_text_interfaces) StdoutLine: {'line': b'-- Installing: /home/dredre/DevStuff/scrollDiary/speechToText/install/speech_to_text_interfaces/include/speech_to_text_interfaces/speech_to_text_interfaces/msg/detail/audio_stamped__functions.h\n'}
[18.686773] (speech_to_text_interfaces) StdoutLine: {'line': b'-- Installing: /home/dredre/DevStuff/scrollDiary/speechToText/install/speech_to_text_interfaces/include/speech_to_text_interfaces/speech_to_text_interfaces/msg/detail/audio_stamped__type_support.c\n'}
[18.686898] (speech_to_text_interfaces) StdoutLine: {'line': b'-- Installing: /home/dredre/DevStuff/scrollDiary/speechToText/install/speech_to_text_interfaces/include/speech_to_text_interfaces/speech_to_text_interfaces/msg/detail/audio_stamped__type_support.h\n'}
[18.687089] (speech_to_text_interfaces) StdoutLine: {'line': b'-- Installing: /home/dredre/DevStuff/scrollDiary/speechToText/install/speech_to_text_interfaces/share/speech_to_text_interfaces/environment/library_path.sh\n'}
[18.687367] (speech_to_text_interfaces) StdoutLine: {'line': b'-- Installing: /home/dredre/DevStuff/scrollDiary/speechToText/install/speech_to_text_interfaces/share/speech_to_text_interfaces/environment/library_path.dsv\n'}
[18.687914] (speech_to_text_interfaces) StdoutLine: {'line': b'-- Installing: /home/dredre/DevStuff/scrollDiary/speechToText/install/speech_to_text_interfaces/lib/libspeech_to_text_interfaces__rosidl_generator_c.so\n'}
[18.689103] (speech_to_text_interfaces) StdoutLine: {'line': b'-- Set non-toolchain portion of runtime path of "/home/dredre/DevStuff/scrollDiary/speechToText/install/speech_to_text_interfaces/lib/libspeech_to_text_interfaces__rosidl_generator_c.so" to ""\n'}
[18.689503] (speech_to_text_interfaces) StdoutLine: {'line': b'-- Up-to-date: /home/dredre/DevStuff/scrollDiary/speechToText/install/speech_to_text_interfaces/include/speech_to_text_interfaces/speech_to_text_interfaces\n'}
[18.691096] (speech_to_text_interfaces) StdoutLine: {'line': b'-- Up-to-date: /home/dredre/DevStuff/scrollDiary/speechToText/install/speech_to_text_interfaces/include/speech_to_text_interfaces/speech_to_text_interfaces/msg\n'}
[18.691264] (speech_to_text_interfaces) StdoutLine: {'line': b'-- Installing: /home/dredre/DevStuff/scrollDiary/speechToText/install/speech_to_text_interfaces/include/speech_to_text_interfaces/speech_to_text_interfaces/msg/rosidl_typesupport_fastrtps_c__visibility_control.h\n'}
[18.691397] (speech_to_text_interfaces) StdoutLine: {'line': b'-- Up-to-date: /home/dredre/DevStuff/scrollDiary/speechToText/install/speech_to_text_interfaces/include/speech_to_text_interfaces/speech_to_text_interfaces/msg/detail\n'}
[18.691511] (speech_to_text_interfaces) StdoutLine: {'line': b'-- Installing: /home/dredre/DevStuff/scrollDiary/speechToText/install/speech_to_text_interfaces/include/speech_to_text_interfaces/speech_to_text_interfaces/msg/detail/audio_stamped__rosidl_typesupport_fastrtps_c.h\n'}
[18.691836] (speech_to_text_interfaces) StdoutLine: {'line': b'-- Installing: /home/dredre/DevStuff/scrollDiary/speechToText/install/speech_to_text_interfaces/lib/libspeech_to_text_interfaces__rosidl_typesupport_fastrtps_c.so\n'}
[18.691990] (speech_to_text_interfaces) StdoutLine: {'line': b'-- Set non-toolchain portion of runtime path of "/home/dredre/DevStuff/scrollDiary/speechToText/install/speech_to_text_interfaces/lib/libspeech_to_text_interfaces__rosidl_typesupport_fastrtps_c.so" to ""\n'}
[18.692132] (speech_to_text_interfaces) StdoutLine: {'line': b'-- Up-to-date: /home/dredre/DevStuff/scrollDiary/speechToText/install/speech_to_text_interfaces/include/speech_to_text_interfaces/speech_to_text_interfaces\n'}
[18.692243] (speech_to_text_interfaces) StdoutLine: {'line': b'-- Up-to-date: /home/dredre/DevStuff/scrollDiary/speechToText/install/speech_to_text_interfaces/include/speech_to_text_interfaces/speech_to_text_interfaces/msg\n'}
[18.692341] (speech_to_text_interfaces) StdoutLine: {'line': b'-- Installing: /home/dredre/DevStuff/scrollDiary/speechToText/install/speech_to_text_interfaces/include/speech_to_text_interfaces/speech_to_text_interfaces/msg/rosidl_typesupport_introspection_c__visibility_control.h\n'}
[18.692438] (speech_to_text_interfaces) StdoutLine: {'line': b'-- Up-to-date: /home/dredre/DevStuff/scrollDiary/speechToText/install/speech_to_text_interfaces/include/speech_to_text_interfaces/speech_to_text_interfaces/msg/detail\n'}
[18.693833] (speech_to_text_interfaces) StdoutLine: {'line': b'-- Installing: /home/dredre/DevStuff/scrollDiary/speechToText/install/speech_to_text_interfaces/include/speech_to_text_interfaces/speech_to_text_interfaces/msg/detail/audio_stamped__rosidl_typesupport_introspection_c.h\n'}
[18.693995] (speech_to_text_interfaces) StdoutLine: {'line': b'-- Installing: /home/dredre/DevStuff/scrollDiary/speechToText/install/speech_to_text_interfaces/include/speech_to_text_interfaces/speech_to_text_interfaces/msg/detail/audio_stamped__type_support.c\n'}
[18.694124] (speech_to_text_interfaces) StdoutLine: {'line': b'-- Installing: /home/dredre/DevStuff/scrollDiary/speechToText/install/speech_to_text_interfaces/lib/libspeech_to_text_interfaces__rosidl_typesupport_introspection_c.so\n'}
[18.694815] (speech_to_text_interfaces) StdoutLine: {'line': b'-- Set non-toolchain portion of runtime path of "/home/dredre/DevStuff/scrollDiary/speechToText/install/speech_to_text_interfaces/lib/libspeech_to_text_interfaces__rosidl_typesupport_introspection_c.so" to ""\n'}
[18.696192] (speech_to_text_interfaces) StdoutLine: {'line': b'-- Installing: /home/dredre/DevStuff/scrollDiary/speechToText/install/speech_to_text_interfaces/lib/libspeech_to_text_interfaces__rosidl_typesupport_c.so\n'}
[18.696382] (speech_to_text_interfaces) StdoutLine: {'line': b'-- Set non-toolchain portion of runtime path of "/home/dredre/DevStuff/scrollDiary/speechToText/install/speech_to_text_interfaces/lib/libspeech_to_text_interfaces__rosidl_typesupport_c.so" to ""\n'}
[18.696569] (speech_to_text_interfaces) StdoutLine: {'line': b'-- Up-to-date: /home/dredre/DevStuff/scrollDiary/speechToText/install/speech_to_text_interfaces/include/speech_to_text_interfaces/speech_to_text_interfaces\n'}
[18.696731] (speech_to_text_interfaces) StdoutLine: {'line': b'-- Up-to-date: /home/dredre/DevStuff/scrollDiary/speechToText/install/speech_to_text_interfaces/include/speech_to_text_interfaces/speech_to_text_interfaces/msg\n'}
[18.696868] (speech_to_text_interfaces) StdoutLine: {'line': b'-- Installing: /home/dredre/DevStuff/scrollDiary/speechToText/install/speech_to_text_interfaces/include/speech_to_text_interfaces/speech_to_text_interfaces/msg/rosidl_generator_cpp__visibility_control.hpp\n'}
[18.697006] (speech_to_text_interfaces) StdoutLine: {'line': b'-- Installing: /home/dredre/DevStuff/scrollDiary/speechToText/install/speech_to_text_interfaces/include/speech_to_text_interfaces/speech_to_text_interfaces/msg/audio_stamped.hpp\n'}
[18.697157] (speech_to_text_interfaces) StdoutLine: {'line': b'-- Up-to-date: /home/dredre/DevStuff/scrollDiary/speechToText/install/speech_to_text_interfaces/include/speech_to_text_interfaces/speech_to_text_interfaces/msg/detail\n'}
[18.697297] (speech_to_text_interfaces) StdoutLine: {'line': b'-- Installing: /home/dredre/DevStuff/scrollDiary/speechToText/install/speech_to_text_interfaces/include/speech_to_text_interfaces/speech_to_text_interfaces/msg/detail/audio_stamped__builder.hpp\n'}
[18.697456] (speech_to_text_interfaces) StdoutLine: {'line': b'-- Installing: /home/dredre/DevStuff/scrollDiary/speechToText/install/speech_to_text_interfaces/include/speech_to_text_interfaces/speech_to_text_interfaces/msg/detail/audio_stamped__struct.hpp\n'}
[18.699086] (speech_to_text_interfaces) StdoutLine: {'line': b'-- Installing: /home/dredre/DevStuff/scrollDiary/speechToText/install/speech_to_text_interfaces/include/speech_to_text_interfaces/speech_to_text_interfaces/msg/detail/audio_stamped__traits.hpp\n'}
[18.699266] (speech_to_text_interfaces) StdoutLine: {'line': b'-- Installing: /home/dredre/DevStuff/scrollDiary/speechToText/install/speech_to_text_interfaces/include/speech_to_text_interfaces/speech_to_text_interfaces/msg/detail/audio_stamped__type_support.hpp\n'}
[18.701188] (speech_to_text_interfaces) StdoutLine: {'line': b'-- Up-to-date: /home/dredre/DevStuff/scrollDiary/speechToText/install/speech_to_text_interfaces/include/speech_to_text_interfaces/speech_to_text_interfaces\n'}
[18.701402] (speech_to_text_interfaces) StdoutLine: {'line': b'-- Up-to-date: /home/dredre/DevStuff/scrollDiary/speechToText/install/speech_to_text_interfaces/include/speech_to_text_interfaces/speech_to_text_interfaces/msg\n'}
[18.701671] (speech_to_text_interfaces) StdoutLine: {'line': b'-- Installing: /home/dredre/DevStuff/scrollDiary/speechToText/install/speech_to_text_interfaces/include/speech_to_text_interfaces/speech_to_text_interfaces/msg/rosidl_typesupport_fastrtps_cpp__visibility_control.h\n'}
[18.701920] (speech_to_text_interfaces) StdoutLine: {'line': b'-- Up-to-date: /home/dredre/DevStuff/scrollDiary/speechToText/install/speech_to_text_interfaces/include/speech_to_text_interfaces/speech_to_text_interfaces/msg/detail\n'}
[18.703785] (speech_to_text_interfaces) StdoutLine: {'line': b'-- Installing: /home/dredre/DevStuff/scrollDiary/speechToText/install/speech_to_text_interfaces/include/speech_to_text_interfaces/speech_to_text_interfaces/msg/detail/audio_stamped__rosidl_typesupport_fastrtps_cpp.hpp\n'}
[18.703979] (speech_to_text_interfaces) StdoutLine: {'line': b'-- Installing: /home/dredre/DevStuff/scrollDiary/speechToText/install/speech_to_text_interfaces/include/speech_to_text_interfaces/speech_to_text_interfaces/msg/detail/dds_fastrtps\n'}
[18.704119] (speech_to_text_interfaces) StdoutLine: {'line': b'-- Installing: /home/dredre/DevStuff/scrollDiary/speechToText/install/speech_to_text_interfaces/lib/libspeech_to_text_interfaces__rosidl_typesupport_fastrtps_cpp.so\n'}
[18.704241] (speech_to_text_interfaces) StdoutLine: {'line': b'-- Set non-toolchain portion of runtime path of "/home/dredre/DevStuff/scrollDiary/speechToText/install/speech_to_text_interfaces/lib/libspeech_to_text_interfaces__rosidl_typesupport_fastrtps_cpp.so" to ""\n'}
[18.704358] (speech_to_text_interfaces) StdoutLine: {'line': b'-- Up-to-date: /home/dredre/DevStuff/scrollDiary/speechToText/install/speech_to_text_interfaces/include/speech_to_text_interfaces/speech_to_text_interfaces\n'}
[18.704468] (speech_to_text_interfaces) StdoutLine: {'line': b'-- Up-to-date: /home/dredre/DevStuff/scrollDiary/speechToText/install/speech_to_text_interfaces/include/speech_to_text_interfaces/speech_to_text_interfaces/msg\n'}
[18.704842] (speech_to_text_interfaces) StdoutLine: {'line': b'-- Up-to-date: /home/dredre/DevStuff/scrollDiary/speechToText/install/speech_to_text_interfaces/include/speech_to_text_interfaces/speech_to_text_interfaces/msg/detail\n'}
[18.705182] (speech_to_text_interfaces) StdoutLine: {'line': b'-- Installing: /home/dredre/DevStuff/scrollDiary/speechToText/install/speech_to_text_interfaces/include/speech_to_text_interfaces/speech_to_text_interfaces/msg/detail/audio_stamped__rosidl_typesupport_introspection_cpp.hpp\n'}
[18.705395] (speech_to_text_interfaces) StdoutLine: {'line': b'-- Installing: /home/dredre/DevStuff/scrollDiary/speechToText/install/speech_to_text_interfaces/include/speech_to_text_interfaces/speech_to_text_interfaces/msg/detail/audio_stamped__type_support.cpp\n'}
[18.705640] (speech_to_text_interfaces) StdoutLine: {'line': b'-- Installing: /home/dredre/DevStuff/scrollDiary/speechToText/install/speech_to_text_interfaces/lib/libspeech_to_text_interfaces__rosidl_typesupport_introspection_cpp.so\n'}
[18.705767] (speech_to_text_interfaces) StdoutLine: {'line': b'-- Set non-toolchain portion of runtime path of "/home/dredre/DevStuff/scrollDiary/speechToText/install/speech_to_text_interfaces/lib/libspeech_to_text_interfaces__rosidl_typesupport_introspection_cpp.so" to ""\n'}
[18.705969] (speech_to_text_interfaces) StdoutLine: {'line': b'-- Installing: /home/dredre/DevStuff/scrollDiary/speechToText/install/speech_to_text_interfaces/lib/libspeech_to_text_interfaces__rosidl_typesupport_cpp.so\n'}
[18.706089] (speech_to_text_interfaces) StdoutLine: {'line': b'-- Set non-toolchain portion of runtime path of "/home/dredre/DevStuff/scrollDiary/speechToText/install/speech_to_text_interfaces/lib/libspeech_to_text_interfaces__rosidl_typesupport_cpp.so" to ""\n'}
[18.706227] (speech_to_text_interfaces) StdoutLine: {'line': b'-- Installing: /home/dredre/DevStuff/scrollDiary/speechToText/install/speech_to_text_interfaces/share/speech_to_text_interfaces/environment/pythonpath.sh\n'}
[18.706417] (speech_to_text_interfaces) StdoutLine: {'line': b'-- Installing: /home/dredre/DevStuff/scrollDiary/speechToText/install/speech_to_text_interfaces/share/speech_to_text_interfaces/environment/pythonpath.dsv\n'}
[18.706587] (speech_to_text_interfaces) StdoutLine: {'line': b'-- Installing: /home/dredre/DevStuff/scrollDiary/speechToText/install/speech_to_text_interfaces/lib/python3.12/site-packages/speech_to_text_interfaces-0.0.0-py3.12.egg-info\n'}
[18.706745] (speech_to_text_interfaces) StdoutLine: {'line': b'-- Installing: /home/dredre/DevStuff/scrollDiary/speechToText/install/speech_to_text_interfaces/lib/python3.12/site-packages/speech_to_text_interfaces-0.0.0-py3.12.egg-info/dependency_links.txt\n'}
[18.706856] (speech_to_text_interfaces) StdoutLine: {'line': b'-- Installing: /home/dredre/DevStuff/scrollDiary/speechToText/install/speech_to_text_interfaces/lib/python3.12/site-packages/speech_to_text_interfaces-0.0.0-py3.12.egg-info/top_level.txt\n'}
[18.706997] (speech_to_text_interfaces) StdoutLine: {'line': b'-- Installing: /home/dredre/DevStuff/scrollDiary/speechToText/install/speech_to_text_interfaces/lib/python3.12/site-packages/speech_to_text_interfaces-0.0.0-py3.12.egg-info/SOURCES.txt\n'}
[18.707103] (speech_to_text_interfaces) StdoutLine: {'line': b'-- Installing: /home/dredre/DevStuff/scrollDiary/speechToText/install/speech_to_text_interfaces/lib/python3.12/site-packages/speech_to_text_interfaces-0.0.0-py3.12.egg-info/PKG-INFO\n'}
[18.707209] (speech_to_text_interfaces) StdoutLine: {'line': b'-- Installing: /home/dredre/DevStuff/scrollDiary/speechToText/install/speech_to_text_interfaces/lib/python3.12/site-packages/speech_to_text_interfaces\n'}
[18.707302] (speech_to_text_interfaces) StdoutLine: {'line': b'-- Installing: /home/dredre/DevStuff/scrollDiary/speechToText/install/speech_to_text_interfaces/lib/python3.12/site-packages/speech_to_text_interfaces/_speech_to_text_interfaces_s.ep.rosidl_typesupport_fastrtps_c.c\n'}
[18.707403] (speech_to_text_interfaces) StdoutLine: {'line': b'-- Installing: /home/dredre/DevStuff/scrollDiary/speechToText/install/speech_to_text_interfaces/lib/python3.12/site-packages/speech_to_text_interfaces/_speech_to_text_interfaces_s.ep.rosidl_typesupport_introspection_c.c\n'}
[18.707500] (speech_to_text_interfaces) StdoutLine: {'line': b'-- Installing: /home/dredre/DevStuff/scrollDiary/speechToText/install/speech_to_text_interfaces/lib/python3.12/site-packages/speech_to_text_interfaces/speech_to_text_interfaces_s__rosidl_typesupport_c.so\n'}
[18.708021] (speech_to_text_interfaces) StdoutLine: {'line': b'-- Installing: /home/dredre/DevStuff/scrollDiary/speechToText/install/speech_to_text_interfaces/lib/python3.12/site-packages/speech_to_text_interfaces/msg\n'}
[18.708169] (speech_to_text_interfaces) StdoutLine: {'line': b'-- Installing: /home/dredre/DevStuff/scrollDiary/speechToText/install/speech_to_text_interfaces/lib/python3.12/site-packages/speech_to_text_interfaces/msg/_audio_stamped_s.c\n'}
[18.708290] (speech_to_text_interfaces) StdoutLine: {'line': b'-- Installing: /home/dredre/DevStuff/scrollDiary/speechToText/install/speech_to_text_interfaces/lib/python3.12/site-packages/speech_to_text_interfaces/msg/__init__.py\n'}
[18.708414] (speech_to_text_interfaces) StdoutLine: {'line': b'-- Installing: /home/dredre/DevStuff/scrollDiary/speechToText/install/speech_to_text_interfaces/lib/python3.12/site-packages/speech_to_text_interfaces/msg/_audio_stamped.py\n'}
[18.708538] (speech_to_text_interfaces) StdoutLine: {'line': b'-- Installing: /home/dredre/DevStuff/scrollDiary/speechToText/install/speech_to_text_interfaces/lib/python3.12/site-packages/speech_to_text_interfaces/__init__.py\n'}
[18.708670] (speech_to_text_interfaces) StdoutLine: {'line': b'-- Installing: /home/dredre/DevStuff/scrollDiary/speechToText/install/speech_to_text_interfaces/lib/python3.12/site-packages/speech_to_text_interfaces/speech_to_text_interfaces_s__rosidl_typesupport_introspection_c.so\n'}
[18.708772] (speech_to_text_interfaces) StdoutLine: {'line': b'-- Installing: /home/dredre/DevStuff/scrollDiary/speechToText/install/speech_to_text_interfaces/lib/python3.12/site-packages/speech_to_text_interfaces/speech_to_text_interfaces_s__rosidl_typesupport_fastrtps_c.so\n'}
[18.708872] (speech_to_text_interfaces) StdoutLine: {'line': b'-- Installing: /home/dredre/DevStuff/scrollDiary/speechToText/install/speech_to_text_interfaces/lib/python3.12/site-packages/speech_to_text_interfaces/_speech_to_text_interfaces_s.ep.rosidl_typesupport_c.c\n'}
[18.728918] (-) TimerEvent: {}
[18.804842] (speech_to_text_interfaces) StdoutLine: {'line': b"Listing '/home/dredre/DevStuff/scrollDiary/speechToText/install/speech_to_text_interfaces/lib/python3.12/site-packages/speech_to_text_interfaces'...\n"}
[18.805458] (speech_to_text_interfaces) StdoutLine: {'line': b"Compiling '/home/dredre/DevStuff/scrollDiary/speechToText/install/speech_to_text_interfaces/lib/python3.12/site-packages/speech_to_text_interfaces/__init__.py'...\n"}
[18.805932] (speech_to_text_interfaces) StdoutLine: {'line': b"Listing '/home/dredre/DevStuff/scrollDiary/speechToText/install/speech_to_text_interfaces/lib/python3.12/site-packages/speech_to_text_interfaces/msg'...\n"}
[18.806359] (speech_to_text_interfaces) StdoutLine: {'line': b"Compiling '/home/dredre/DevStuff/scrollDiary/speechToText/install/speech_to_text_interfaces/lib/python3.12/site-packages/speech_to_text_interfaces/msg/__init__.py'...\n"}
[18.806610] (speech_to_text_interfaces) StdoutLine: {'line': b"Compiling '/home/dredre/DevStuff/scrollDiary/speechToText/install/speech_to_text_interfaces/lib/python3.12/site-packages/speech_to_text_interfaces/msg/_audio_stamped.py'...\n"}
[18.824584] (speech_to_text_interfaces) StdoutLine: {'line': b'-- Installing: /home/dredre/DevStuff/scrollDiary/speechToText/install/speech_to_text_interfaces/lib/python3.12/site-packages/speech_to_text_interfaces/speech_to_text_interfaces_s__rosidl_typesupport_fastrtps_c.so\n'}
[18.825253] (speech_to_text_interfaces) StdoutLine: {'line': b'-- Set non-toolchain portion of runtime path of "/home/dredre/DevStuff/scrollDiary/speechToText/install/speech_to_text_interfaces/lib/python3.12/site-packages/speech_to_text_interfaces/speech_to_text_interfaces_s__rosidl_typesupport_fastrtps_c.so" to ""\n'}
[18.825715] (speech_to_text_interfaces) StdoutLine: {'line': b'-- Installing: /home/dredre/DevStuff/scrollDiary/speechToText/install/speech_to_text_interfaces/lib/python3.12/site-packages/speech_to_text_interfaces/speech_to_text_interfaces_s__rosidl_typesupport_introspection_c.so\n'}
[18.826382] (speech_to_text_interfaces) StdoutLine: {'line': b'-- Set non-toolchain portion of runtime path of "/home/dredre/DevStuff/scrollDiary/speechToText/install/speech_to_text_interfaces/lib/python3.12/site-packages/speech_to_text_interfaces/speech_to_text_interfaces_s__rosidl_typesupport_introspection_c.so" to ""\n'}
[18.827417] (speech_to_text_interfaces) StdoutLine: {'line': b'-- Installing: /home/dredre/DevStuff/scrollDiary/speechToText/install/speech_to_text_interfaces/lib/python3.12/site-packages/speech_to_text_interfaces/speech_to_text_interfaces_s__rosidl_typesupport_c.so\n'}
[18.828032] (speech_to_text_interfaces) StdoutLine: {'line': b'-- Set non-toolchain portion of runtime path of "/home/dredre/DevStuff/scrollDiary/speechToText/install/speech_to_text_interfaces/lib/python3.12/site-packages/speech_to_text_interfaces/speech_to_text_interfaces_s__rosidl_typesupport_c.so" to ""\n'}
[18.829195] (speech_to_text_interfaces) StdoutLine: {'line': b'-- Installing: /home/dredre/DevStuff/scrollDiary/speechToText/install/speech_to_text_interfaces/lib/libspeech_to_text_interfaces__rosidl_generator_py.so\n'}
[18.829570] (-) TimerEvent: {}
[18.830832] (speech_to_text_interfaces) StdoutLine: {'line': b'-- Set non-toolchain portion of runtime path of "/home/dredre/DevStuff/scrollDiary/speechToText/install/speech_to_text_interfaces/lib/libspeech_to_text_interfaces__rosidl_generator_py.so" to ""\n'}
[18.833886] (speech_to_text_interfaces) StdoutLine: {'line': b'-- Installing: /home/dredre/DevStuff/scrollDiary/speechToText/install/speech_to_text_interfaces/share/speech_to_text_interfaces/msg/AudioStamped.idl\n'}
[18.834298] (speech_to_text_interfaces) StdoutLine: {'line': b'-- Installing: /home/dredre/DevStuff/scrollDiary/speechToText/install/speech_to_text_interfaces/share/speech_to_text_interfaces/msg/AudioStamped.msg\n'}
[18.834437] (speech_to_text_interfaces) StdoutLine: {'line': b'-- Installing: /home/dredre/DevStuff/scrollDiary/speechToText/install/speech_to_text_interfaces/share/ament_index/resource_index/package_run_dependencies/speech_to_text_interfaces\n'}
[18.834630] (speech_to_text_interfaces) StdoutLine: {'line': b'-- Installing: /home/dredre/DevStuff/scrollDiary/speechToText/install/speech_to_text_interfaces/share/ament_index/resource_index/parent_prefix_path/speech_to_text_interfaces\n'}
[18.834786] (speech_to_text_interfaces) StdoutLine: {'line': b'-- Installing: /home/dredre/DevStuff/scrollDiary/speechToText/install/speech_to_text_interfaces/share/speech_to_text_interfaces/environment/ament_prefix_path.sh\n'}
[18.834951] (speech_to_text_interfaces) StdoutLine: {'line': b'-- Installing: /home/dredre/DevStuff/scrollDiary/speechToText/install/speech_to_text_interfaces/share/speech_to_text_interfaces/environment/ament_prefix_path.dsv\n'}
[18.835075] (speech_to_text_interfaces) StdoutLine: {'line': b'-- Installing: /home/dredre/DevStuff/scrollDiary/speechToText/install/speech_to_text_interfaces/share/speech_to_text_interfaces/environment/path.sh\n'}
[18.835200] (speech_to_text_interfaces) StdoutLine: {'line': b'-- Installing: /home/dredre/DevStuff/scrollDiary/speechToText/install/speech_to_text_interfaces/share/speech_to_text_interfaces/environment/path.dsv\n'}
[18.835339] (speech_to_text_interfaces) StdoutLine: {'line': b'-- Installing: /home/dredre/DevStuff/scrollDiary/speechToText/install/speech_to_text_interfaces/share/speech_to_text_interfaces/local_setup.bash\n'}
[18.835464] (speech_to_text_interfaces) StdoutLine: {'line': b'-- Installing: /home/dredre/DevStuff/scrollDiary/speechToText/install/speech_to_text_interfaces/share/speech_to_text_interfaces/local_setup.sh\n'}
[18.839658] (speech_to_text_interfaces) StdoutLine: {'line': b'-- Installing: /home/dredre/DevStuff/scrollDiary/speechToText/install/speech_to_text_interfaces/share/speech_to_text_interfaces/local_setup.zsh\n'}
[18.839925] (speech_to_text_interfaces) StdoutLine: {'line': b'-- Installing: /home/dredre/DevStuff/scrollDiary/speechToText/install/speech_to_text_interfaces/share/speech_to_text_interfaces/local_setup.dsv\n'}
[18.840164] (speech_to_text_interfaces) StdoutLine: {'line': b'-- Installing: /home/dredre/DevStuff/scrollDiary/speechToText/install/speech_to_text_interfaces/share/speech_to_text_interfaces/package.dsv\n'}
[18.840298] (speech_to_text_interfaces) StdoutLine: {'line': b'-- Installing: /home/dredre/DevStuff/scrollDiary/speechToText/install/speech_to_text_interfaces/share/ament_index/resource_index/packages/speech_to_text_interfaces\n'}
[18.840537] (speech_to_text_interfaces) StdoutLine: {'line': b'-- Installing: /home/dredre/DevStuff/scrollDiary/speechToText/install/speech_to_text_interfaces/share/speech_to_text_interfaces/cmake/export_speech_to_text_interfaces__rosidl_generator_cExport.cmake\n'}
[18.840708] (speech_to_text_interfaces) StdoutLine: {'line': b'-- Installing: /home/dredre/DevStuff/scrollDiary/speechToText/install/speech_to_text_interfaces/share/speech_to_text_interfaces/cmake/export_speech_to_text_interfaces__rosidl_generator_cExport-noconfig.cmake\n'}
[18.840844] (speech_to_text_interfaces) StdoutLine: {'line': b'-- Installing: /home/dredre/DevStuff/scrollDiary/speechToText/install/speech_to_text_interfaces/share/speech_to_text_interfaces/cmake/export_speech_to_text_interfaces__rosidl_typesupport_fastrtps_cExport.cmake\n'}
[18.843584] (speech_to_text_interfaces) StdoutLine: {'line': b'-- Installing: /home/dredre/DevStuff/scrollDiary/speechToText/install/speech_to_text_interfaces/share/speech_to_text_interfaces/cmake/export_speech_to_text_interfaces__rosidl_typesupport_fastrtps_cExport-noconfig.cmake\n'}
[18.843933] (speech_to_text_interfaces) StdoutLine: {'line': b'-- Installing: /home/dredre/DevStuff/scrollDiary/speechToText/install/speech_to_text_interfaces/share/speech_to_text_interfaces/cmake/speech_to_text_interfaces__rosidl_typesupport_introspection_cExport.cmake\n'}
[18.844079] (speech_to_text_interfaces) StdoutLine: {'line': b'-- Installing: /home/dredre/DevStuff/scrollDiary/speechToText/install/speech_to_text_interfaces/share/speech_to_text_interfaces/cmake/speech_to_text_interfaces__rosidl_typesupport_introspection_cExport-noconfig.cmake\n'}
[18.844367] (speech_to_text_interfaces) StdoutLine: {'line': b'-- Installing: /home/dredre/DevStuff/scrollDiary/speechToText/install/speech_to_text_interfaces/share/speech_to_text_interfaces/cmake/speech_to_text_interfaces__rosidl_typesupport_cExport.cmake\n'}
[18.845471] (speech_to_text_interfaces) StdoutLine: {'line': b'-- Installing: /home/dredre/DevStuff/scrollDiary/speechToText/install/speech_to_text_interfaces/share/speech_to_text_interfaces/cmake/speech_to_text_interfaces__rosidl_typesupport_cExport-noconfig.cmake\n'}
[18.847856] (speech_to_text_interfaces) StdoutLine: {'line': b'-- Installing: /home/dredre/DevStuff/scrollDiary/speechToText/install/speech_to_text_interfaces/share/speech_to_text_interfaces/cmake/export_speech_to_text_interfaces__rosidl_generator_cppExport.cmake\n'}
[18.851405] (speech_to_text_interfaces) StdoutLine: {'line': b'-- Installing: /home/dredre/DevStuff/scrollDiary/speechToText/install/speech_to_text_interfaces/share/speech_to_text_interfaces/cmake/export_speech_to_text_interfaces__rosidl_typesupport_fastrtps_cppExport.cmake\n'}
[18.851720] (speech_to_text_interfaces) StdoutLine: {'line': b'-- Installing: /home/dredre/DevStuff/scrollDiary/speechToText/install/speech_to_text_interfaces/share/speech_to_text_interfaces/cmake/export_speech_to_text_interfaces__rosidl_typesupport_fastrtps_cppExport-noconfig.cmake\n'}
[18.851852] (speech_to_text_interfaces) StdoutLine: {'line': b'-- Installing: /home/dredre/DevStuff/scrollDiary/speechToText/install/speech_to_text_interfaces/share/speech_to_text_interfaces/cmake/speech_to_text_interfaces__rosidl_typesupport_introspection_cppExport.cmake\n'}
[18.851961] (speech_to_text_interfaces) StdoutLine: {'line': b'-- Installing: /home/dredre/DevStuff/scrollDiary/speechToText/install/speech_to_text_interfaces/share/speech_to_text_interfaces/cmake/speech_to_text_interfaces__rosidl_typesupport_introspection_cppExport-noconfig.cmake\n'}
[18.852096] (speech_to_text_interfaces) StdoutLine: {'line': b'-- Installing: /home/dredre/DevStuff/scrollDiary/speechToText/install/speech_to_text_interfaces/share/speech_to_text_interfaces/cmake/speech_to_text_interfaces__rosidl_typesupport_cppExport.cmake\n'}
[18.852230] (speech_to_text_interfaces) StdoutLine: {'line': b'-- Installing: /home/dredre/DevStuff/scrollDiary/speechToText/install/speech_to_text_interfaces/share/speech_to_text_interfaces/cmake/speech_to_text_interfaces__rosidl_typesupport_cppExport-noconfig.cmake\n'}
[18.852346] (speech_to_text_interfaces) StdoutLine: {'line': b'-- Installing: /home/dredre/DevStuff/scrollDiary/speechToText/install/speech_to_text_interfaces/share/speech_to_text_interfaces/cmake/export_speech_to_text_interfaces__rosidl_generator_pyExport.cmake\n'}
[18.852484] (speech_to_text_interfaces) StdoutLine: {'line': b'-- Installing: /home/dredre/DevStuff/scrollDiary/speechToText/install/speech_to_text_interfaces/share/speech_to_text_interfaces/cmake/export_speech_to_text_interfaces__rosidl_generator_pyExport-noconfig.cmake\n'}
[18.852657] (speech_to_text_interfaces) StdoutLine: {'line': b'-- Installing: /home/dredre/DevStuff/scrollDiary/speechToText/install/speech_to_text_interfaces/share/speech_to_text_interfaces/cmake/rosidl_cmake-extras.cmake\n'}
[18.852794] (speech_to_text_interfaces) StdoutLine: {'line': b'-- Installing: /home/dredre/DevStuff/scrollDiary/speechToText/install/speech_to_text_interfaces/share/speech_to_text_interfaces/cmake/ament_cmake_export_include_directories-extras.cmake\n'}
[18.852909] (speech_to_text_interfaces) StdoutLine: {'line': b'-- Installing: /home/dredre/DevStuff/scrollDiary/speechToText/install/speech_to_text_interfaces/share/speech_to_text_interfaces/cmake/ament_cmake_export_libraries-extras.cmake\n'}
[18.853016] (speech_to_text_interfaces) StdoutLine: {'line': b'-- Installing: /home/dredre/DevStuff/scrollDiary/speechToText/install/speech_to_text_interfaces/share/speech_to_text_interfaces/cmake/ament_cmake_export_targets-extras.cmake\n'}
[18.853133] (speech_to_text_interfaces) StdoutLine: {'line': b'-- Installing: /home/dredre/DevStuff/scrollDiary/speechToText/install/speech_to_text_interfaces/share/speech_to_text_interfaces/cmake/rosidl_cmake_export_typesupport_targets-extras.cmake\n'}
[18.856445] (speech_to_text_interfaces) StdoutLine: {'line': b'-- Installing: /home/dredre/DevStuff/scrollDiary/speechToText/install/speech_to_text_interfaces/share/speech_to_text_interfaces/cmake/ament_cmake_export_dependencies-extras.cmake\n'}
[18.857717] (speech_to_text_interfaces) StdoutLine: {'line': b'-- Installing: /home/dredre/DevStuff/scrollDiary/speechToText/install/speech_to_text_interfaces/share/speech_to_text_interfaces/cmake/rosidl_cmake_export_typesupport_libraries-extras.cmake\n'}
[18.857907] (speech_to_text_interfaces) StdoutLine: {'line': b'-- Installing: /home/dredre/DevStuff/scrollDiary/speechToText/install/speech_to_text_interfaces/share/speech_to_text_interfaces/cmake/speech_to_text_interfacesConfig.cmake\n'}
[18.858013] (speech_to_text_interfaces) StdoutLine: {'line': b'-- Installing: /home/dredre/DevStuff/scrollDiary/speechToText/install/speech_to_text_interfaces/share/speech_to_text_interfaces/cmake/speech_to_text_interfacesConfig-version.cmake\n'}
[18.858103] (speech_to_text_interfaces) StdoutLine: {'line': b'-- Installing: /home/dredre/DevStuff/scrollDiary/speechToText/install/speech_to_text_interfaces/share/speech_to_text_interfaces/package.xml\n'}
[18.878863] (speech_to_text_interfaces) CommandEnded: {'returncode': 0}
[18.930241] (-) TimerEvent: {}
[18.942212] (speech_to_text_interfaces) JobEnded: {'identifier': 'speech_to_text_interfaces', 'rc': 0}
[18.943510] (speech_to_text_pkg) JobStarted: {'identifier': 'speech_to_text_pkg'}
[18.979199] (speech_to_text_pkg) JobProgress: {'identifier': 'speech_to_text_pkg', 'progress': 'cmake'}
[18.979290] (speech_to_text_pkg) Command: {'cmd': ['/usr/local/bin/cmake', '/home/dredre/DevStuff/scrollDiary/speechToText/ros2Workspace/src/speech_to_text_pkg', '-DCMAKE_INSTALL_PREFIX=/home/dredre/DevStuff/scrollDiary/speechToText/install/speech_to_text_pkg'], 'cwd': '/home/dredre/DevStuff/scrollDiary/speechToText/build/speech_to_text_pkg', 'env': OrderedDict({'LESSOPEN': '| /usr/bin/lesspipe %s', 'USER': 'dredre', 'GZ_CONFIG_PATH': '/opt/ros/jazzy/opt/sdformat_vendor/share/gz', 'XDG_SESSION_TYPE': 'wayland', 'CLUTTER_DISABLE_MIPMAPPED_TEXT': '1', 'SHLVL': '1', 'LD_LIBRARY_PATH': '/home/dredre/DevStuff/scrollDiary/speechToText/install/speech_to_text_interfaces/lib:/opt/ros/jazzy/opt/sdformat_vendor/lib:/opt/ros/jazzy/opt/rviz_ogre_vendor/lib:/opt/ros/jazzy/lib/aarch64-linux-gnu:/opt/ros/jazzy/opt/gz_math_vendor/lib:/opt/ros/jazzy/opt/gz_utils_vendor/lib:/opt/ros/jazzy/opt/gz_tools_vendor/lib:/opt/ros/jazzy/opt/gz_cmake_vendor/lib:/opt/ros/jazzy/lib', 'HOME': '/home/dredre', 'OLDPWD': '/home/dredre/DevStuff/scrollDiary/speechToText/speechToText', 'DESKTOP_SESSION': 'ubuntu', 'ROS_PYTHON_VERSION': '3', 'GNOME_SHELL_SESSION_MODE': 'ubuntu', 'GTK_MODULES': 'gail:atk-bridge', 'SYSTEMD_EXEC_PID': '2755', 'GSM_SKIP_SSH_AGENT_WORKAROUND': 'true', 'DBUS_SESSION_BUS_ADDRESS': 'unix:path=/run/user/1000/bus', 'COLORTERM': 'truecolor', 'DEBUGINFOD_URLS': 'https://debuginfod.ubuntu.com', 'IM_CONFIG_PHASE': '1', 'WAYLAND_DISPLAY': 'wayland-0', 'ROS_DISTRO': 'jazzy', 'LOGNAME': 'dredre', '_': '/usr/bin/colcon', 'ROS_VERSION': '2', 'MEMORY_PRESSURE_WATCH': '/sys/fs/cgroup/user.slice/user-1000.slice/user@1000.service/session.slice/org.gnome.Shell@wayland.service/memory.pressure', 'XDG_SESSION_CLASS': 'user', 'USERNAME': 'dredre', 'TERM': 'xterm-256color', 'GNOME_DESKTOP_SESSION_ID': 'this-is-deprecated', 'PATH': '/opt/ros/jazzy/opt/gz_tools_vendor/bin:/opt/ros/jazzy/bin:/home/dredre/.local/bin:/usr/local/sbin:/usr/local/bin:/usr/sbin:/usr/bin:/sbin:/bin:/usr/games:/usr/local/games:/snap/bin:/snap/bin:/home/dredre/.local/bin', 'SESSION_MANAGER': 'local/dredre-desktop:@/tmp/.ICE-unix/2723,unix/dredre-desktop:/tmp/.ICE-unix/2723', 'XDG_MENU_PREFIX': 'gnome-', 'GNOME_TERMINAL_SCREEN': '/org/gnome/Terminal/screen/715bc202_528e_4dd9_bd09_ecb7180209d0', 'GNOME_SETUP_DISPLAY': ':1', 'XDG_RUNTIME_DIR': '/run/user/1000', 'DISPLAY': ':0', 'LANG': 'C.UTF-8', 'XDG_CURRENT_DESKTOP': 'ubuntu:GNOME', 'XMODIFIERS': '@im=ibus', 'XDG_SESSION_DESKTOP': 'ubuntu', 'XAUTHORITY': '/run/user/1000/.mutter-Xwaylandauth.ASK4U3', 'LS_COLORS': 'rs=0:di=01;34:ln=01;36:mh=00:pi=40;33:so=01;35:do=01;35:bd=40;33;01:cd=40;33;01:or=40;31;01:mi=00:su=37;41:sg=30;43:ca=00:tw=30;42:ow=34;42:st=37;44:ex=01;32:*.tar=01;31:*.tgz=01;31:*.arc=01;31:*.arj=01;31:*.taz=01;31:*.lha=01;31:*.lz4=01;31:*.lzh=01;31:*.lzma=01;31:*.tlz=01;31:*.txz=01;31:*.tzo=01;31:*.t7z=01;31:*.zip=01;31:*.z=01;31:*.dz=01;31:*.gz=01;31:*.lrz=01;31:*.lz=01;31:*.lzo=01;31:*.xz=01;31:*.zst=01;31:*.tzst=01;31:*.bz2=01;31:*.bz=01;31:*.tbz=01;31:*.tbz2=01;31:*.tz=01;31:*.deb=01;31:*.rpm=01;31:*.jar=01;31:*.war=01;31:*.ear=01;31:*.sar=01;31:*.rar=01;31:*.alz=01;31:*.ace=01;31:*.zoo=01;31:*.cpio=01;31:*.7z=01;31:*.rz=01;31:*.cab=01;31:*.wim=01;31:*.swm=01;31:*.dwm=01;31:*.esd=01;31:*.avif=01;35:*.jpg=01;35:*.jpeg=01;35:*.mjpg=01;35:*.mjpeg=01;35:*.gif=01;35:*.bmp=01;35:*.pbm=01;35:*.pgm=01;35:*.ppm=01;35:*.tga=01;35:*.xbm=01;35:*.xpm=01;35:*.tif=01;35:*.tiff=01;35:*.png=01;35:*.svg=01;35:*.svgz=01;35:*.mng=01;35:*.pcx=01;35:*.mov=01;35:*.mpg=01;35:*.mpeg=01;35:*.m2v=01;35:*.mkv=01;35:*.webm=01;35:*.webp=01;35:*.ogm=01;35:*.mp4=01;35:*.m4v=01;35:*.mp4v=01;35:*.vob=01;35:*.qt=01;35:*.nuv=01;35:*.wmv=01;35:*.asf=01;35:*.rm=01;35:*.rmvb=01;35:*.flc=01;35:*.avi=01;35:*.fli=01;35:*.flv=01;35:*.gl=01;35:*.dl=01;35:*.xcf=01;35:*.xwd=01;35:*.yuv=01;35:*.cgm=01;35:*.emf=01;35:*.ogv=01;35:*.ogx=01;35:*.aac=00;36:*.au=00;36:*.flac=00;36:*.m4a=00;36:*.mid=00;36:*.midi=00;36:*.mka=00;36:*.mp3=00;36:*.mpc=00;36:*.ogg=00;36:*.ra=00;36:*.wav=00;36:*.oga=00;36:*.opus=00;36:*.spx=00;36:*.xspf=00;36:*~=00;90:*#=00;90:*.bak=00;90:*.crdownload=00;90:*.dpkg-dist=00;90:*.dpkg-new=00;90:*.dpkg-old=00;90:*.dpkg-tmp=00;90:*.old=00;90:*.orig=00;90:*.part=00;90:*.rej=00;90:*.rpmnew=00;90:*.rpmorig=00;90:*.rpmsave=00;90:*.swp=00;90:*.tmp=00;90:*.ucf-dist=00;90:*.ucf-new=00;90:*.ucf-old=00;90:', 'GNOME_TERMINAL_SERVICE': ':1.104', 'SSH_AUTH_SOCK': '/run/user/1000/keyring/ssh', 'ROS_DOMAIN_ID': '1', 'AMENT_PREFIX_PATH': '/home/dredre/DevStuff/scrollDiary/speechToText/install/speech_to_text_interfaces:/opt/ros/jazzy', 'SHELL': '/bin/bash', 'QT_ACCESSIBILITY': '1', 'GDMSESSION': 'ubuntu', 'LESSCLOSE': '/usr/bin/lesspipe %s %s', 'ROS_AUTOMATIC_DISCOVERY_RANGE': 'SUBNET', 'QT_IM_MODULE': 'ibus', 'PWD': '/home/dredre/DevStuff/scrollDiary/speechToText/build/speech_to_text_pkg', 'XDG_CONFIG_DIRS': '/etc/xdg/xdg-ubuntu:/etc/xdg', 'XDG_DATA_DIRS': '/usr/share/ubuntu:/usr/share/gnome:/usr/local/share/:/usr/share/:/var/lib/snapd/desktop', 'PYTHONPATH': '/home/dredre/DevStuff/scrollDiary/speechToText/install/speech_to_text_interfaces/lib/python3.12/site-packages:/opt/ros/jazzy/lib/python3.12/site-packages', 'COLCON': '1', 'MEMORY_PRESSURE_WRITE': 'c29tZSAyMDAwMDAgMjAwMDAwMAA=', 'VTE_VERSION': '7600', 'CMAKE_PREFIX_PATH': '/home/dredre/DevStuff/scrollDiary/speechToText/install/speech_to_text_interfaces:/opt/ros/jazzy/opt/sdformat_vendor:/opt/ros/jazzy/opt/gz_math_vendor:/opt/ros/jazzy/opt/gz_utils_vendor:/opt/ros/jazzy/opt/gz_tools_vendor:/opt/ros/jazzy/opt/gz_cmake_vendor:/opt/ros/jazzy'}), 'shell': False}
[18.988724] (speech_to_text_pkg) StderrLine: {'line': b'\x1b[0mCMake Deprecation Warning at CMakeLists.txt:1 (cmake_minimum_required):\n'}
[18.989062] (speech_to_text_pkg) StderrLine: {'line': b'  Compatibility with CMake < 3.10 will be removed from a future version of\n'}
[18.989181] (speech_to_text_pkg) StderrLine: {'line': b'  CMake.\n'}
[18.989271] (speech_to_text_pkg) StderrLine: {'line': b'\n'}
[18.989381] (speech_to_text_pkg) StderrLine: {'line': b'  Update the VERSION argument <min> value.  Or, use the <min>...<max> syntax\n'}
[18.989479] (speech_to_text_pkg) StderrLine: {'line': b'  to tell CMake that the project requires at least <min> but has been updated\n'}
[18.989624] (speech_to_text_pkg) StderrLine: {'line': b'  to work with policies introduced by <max> or earlier.\n'}
[18.989711] (speech_to_text_pkg) StderrLine: {'line': b'\n'}
[18.989787] (speech_to_text_pkg) StderrLine: {'line': b'\x1b[0m\n'}
[19.030400] (-) TimerEvent: {}
[19.128712] (speech_to_text_pkg) StdoutLine: {'line': b'-- The C compiler identification is GNU 14.2.0\n'}
[19.132623] (-) TimerEvent: {}
[19.233108] (-) TimerEvent: {}
[19.342852] (-) TimerEvent: {}
[19.438832] (speech_to_text_pkg) StdoutLine: {'line': b'-- The CXX compiler identification is GNU 13.3.0\n'}
[19.443360] (-) TimerEvent: {}
[19.473178] (speech_to_text_pkg) StdoutLine: {'line': b'-- Detecting C compiler ABI info\n'}
[19.543585] (-) TimerEvent: {}
[19.646819] (-) TimerEvent: {}
[19.668135] (speech_to_text_pkg) StdoutLine: {'line': b'-- Detecting C compiler ABI info - done\n'}
[19.715687] (speech_to_text_pkg) StdoutLine: {'line': b'-- Check for working C compiler: /usr/bin/cc - skipped\n'}
[19.717187] (speech_to_text_pkg) StdoutLine: {'line': b'-- Detecting C compile features\n'}
[19.719052] (speech_to_text_pkg) StdoutLine: {'line': b'-- Detecting C compile features - done\n'}
[19.748445] (-) TimerEvent: {}
[19.754666] (speech_to_text_pkg) StdoutLine: {'line': b'-- Detecting CXX compiler ABI info\n'}
[19.849553] (-) TimerEvent: {}
[19.951645] (-) TimerEvent: {}
[20.052646] (-) TimerEvent: {}
[20.059756] (speech_to_text_pkg) StdoutLine: {'line': b'-- Detecting CXX compiler ABI info - done\n'}
[20.097534] (speech_to_text_pkg) StdoutLine: {'line': b'-- Check for working CXX compiler: /usr/bin/c++ - skipped\n'}
[20.098563] (speech_to_text_pkg) StdoutLine: {'line': b'-- Detecting CXX compile features\n'}
[20.099900] (speech_to_text_pkg) StdoutLine: {'line': b'-- Detecting CXX compile features - done\n'}
[20.117325] (speech_to_text_pkg) StdoutLine: {'line': b'-- Found ament_cmake: 2.5.5 (/opt/ros/jazzy/share/ament_cmake/cmake)\n'}
[20.152769] (-) TimerEvent: {}
[20.254617] (-) TimerEvent: {}
[20.354993] (-) TimerEvent: {}
[20.455434] (-) TimerEvent: {}
[20.530887] (speech_to_text_pkg) StdoutLine: {'line': b'-- Found Python3: /usr/bin/python3 (found version "3.12.3") found components: Interpreter\n'}
[20.555597] (-) TimerEvent: {}
[20.657603] (-) TimerEvent: {}
[20.757945] (-) TimerEvent: {}
[20.799161] (speech_to_text_pkg) StdoutLine: {'line': b'-- Found rclcpp: 28.1.16 (/opt/ros/jazzy/share/rclcpp/cmake)\n'}
[20.858170] (-) TimerEvent: {}
[20.889086] (speech_to_text_pkg) StdoutLine: {'line': b'-- Found rosidl_generator_c: 4.6.7 (/opt/ros/jazzy/share/rosidl_generator_c/cmake)\n'}
[20.916421] (speech_to_text_pkg) StdoutLine: {'line': b'-- Found rosidl_generator_cpp: 4.6.7 (/opt/ros/jazzy/share/rosidl_generator_cpp/cmake)\n'}
[20.947590] (speech_to_text_pkg) StdoutLine: {'line': b'-- Using all available rosidl_typesupport_c: rosidl_typesupport_fastrtps_c;rosidl_typesupport_introspection_c\n'}
[20.958295] (-) TimerEvent: {}
[20.987959] (speech_to_text_pkg) StdoutLine: {'line': b'-- Using all available rosidl_typesupport_cpp: rosidl_typesupport_fastrtps_cpp;rosidl_typesupport_introspection_cpp\n'}
[21.058423] (-) TimerEvent: {}
[21.145596] (speech_to_text_pkg) StdoutLine: {'line': b'-- Found rmw_implementation_cmake: 7.3.3 (/opt/ros/jazzy/share/rmw_implementation_cmake/cmake)\n'}
[21.152160] (speech_to_text_pkg) StdoutLine: {'line': b'-- Found rmw_fastrtps_cpp: 8.4.3 (/opt/ros/jazzy/share/rmw_fastrtps_cpp/cmake)\n'}
[21.158579] (-) TimerEvent: {}
[21.259834] (-) TimerEvent: {}
[21.337804] (speech_to_text_pkg) StdoutLine: {'line': b'-- Found OpenSSL: /usr/lib/aarch64-linux-gnu/libcrypto.so (found version "3.0.13")\n'}
[21.359979] (-) TimerEvent: {}
[21.424395] (speech_to_text_pkg) StdoutLine: {'line': b'-- Found FastRTPS: /opt/ros/jazzy/include (Required is at least version "2.13")\n'}
[21.460110] (-) TimerEvent: {}
[21.468528] (speech_to_text_pkg) StdoutLine: {'line': b"-- Using RMW implementation 'rmw_fastrtps_cpp' as default\n"}
[21.562685] (-) TimerEvent: {}
[21.633678] (speech_to_text_pkg) StdoutLine: {'line': b'-- Found rclpy: 7.1.9 (/opt/ros/jazzy/share/rclpy/cmake)\n'}
[21.633957] (speech_to_text_pkg) StdoutLine: {'line': b'-- Found speech_to_text_interfaces: 0.0.0 (/home/dredre/DevStuff/scrollDiary/speechToText/install/speech_to_text_interfaces/share/speech_to_text_interfaces/cmake)\n'}
[21.654672] (speech_to_text_pkg) StdoutLine: {'line': b'-- Found std_msgs: 5.3.6 (/opt/ros/jazzy/share/std_msgs/cmake)\n'}
[21.662812] (-) TimerEvent: {}
[21.763214] (-) TimerEvent: {}
[21.863714] (-) TimerEvent: {}
[21.965224] (-) TimerEvent: {}
[22.068814] (-) TimerEvent: {}
[22.169318] (-) TimerEvent: {}
[22.269858] (-) TimerEvent: {}
[22.372046] (-) TimerEvent: {}
[22.472422] (-) TimerEvent: {}
[22.572840] (-) TimerEvent: {}
[22.673231] (-) TimerEvent: {}
[22.773635] (-) TimerEvent: {}
[22.874618] (-) TimerEvent: {}
[22.975019] (-) TimerEvent: {}
[23.075368] (-) TimerEvent: {}
[23.175890] (-) TimerEvent: {}
[23.276241] (-) TimerEvent: {}
[23.376934] (-) TimerEvent: {}
[23.478382] (-) TimerEvent: {}
[23.578783] (-) TimerEvent: {}
[23.679204] (-) TimerEvent: {}
[23.779572] (-) TimerEvent: {}
[23.880257] (-) TimerEvent: {}
[23.982825] (-) TimerEvent: {}
[24.083263] (-) TimerEvent: {}
[24.184324] (-) TimerEvent: {}
[24.284834] (-) TimerEvent: {}
[24.387842] (-) TimerEvent: {}
[24.490609] (-) TimerEvent: {}
[24.593196] (-) TimerEvent: {}
[24.693633] (-) TimerEvent: {}
[24.794049] (-) TimerEvent: {}
[24.894416] (-) TimerEvent: {}
[24.994765] (-) TimerEvent: {}
[25.095116] (-) TimerEvent: {}
[25.195537] (-) TimerEvent: {}
[25.295887] (-) TimerEvent: {}
[25.396274] (-) TimerEvent: {}
[25.496709] (-) TimerEvent: {}
[25.597063] (-) TimerEvent: {}
[25.697395] (-) TimerEvent: {}
[25.797883] (-) TimerEvent: {}
[25.898212] (-) TimerEvent: {}
[26.000596] (-) TimerEvent: {}
[26.101028] (-) TimerEvent: {}
[26.201427] (-) TimerEvent: {}
[26.301899] (-) TimerEvent: {}
[26.366421] (speechToText) StdoutLine: {'line': b'[ 31%] \x1b[32m\x1b[1mLinking CXX shared library libggml-base.so\x1b[0m\n'}
[26.402044] (-) TimerEvent: {}
[26.502468] (-) TimerEvent: {}
[26.596863] (speechToText) StdoutLine: {'line': b'[ 31%] Built target ggml-base\n'}
[26.602602] (-) TimerEvent: {}
[26.636058] (speechToText) StdoutLine: {'line': b'[ 37%] \x1b[32mBuilding C object whisperCXX/ggml/src/CMakeFiles/ggml-cpu.dir/ggml-cpu/ggml-cpu.c.o\x1b[0m\n'}
[26.636724] (speechToText) StdoutLine: {'line': b'[ 37%] \x1b[32mBuilding CXX object whisperCXX/ggml/src/CMakeFiles/ggml-cpu.dir/ggml-cpu/hbm.cpp.o\x1b[0m\n'}
[26.638971] (speechToText) StdoutLine: {'line': b'[ 40%] \x1b[32mBuilding CXX object whisperCXX/ggml/src/CMakeFiles/ggml-cpu.dir/ggml-cpu/ggml-cpu.cpp.o\x1b[0m\n'}
[26.639804] (speechToText) StdoutLine: {'line': b'[ 42%] \x1b[32mBuilding CXX object whisperCXX/ggml/src/CMakeFiles/ggml-cpu.dir/ggml-cpu/repack.cpp.o\x1b[0m\n'}
[26.700697] (speechToText) StdoutLine: {'line': b'[ 45%] \x1b[32mBuilding C object whisperCXX/ggml/src/CMakeFiles/ggml-cpu.dir/ggml-cpu/quants.c.o\x1b[0m\n'}
[26.703628] (-) TimerEvent: {}
[26.804200] (-) TimerEvent: {}
[26.907616] (-) TimerEvent: {}
[27.008030] (-) TimerEvent: {}
[27.109937] (-) TimerEvent: {}
[27.210381] (-) TimerEvent: {}
[27.310937] (-) TimerEvent: {}
[27.413598] (-) TimerEvent: {}
[27.515609] (-) TimerEvent: {}
[27.616024] (-) TimerEvent: {}
[27.716442] (-) TimerEvent: {}
[27.816899] (-) TimerEvent: {}
[27.920130] (-) TimerEvent: {}
[28.020574] (-) TimerEvent: {}
[28.120956] (-) TimerEvent: {}
[28.222571] (-) TimerEvent: {}
[28.327613] (-) TimerEvent: {}
[28.428184] (-) TimerEvent: {}
[28.528626] (-) TimerEvent: {}
[28.631646] (-) TimerEvent: {}
[28.732111] (-) TimerEvent: {}
[28.832475] (-) TimerEvent: {}
[28.932939] (-) TimerEvent: {}
[29.035602] (-) TimerEvent: {}
[29.135982] (-) TimerEvent: {}
[29.236442] (-) TimerEvent: {}
[29.342599] (-) TimerEvent: {}
[29.443059] (-) TimerEvent: {}
[29.543525] (-) TimerEvent: {}
[29.643925] (-) TimerEvent: {}
[29.744351] (-) TimerEvent: {}
[29.845509] (-) TimerEvent: {}
[29.948618] (-) TimerEvent: {}
[30.049166] (-) TimerEvent: {}
[30.150904] (-) TimerEvent: {}
[30.251346] (-) TimerEvent: {}
[30.352010] (-) TimerEvent: {}
[30.452681] (-) TimerEvent: {}
[30.553644] (-) TimerEvent: {}
[30.654160] (-) TimerEvent: {}
[30.672537] (speechToText) StdoutLine: {'line': b'[ 48%] \x1b[32mBuilding CXX object whisperCXX/ggml/src/CMakeFiles/ggml-cpu.dir/ggml-cpu/traits.cpp.o\x1b[0m\n'}
[30.756160] (-) TimerEvent: {}
[30.779070] (speechToText) StdoutLine: {'line': b'[ 51%] \x1b[32mBuilding CXX object whisperCXX/ggml/src/CMakeFiles/ggml-cpu.dir/ggml-cpu/amx/amx.cpp.o\x1b[0m\n'}
[30.858599] (-) TimerEvent: {}
[30.961619] (-) TimerEvent: {}
[31.062090] (-) TimerEvent: {}
[31.138716] (speechToText) StdoutLine: {'line': b'[ 54%] \x1b[32mBuilding CXX object whisperCXX/ggml/src/CMakeFiles/ggml-cpu.dir/ggml-cpu/amx/mmq.cpp.o\x1b[0m\n'}
[31.162216] (-) TimerEvent: {}
[31.262670] (-) TimerEvent: {}
[31.363802] (-) TimerEvent: {}
[31.467808] (-) TimerEvent: {}
[31.568264] (-) TimerEvent: {}
[31.668666] (-) TimerEvent: {}
[31.769256] (-) TimerEvent: {}
[31.874611] (-) TimerEvent: {}
[31.975022] (-) TimerEvent: {}
[32.075441] (-) TimerEvent: {}
[32.175885] (-) TimerEvent: {}
[32.276317] (-) TimerEvent: {}
[32.376779] (-) TimerEvent: {}
[32.454242] (speechToText) StdoutLine: {'line': b'[ 57%] \x1b[32mBuilding CXX object whisperCXX/ggml/src/CMakeFiles/ggml-cpu.dir/ggml-cpu/binary-ops.cpp.o\x1b[0m\n'}
[32.476912] (-) TimerEvent: {}
[32.574502] (speechToText) StdoutLine: {'line': b'[ 60%] \x1b[32mBuilding CXX object whisperCXX/ggml/src/CMakeFiles/ggml-cpu.dir/ggml-cpu/unary-ops.cpp.o\x1b[0m\n'}
[32.577469] (-) TimerEvent: {}
[32.683624] (-) TimerEvent: {}
[32.784063] (-) TimerEvent: {}
[32.857864] (speechToText) StdoutLine: {'line': b'[ 62%] \x1b[32mBuilding CXX object whisperCXX/ggml/src/CMakeFiles/ggml-cpu.dir/ggml-cpu/vec.cpp.o\x1b[0m\n'}
[32.884180] (-) TimerEvent: {}
[32.984663] (-) TimerEvent: {}
[33.088014] (-) TimerEvent: {}
[33.191690] (-) TimerEvent: {}
[33.292180] (-) TimerEvent: {}
[33.392738] (-) TimerEvent: {}
[33.493273] (-) TimerEvent: {}
[33.593832] (-) TimerEvent: {}
[33.698835] (-) TimerEvent: {}
[33.748574] (speech_to_text_pkg) StderrLine: {'line': b'\x1b[0mCMake Deprecation Warning at /home/dredre/DevStuff/scrollDiary/speechToText/build/speech_to_text_pkg/_deps/whisper-src/CMakeLists.txt:1 (cmake_minimum_required):\n'}
[33.748890] (speech_to_text_pkg) StderrLine: {'line': b'  Compatibility with CMake < 3.10 will be removed from a future version of\n'}
[33.749000] (speech_to_text_pkg) StderrLine: {'line': b'  CMake.\n'}
[33.749099] (speech_to_text_pkg) StderrLine: {'line': b'\n'}
[33.749194] (speech_to_text_pkg) StderrLine: {'line': b'  Update the VERSION argument <min> value.  Or, use the <min>...<max> syntax\n'}
[33.759628] (speech_to_text_pkg) StderrLine: {'line': b'  to tell CMake that the project requires at least <min> but has been updated\n'}
[33.759978] (speech_to_text_pkg) StderrLine: {'line': b'  to work with policies introduced by <max> or earlier.\n'}
[33.760128] (speech_to_text_pkg) StderrLine: {'line': b'\n'}
[33.760244] (speech_to_text_pkg) StderrLine: {'line': b'\x1b[0m\n'}
[33.764181] (speech_to_text_pkg) StdoutLine: {'line': b'-- Found Git: /usr/bin/git (found version "2.43.0")\n'}
[33.799003] (-) TimerEvent: {}
[33.901886] (-) TimerEvent: {}
[33.983484] (speech_to_text_pkg) StdoutLine: {'line': b'-- The ASM compiler identification is GNU\n'}
[33.992712] (speech_to_text_pkg) StdoutLine: {'line': b'-- Found assembler: /usr/bin/cc\n'}
[34.002029] (-) TimerEvent: {}
[34.102486] (-) TimerEvent: {}
[34.141562] (speech_to_text_pkg) StdoutLine: {'line': b'-- Performing Test CMAKE_HAVE_LIBC_PTHREAD\n'}
[34.207648] (-) TimerEvent: {}
[34.308095] (-) TimerEvent: {}
[34.408602] (-) TimerEvent: {}
[34.508969] (speech_to_text_pkg) StdoutLine: {'line': b'-- Performing Test CMAKE_HAVE_LIBC_PTHREAD - Success\n'}
[34.509287] (-) TimerEvent: {}
[34.517151] (speech_to_text_pkg) StdoutLine: {'line': b'-- Found Threads: TRUE\n'}
[34.554676] (speech_to_text_pkg) StdoutLine: {'line': b'-- Warning: ccache not found - consider installing it for faster compilation or disable this warning with GGML_CCACHE=OFF\n'}
[34.609477] (-) TimerEvent: {}
[34.682731] (speech_to_text_pkg) StdoutLine: {'line': b'-- CMAKE_SYSTEM_PROCESSOR: aarch64\n'}
[34.683038] (speech_to_text_pkg) StdoutLine: {'line': b'-- GGML_SYSTEM_ARCH: ARM\n'}
[34.693351] (speech_to_text_pkg) StdoutLine: {'line': b'-- Including CPU backend\n'}
[34.709604] (-) TimerEvent: {}
[34.740397] (speechToText) StdoutLine: {'line': b'[ 65%] \x1b[32mBuilding CXX object whisperCXX/ggml/src/CMakeFiles/ggml-cpu.dir/ggml-cpu/ops.cpp.o\x1b[0m\n'}
[34.813303] (-) TimerEvent: {}
[34.913732] (-) TimerEvent: {}
[35.016720] (-) TimerEvent: {}
[35.119645] (-) TimerEvent: {}
[35.220081] (-) TimerEvent: {}
[35.320540] (-) TimerEvent: {}
[35.420957] (-) TimerEvent: {}
[35.523612] (-) TimerEvent: {}
[35.624041] (-) TimerEvent: {}
[35.724474] (-) TimerEvent: {}
[35.824907] (-) TimerEvent: {}
[35.926629] (-) TimerEvent: {}
[36.027265] (-) TimerEvent: {}
[36.120219] (speech_to_text_pkg) StdoutLine: {'line': b'-- Found OpenMP_C: -fopenmp (found version "4.5")\n'}
[36.127376] (-) TimerEvent: {}
[36.229232] (-) TimerEvent: {}
[36.329708] (-) TimerEvent: {}
[36.430114] (-) TimerEvent: {}
[36.530684] (-) TimerEvent: {}
[36.627044] (speech_to_text_pkg) StdoutLine: {'line': b'-- Found OpenMP_CXX: -fopenmp (found version "4.5")\n'}
[36.629942] (speech_to_text_pkg) StdoutLine: {'line': b'-- Found OpenMP: TRUE (found version "4.5")\n'}
[36.630593] (speech_to_text_pkg) StdoutLine: {'line': b'-- ARM detected\n'}
[36.630834] (-) TimerEvent: {}
[36.636015] (speech_to_text_pkg) StdoutLine: {'line': b'-- Performing Test GGML_COMPILER_SUPPORTS_FP16_FORMAT_I3E\n'}
[36.731013] (-) TimerEvent: {}
[36.829652] (speech_to_text_pkg) StdoutLine: {'line': b'-- Performing Test GGML_COMPILER_SUPPORTS_FP16_FORMAT_I3E - Failed\n'}
[36.831153] (-) TimerEvent: {}
[36.892758] (speech_to_text_pkg) StdoutLine: {'line': b'-- ARM detected flags: -mcpu=cortex-a76+crc+crypto\n'}
[36.896218] (speech_to_text_pkg) StdoutLine: {'line': b'-- Performing Test GGML_MACHINE_SUPPORTS_dotprod\n'}
[36.931286] (-) TimerEvent: {}
[37.037620] (-) TimerEvent: {}
[37.138047] (-) TimerEvent: {}
[37.238567] (-) TimerEvent: {}
[37.339036] (-) TimerEvent: {}
[37.439485] (-) TimerEvent: {}
[37.545612] (-) TimerEvent: {}
[37.646053] (-) TimerEvent: {}
[37.746512] (-) TimerEvent: {}
[37.851856] (-) TimerEvent: {}
[37.952985] (-) TimerEvent: {}
[38.035264] (speech_to_text_pkg) StdoutLine: {'line': b'-- Performing Test GGML_MACHINE_SUPPORTS_dotprod - Success\n'}
[38.038725] (speech_to_text_pkg) StdoutLine: {'line': b'-- Performing Test GGML_MACHINE_SUPPORTS_i8mm\n'}
[38.055638] (-) TimerEvent: {}
[38.156158] (-) TimerEvent: {}
[38.259572] (-) TimerEvent: {}
[38.363894] (-) TimerEvent: {}
[38.464342] (-) TimerEvent: {}
[38.567979] (-) TimerEvent: {}
[38.668572] (-) TimerEvent: {}
[38.771819] (-) TimerEvent: {}
[38.872362] (-) TimerEvent: {}
[38.974624] (-) TimerEvent: {}
[39.077084] (-) TimerEvent: {}
[39.180647] (-) TimerEvent: {}
[39.281136] (-) TimerEvent: {}
[39.384401] (-) TimerEvent: {}
[39.484900] (-) TimerEvent: {}
[39.585412] (-) TimerEvent: {}
[39.685876] (-) TimerEvent: {}
[39.786309] (-) TimerEvent: {}
[39.889058] (-) TimerEvent: {}
[39.990620] (-) TimerEvent: {}
[40.091060] (-) TimerEvent: {}
[40.191589] (-) TimerEvent: {}
[40.293403] (-) TimerEvent: {}
[40.394637] (-) TimerEvent: {}
[40.495127] (-) TimerEvent: {}
[40.600408] (-) TimerEvent: {}
[40.700962] (-) TimerEvent: {}
[40.754831] (speechToText) StdoutLine: {'line': b'[ 68%] \x1b[32mBuilding C object whisperCXX/ggml/src/CMakeFiles/ggml-cpu.dir/ggml-cpu/arch/arm/quants.c.o\x1b[0m\n'}
[40.801667] (-) TimerEvent: {}
[40.904320] (-) TimerEvent: {}
[41.004826] (-) TimerEvent: {}
[41.021737] (speech_to_text_pkg) StdoutLine: {'line': b'-- Performing Test GGML_MACHINE_SUPPORTS_i8mm - Failed\n'}
[41.022449] (speech_to_text_pkg) StdoutLine: {'line': b'-- Performing Test GGML_MACHINE_SUPPORTS_noi8mm\n'}
[41.106630] (-) TimerEvent: {}
[41.209625] (-) TimerEvent: {}
[41.310094] (-) TimerEvent: {}
[41.410664] (-) TimerEvent: {}
[41.482801] (speech_to_text_pkg) StdoutLine: {'line': b'-- Performing Test GGML_MACHINE_SUPPORTS_noi8mm - Success\n'}
[41.483123] (speech_to_text_pkg) StdoutLine: {'line': b'-- Performing Test GGML_MACHINE_SUPPORTS_sve\n'}
[41.513619] (-) TimerEvent: {}
[41.614103] (-) TimerEvent: {}
[41.714590] (-) TimerEvent: {}
[41.815111] (-) TimerEvent: {}
[41.915601] (-) TimerEvent: {}
[42.016036] (-) TimerEvent: {}
[42.116489] (-) TimerEvent: {}
[42.216955] (-) TimerEvent: {}
[42.317377] (-) TimerEvent: {}
[42.420644] (-) TimerEvent: {}
[42.512478] (speechToText) StdoutLine: {'line': b'[ 71%] \x1b[32mBuilding CXX object whisperCXX/ggml/src/CMakeFiles/ggml-cpu.dir/ggml-cpu/arch/arm/repack.cpp.o\x1b[0m\n'}
[42.520771] (-) TimerEvent: {}
[42.623871] (-) TimerEvent: {}
[42.724320] (-) TimerEvent: {}
[42.824854] (-) TimerEvent: {}
[42.927624] (-) TimerEvent: {}
[43.028059] (-) TimerEvent: {}
[43.128508] (-) TimerEvent: {}
[43.229036] (-) TimerEvent: {}
[43.333784] (-) TimerEvent: {}
[43.413896] (speech_to_text_pkg) StdoutLine: {'line': b'-- Performing Test GGML_MACHINE_SUPPORTS_sve - Failed\n'}
[43.417837] (speech_to_text_pkg) StdoutLine: {'line': b'-- Performing Test GGML_MACHINE_SUPPORTS_nosve\n'}
[43.433956] (-) TimerEvent: {}
[43.536125] (-) TimerEvent: {}
[43.639161] (-) TimerEvent: {}
[43.676872] (speech_to_text_pkg) StdoutLine: {'line': b'-- Performing Test GGML_MACHINE_SUPPORTS_nosve - Success\n'}
[43.677222] (speech_to_text_pkg) StdoutLine: {'line': b'-- Performing Test GGML_MACHINE_SUPPORTS_sme\n'}
[43.740463] (-) TimerEvent: {}
[43.829025] (speech_to_text_pkg) StdoutLine: {'line': b'-- Performing Test GGML_MACHINE_SUPPORTS_sme - Failed\n'}
[43.829455] (speech_to_text_pkg) StdoutLine: {'line': b'-- Performing Test GGML_MACHINE_SUPPORTS_nosme\n'}
[43.840612] (-) TimerEvent: {}
[43.942202] (-) TimerEvent: {}
[44.023655] (speech_to_text_pkg) StdoutLine: {'line': b'-- Performing Test GGML_MACHINE_SUPPORTS_nosme - Failed\n'}
[44.024009] (speech_to_text_pkg) StdoutLine: {'line': b'-- Checking for ARM features using flags:\n'}
[44.024243] (speech_to_text_pkg) StdoutLine: {'line': b'--   -U__ARM_FEATURE_MATMUL_INT8\n'}
[44.025782] (speech_to_text_pkg) StdoutLine: {'line': b'--   -U__ARM_FEATURE_SVE\n'}
[44.026070] (speech_to_text_pkg) StdoutLine: {'line': b'--   -mcpu=cortex-a76+crc+crypto+dotprod+noi8mm+nosve\n'}
[44.026197] (speech_to_text_pkg) StdoutLine: {'line': b'-- Performing Test HAVE_DOTPROD\n'}
[44.043387] (-) TimerEvent: {}
[44.148626] (-) TimerEvent: {}
[44.250623] (-) TimerEvent: {}
[44.351054] (-) TimerEvent: {}
[44.451544] (-) TimerEvent: {}
[44.514800] (speech_to_text_pkg) StdoutLine: {'line': b'-- Performing Test HAVE_DOTPROD - Success\n'}
[44.515583] (speech_to_text_pkg) StdoutLine: {'line': b'-- Performing Test HAVE_SVE\n'}
[44.554673] (-) TimerEvent: {}
[44.655141] (-) TimerEvent: {}
[44.720296] (speech_to_text_pkg) StdoutLine: {'line': b'-- Performing Test HAVE_SVE - Failed\n'}
[44.720700] (speech_to_text_pkg) StdoutLine: {'line': b'-- Performing Test HAVE_MATMUL_INT8\n'}
[44.755293] (-) TimerEvent: {}
[44.856901] (-) TimerEvent: {}
[44.961834] (-) TimerEvent: {}
[44.970379] (speech_to_text_pkg) StdoutLine: {'line': b'-- Performing Test HAVE_MATMUL_INT8 - Failed\n'}
[44.970671] (speech_to_text_pkg) StdoutLine: {'line': b'-- Performing Test HAVE_FMA\n'}
[45.061975] (-) TimerEvent: {}
[45.165059] (-) TimerEvent: {}
[45.266733] (-) TimerEvent: {}
[45.367210] (-) TimerEvent: {}
[45.402123] (speech_to_text_pkg) StdoutLine: {'line': b'-- Performing Test HAVE_FMA - Success\n'}
[45.411568] (speech_to_text_pkg) StdoutLine: {'line': b'-- Performing Test HAVE_FP16_VECTOR_ARITHMETIC\n'}
[45.467342] (-) TimerEvent: {}
[45.567781] (-) TimerEvent: {}
[45.623992] (speech_to_text_pkg) StdoutLine: {'line': b'-- Performing Test HAVE_FP16_VECTOR_ARITHMETIC - Success\n'}
[45.624428] (speech_to_text_pkg) StdoutLine: {'line': b'-- Performing Test HAVE_SME\n'}
[45.667930] (-) TimerEvent: {}
[45.708768] (speech_to_text_pkg) StdoutLine: {'line': b'-- Performing Test HAVE_SME - Failed\n'}
[45.710005] (speech_to_text_pkg) StdoutLine: {'line': b'-- Adding CPU backend variant ggml-cpu: -U__ARM_FEATURE_MATMUL_INT8;-U__ARM_FEATURE_SVE;-mcpu=cortex-a76+crc+crypto+dotprod+noi8mm+nosve \n'}
[45.732616] (speech_to_text_pkg) StdoutLine: {'line': b'-- ggml version: 0.9.5\n'}
[45.733177] (speech_to_text_pkg) StdoutLine: {'line': b'-- ggml commit:  2eeeba56\n'}
[45.768030] (-) TimerEvent: {}
[45.868614] (-) TimerEvent: {}
[45.969037] (-) TimerEvent: {}
[46.018307] (speech_to_text_pkg) StdoutLine: {'line': b'-- Configuring done (27.0s)\n'}
[46.070417] (-) TimerEvent: {}
[46.123219] (speech_to_text_pkg) StdoutLine: {'line': b'-- Generating done (0.1s)\n'}
[46.136926] (speech_to_text_pkg) StdoutLine: {'line': b'-- Build files have been written to: /home/dredre/DevStuff/scrollDiary/speechToText/build/speech_to_text_pkg\n'}
[46.170630] (-) TimerEvent: {}
[46.175830] (speech_to_text_pkg) CommandEnded: {'returncode': 0}
[46.179591] (speech_to_text_pkg) JobProgress: {'identifier': 'speech_to_text_pkg', 'progress': 'build'}
[46.179697] (speech_to_text_pkg) Command: {'cmd': ['/usr/local/bin/cmake', '--build', '/home/dredre/DevStuff/scrollDiary/speechToText/build/speech_to_text_pkg', '--', '-j4', '-l4'], 'cwd': '/home/dredre/DevStuff/scrollDiary/speechToText/build/speech_to_text_pkg', 'env': OrderedDict({'LESSOPEN': '| /usr/bin/lesspipe %s', 'USER': 'dredre', 'GZ_CONFIG_PATH': '/opt/ros/jazzy/opt/sdformat_vendor/share/gz', 'XDG_SESSION_TYPE': 'wayland', 'CLUTTER_DISABLE_MIPMAPPED_TEXT': '1', 'SHLVL': '1', 'LD_LIBRARY_PATH': '/home/dredre/DevStuff/scrollDiary/speechToText/install/speech_to_text_interfaces/lib:/opt/ros/jazzy/opt/sdformat_vendor/lib:/opt/ros/jazzy/opt/rviz_ogre_vendor/lib:/opt/ros/jazzy/lib/aarch64-linux-gnu:/opt/ros/jazzy/opt/gz_math_vendor/lib:/opt/ros/jazzy/opt/gz_utils_vendor/lib:/opt/ros/jazzy/opt/gz_tools_vendor/lib:/opt/ros/jazzy/opt/gz_cmake_vendor/lib:/opt/ros/jazzy/lib', 'HOME': '/home/dredre', 'OLDPWD': '/home/dredre/DevStuff/scrollDiary/speechToText/speechToText', 'DESKTOP_SESSION': 'ubuntu', 'ROS_PYTHON_VERSION': '3', 'GNOME_SHELL_SESSION_MODE': 'ubuntu', 'GTK_MODULES': 'gail:atk-bridge', 'SYSTEMD_EXEC_PID': '2755', 'GSM_SKIP_SSH_AGENT_WORKAROUND': 'true', 'DBUS_SESSION_BUS_ADDRESS': 'unix:path=/run/user/1000/bus', 'COLORTERM': 'truecolor', 'DEBUGINFOD_URLS': 'https://debuginfod.ubuntu.com', 'IM_CONFIG_PHASE': '1', 'WAYLAND_DISPLAY': 'wayland-0', 'ROS_DISTRO': 'jazzy', 'LOGNAME': 'dredre', '_': '/usr/bin/colcon', 'ROS_VERSION': '2', 'MEMORY_PRESSURE_WATCH': '/sys/fs/cgroup/user.slice/user-1000.slice/user@1000.service/session.slice/org.gnome.Shell@wayland.service/memory.pressure', 'XDG_SESSION_CLASS': 'user', 'USERNAME': 'dredre', 'TERM': 'xterm-256color', 'GNOME_DESKTOP_SESSION_ID': 'this-is-deprecated', 'PATH': '/opt/ros/jazzy/opt/gz_tools_vendor/bin:/opt/ros/jazzy/bin:/home/dredre/.local/bin:/usr/local/sbin:/usr/local/bin:/usr/sbin:/usr/bin:/sbin:/bin:/usr/games:/usr/local/games:/snap/bin:/snap/bin:/home/dredre/.local/bin', 'SESSION_MANAGER': 'local/dredre-desktop:@/tmp/.ICE-unix/2723,unix/dredre-desktop:/tmp/.ICE-unix/2723', 'XDG_MENU_PREFIX': 'gnome-', 'GNOME_TERMINAL_SCREEN': '/org/gnome/Terminal/screen/715bc202_528e_4dd9_bd09_ecb7180209d0', 'GNOME_SETUP_DISPLAY': ':1', 'XDG_RUNTIME_DIR': '/run/user/1000', 'DISPLAY': ':0', 'LANG': 'C.UTF-8', 'XDG_CURRENT_DESKTOP': 'ubuntu:GNOME', 'XMODIFIERS': '@im=ibus', 'XDG_SESSION_DESKTOP': 'ubuntu', 'XAUTHORITY': '/run/user/1000/.mutter-Xwaylandauth.ASK4U3', 'LS_COLORS': 'rs=0:di=01;34:ln=01;36:mh=00:pi=40;33:so=01;35:do=01;35:bd=40;33;01:cd=40;33;01:or=40;31;01:mi=00:su=37;41:sg=30;43:ca=00:tw=30;42:ow=34;42:st=37;44:ex=01;32:*.tar=01;31:*.tgz=01;31:*.arc=01;31:*.arj=01;31:*.taz=01;31:*.lha=01;31:*.lz4=01;31:*.lzh=01;31:*.lzma=01;31:*.tlz=01;31:*.txz=01;31:*.tzo=01;31:*.t7z=01;31:*.zip=01;31:*.z=01;31:*.dz=01;31:*.gz=01;31:*.lrz=01;31:*.lz=01;31:*.lzo=01;31:*.xz=01;31:*.zst=01;31:*.tzst=01;31:*.bz2=01;31:*.bz=01;31:*.tbz=01;31:*.tbz2=01;31:*.tz=01;31:*.deb=01;31:*.rpm=01;31:*.jar=01;31:*.war=01;31:*.ear=01;31:*.sar=01;31:*.rar=01;31:*.alz=01;31:*.ace=01;31:*.zoo=01;31:*.cpio=01;31:*.7z=01;31:*.rz=01;31:*.cab=01;31:*.wim=01;31:*.swm=01;31:*.dwm=01;31:*.esd=01;31:*.avif=01;35:*.jpg=01;35:*.jpeg=01;35:*.mjpg=01;35:*.mjpeg=01;35:*.gif=01;35:*.bmp=01;35:*.pbm=01;35:*.pgm=01;35:*.ppm=01;35:*.tga=01;35:*.xbm=01;35:*.xpm=01;35:*.tif=01;35:*.tiff=01;35:*.png=01;35:*.svg=01;35:*.svgz=01;35:*.mng=01;35:*.pcx=01;35:*.mov=01;35:*.mpg=01;35:*.mpeg=01;35:*.m2v=01;35:*.mkv=01;35:*.webm=01;35:*.webp=01;35:*.ogm=01;35:*.mp4=01;35:*.m4v=01;35:*.mp4v=01;35:*.vob=01;35:*.qt=01;35:*.nuv=01;35:*.wmv=01;35:*.asf=01;35:*.rm=01;35:*.rmvb=01;35:*.flc=01;35:*.avi=01;35:*.fli=01;35:*.flv=01;35:*.gl=01;35:*.dl=01;35:*.xcf=01;35:*.xwd=01;35:*.yuv=01;35:*.cgm=01;35:*.emf=01;35:*.ogv=01;35:*.ogx=01;35:*.aac=00;36:*.au=00;36:*.flac=00;36:*.m4a=00;36:*.mid=00;36:*.midi=00;36:*.mka=00;36:*.mp3=00;36:*.mpc=00;36:*.ogg=00;36:*.ra=00;36:*.wav=00;36:*.oga=00;36:*.opus=00;36:*.spx=00;36:*.xspf=00;36:*~=00;90:*#=00;90:*.bak=00;90:*.crdownload=00;90:*.dpkg-dist=00;90:*.dpkg-new=00;90:*.dpkg-old=00;90:*.dpkg-tmp=00;90:*.old=00;90:*.orig=00;90:*.part=00;90:*.rej=00;90:*.rpmnew=00;90:*.rpmorig=00;90:*.rpmsave=00;90:*.swp=00;90:*.tmp=00;90:*.ucf-dist=00;90:*.ucf-new=00;90:*.ucf-old=00;90:', 'GNOME_TERMINAL_SERVICE': ':1.104', 'SSH_AUTH_SOCK': '/run/user/1000/keyring/ssh', 'ROS_DOMAIN_ID': '1', 'AMENT_PREFIX_PATH': '/home/dredre/DevStuff/scrollDiary/speechToText/install/speech_to_text_interfaces:/opt/ros/jazzy', 'SHELL': '/bin/bash', 'QT_ACCESSIBILITY': '1', 'GDMSESSION': 'ubuntu', 'LESSCLOSE': '/usr/bin/lesspipe %s %s', 'ROS_AUTOMATIC_DISCOVERY_RANGE': 'SUBNET', 'QT_IM_MODULE': 'ibus', 'PWD': '/home/dredre/DevStuff/scrollDiary/speechToText/build/speech_to_text_pkg', 'XDG_CONFIG_DIRS': '/etc/xdg/xdg-ubuntu:/etc/xdg', 'XDG_DATA_DIRS': '/usr/share/ubuntu:/usr/share/gnome:/usr/local/share/:/usr/share/:/var/lib/snapd/desktop', 'PYTHONPATH': '/home/dredre/DevStuff/scrollDiary/speechToText/install/speech_to_text_interfaces/lib/python3.12/site-packages:/opt/ros/jazzy/lib/python3.12/site-packages', 'COLCON': '1', 'MEMORY_PRESSURE_WRITE': 'c29tZSAyMDAwMDAgMjAwMDAwMAA=', 'VTE_VERSION': '7600', 'CMAKE_PREFIX_PATH': '/home/dredre/DevStuff/scrollDiary/speechToText/install/speech_to_text_interfaces:/opt/ros/jazzy/opt/sdformat_vendor:/opt/ros/jazzy/opt/gz_math_vendor:/opt/ros/jazzy/opt/gz_utils_vendor:/opt/ros/jazzy/opt/gz_tools_vendor:/opt/ros/jazzy/opt/gz_cmake_vendor:/opt/ros/jazzy'}), 'shell': False}
[46.252614] (speech_to_text_pkg) StdoutLine: {'line': b'[  2%] \x1b[32mBuilding CXX object CMakeFiles/audio_capture_node.dir/src/audioCaptureNode.cpp.o\x1b[0m\n'}
[46.254207] (speech_to_text_pkg) StdoutLine: {'line': b'[  5%] \x1b[32mBuilding CXX object CMakeFiles/audio_capture_node.dir/src/audioFunctions.cpp.o\x1b[0m\n'}
[46.255823] (speech_to_text_pkg) StdoutLine: {'line': b'[  8%] \x1b[32mBuilding C object _deps/whisper-build/ggml/src/CMakeFiles/ggml-base.dir/ggml.c.o\x1b[0m\n'}
[46.264905] (speech_to_text_pkg) StdoutLine: {'line': b'[ 11%] \x1b[32mBuilding CXX object CMakeFiles/transcription_pre_process_node.dir/src/whisperPreProcessNode.cpp.o\x1b[0m\n'}
[46.273615] (-) TimerEvent: {}
[46.374045] (-) TimerEvent: {}
[46.474454] (-) TimerEvent: {}
[46.577784] (-) TimerEvent: {}
[46.678243] (-) TimerEvent: {}
[46.781861] (-) TimerEvent: {}
[46.882280] (-) TimerEvent: {}
[46.987770] (-) TimerEvent: {}
[47.088295] (-) TimerEvent: {}
[47.188866] (-) TimerEvent: {}
[47.289420] (-) TimerEvent: {}
[47.392943] (-) TimerEvent: {}
[47.501615] (-) TimerEvent: {}
[47.602148] (-) TimerEvent: {}
[47.705635] (-) TimerEvent: {}
[47.806142] (-) TimerEvent: {}
[47.906637] (-) TimerEvent: {}
[48.007095] (-) TimerEvent: {}
[48.107549] (-) TimerEvent: {}
[48.210645] (-) TimerEvent: {}
[48.312633] (-) TimerEvent: {}
[48.413159] (-) TimerEvent: {}
[48.513631] (-) TimerEvent: {}
[48.615625] (-) TimerEvent: {}
[48.716098] (-) TimerEvent: {}
[48.818886] (-) TimerEvent: {}
[48.919342] (-) TimerEvent: {}
[49.019831] (-) TimerEvent: {}
[49.120317] (-) TimerEvent: {}
[49.222658] (-) TimerEvent: {}
[49.323230] (-) TimerEvent: {}
[49.423840] (-) TimerEvent: {}
[49.526037] (-) TimerEvent: {}
[49.627642] (-) TimerEvent: {}
[49.728120] (-) TimerEvent: {}
[49.830851] (-) TimerEvent: {}
[49.933805] (-) TimerEvent: {}
[50.036794] (-) TimerEvent: {}
[50.137224] (-) TimerEvent: {}
[50.243734] (-) TimerEvent: {}
[50.344246] (-) TimerEvent: {}
[50.444712] (-) TimerEvent: {}
[50.546649] (-) TimerEvent: {}
[50.647134] (-) TimerEvent: {}
[50.747577] (-) TimerEvent: {}
[50.848040] (-) TimerEvent: {}
[50.952652] (-) TimerEvent: {}
[51.053171] (-) TimerEvent: {}
[51.153628] (-) TimerEvent: {}
[51.254103] (-) TimerEvent: {}
[51.354596] (-) TimerEvent: {}
[51.455057] (-) TimerEvent: {}
[51.558013] (-) TimerEvent: {}
[51.658647] (-) TimerEvent: {}
[51.759473] (-) TimerEvent: {}
[51.861628] (-) TimerEvent: {}
[51.962092] (-) TimerEvent: {}
[52.064800] (-) TimerEvent: {}
[52.165274] (-) TimerEvent: {}
[52.265755] (-) TimerEvent: {}
[52.366276] (-) TimerEvent: {}
[52.466811] (-) TimerEvent: {}
[52.567297] (-) TimerEvent: {}
[52.673630] (-) TimerEvent: {}
[52.774069] (-) TimerEvent: {}
[52.874578] (-) TimerEvent: {}
[52.975025] (-) TimerEvent: {}
[53.076650] (-) TimerEvent: {}
[53.180044] (-) TimerEvent: {}
[53.281100] (-) TimerEvent: {}
[53.381582] (-) TimerEvent: {}
[53.484851] (-) TimerEvent: {}
[53.590622] (-) TimerEvent: {}
[53.691099] (-) TimerEvent: {}
[53.791615] (-) TimerEvent: {}
[53.892081] (-) TimerEvent: {}
[53.992594] (-) TimerEvent: {}
[54.095634] (-) TimerEvent: {}
[54.196136] (-) TimerEvent: {}
[54.207856] (speech_to_text_pkg) StdoutLine: {'line': b'[ 14%] \x1b[32mBuilding CXX object _deps/whisper-build/ggml/src/CMakeFiles/ggml-base.dir/ggml.cpp.o\x1b[0m\n'}
[54.296293] (-) TimerEvent: {}
[54.396734] (-) TimerEvent: {}
[54.500770] (-) TimerEvent: {}
[54.604623] (-) TimerEvent: {}
[54.705046] (-) TimerEvent: {}
[54.805494] (-) TimerEvent: {}
[54.906016] (-) TimerEvent: {}
[55.008620] (-) TimerEvent: {}
[55.109153] (-) TimerEvent: {}
[55.209627] (-) TimerEvent: {}
[55.313833] (-) TimerEvent: {}
[55.414321] (-) TimerEvent: {}
[55.514823] (-) TimerEvent: {}
[55.618895] (-) TimerEvent: {}
[55.719350] (-) TimerEvent: {}
[55.819857] (-) TimerEvent: {}
[55.899345] (speech_to_text_pkg) StderrLine: {'line': b'In file included from \x1b[01m\x1b[K/home/dredre/DevStuff/scrollDiary/speechToText/ros2Workspace/src/speech_to_text_pkg/include/speech_to_text_pkg/whisperPreProcess.hpp:9\x1b[m\x1b[K,\n'}
[55.899730] (speech_to_text_pkg) StderrLine: {'line': b'                 from \x1b[01m\x1b[K/home/dredre/DevStuff/scrollDiary/speechToText/ros2Workspace/src/speech_to_text_pkg/src/whisperPreProcessNode.cpp:1\x1b[m\x1b[K:\n'}
[55.899894] (speech_to_text_pkg) StderrLine: {'line': b'\x1b[01m\x1b[K/home/dredre/DevStuff/scrollDiary/speechToText/ros2Workspace/src/speech_to_text_pkg/src/vad.hpp:\x1b[m\x1b[K In constructor \xe2\x80\x98\x1b[01m\x1b[KLightweightVAD::\x1b[01;32m\x1b[KLightweightVAD\x1b[m\x1b[K(float, float, float, float, int)\x1b[m\x1b[K\xe2\x80\x99:\n'}
[55.900030] (speech_to_text_pkg) StderrLine: {'line': b'\x1b[01m\x1b[K/home/dredre/DevStuff/scrollDiary/speechToText/ros2Workspace/src/speech_to_text_pkg/src/vad.hpp:11:11:\x1b[m\x1b[K \x1b[01;35m\x1b[Kwarning: \x1b[m\x1b[K\xe2\x80\x98\x1b[01m\x1b[KLightweightVAD::noiseAdaptRate_\x1b[m\x1b[K\xe2\x80\x99 will be initialized after [\x1b[01;35m\x1b[K\x1b]8;;https://gcc.gnu.org/onlinedocs/gcc/Warning-Options.html#index-Wreorder\x07-Wreorder\x1b]8;;\x07\x1b[m\x1b[K]\n'}
[55.900175] (speech_to_text_pkg) StderrLine: {'line': b'   11 |     float \x1b[01;35m\x1b[KnoiseAdaptRate_\x1b[m\x1b[K;\n'}
[55.900299] (speech_to_text_pkg) StderrLine: {'line': b'      |           \x1b[01;35m\x1b[K^~~~~~~~~~~~~~~\x1b[m\x1b[K\n'}
[55.900406] (speech_to_text_pkg) StderrLine: {'line': b'\x1b[01m\x1b[K/home/dredre/DevStuff/scrollDiary/speechToText/ros2Workspace/src/speech_to_text_pkg/src/vad.hpp:10:11:\x1b[m\x1b[K \x1b[01;35m\x1b[Kwarning: \x1b[m\x1b[K  \xe2\x80\x98\x1b[01m\x1b[Kfloat LightweightVAD::speechMultiplier_\x1b[m\x1b[K\xe2\x80\x99 [\x1b[01;35m\x1b[K\x1b]8;;https://gcc.gnu.org/onlinedocs/gcc/Warning-Options.html#index-Wreorder\x07-Wreorder\x1b]8;;\x07\x1b[m\x1b[K]\n'}
[55.900550] (speech_to_text_pkg) StderrLine: {'line': b'   10 |     float \x1b[01;35m\x1b[KspeechMultiplier_\x1b[m\x1b[K;\n'}
[55.900695] (speech_to_text_pkg) StderrLine: {'line': b'      |           \x1b[01;35m\x1b[K^~~~~~~~~~~~~~~~~\x1b[m\x1b[K\n'}
[55.900815] (speech_to_text_pkg) StderrLine: {'line': b'\x1b[01m\x1b[K/home/dredre/DevStuff/scrollDiary/speechToText/ros2Workspace/src/speech_to_text_pkg/src/vad.hpp:18:5:\x1b[m\x1b[K \x1b[01;35m\x1b[Kwarning: \x1b[m\x1b[K  when initialized here [\x1b[01;35m\x1b[K\x1b]8;;https://gcc.gnu.org/onlinedocs/gcc/Warning-Options.html#index-Wreorder\x07-Wreorder\x1b]8;;\x07\x1b[m\x1b[K]\n'}
[55.900934] (speech_to_text_pkg) StderrLine: {'line': b'   18 |     \x1b[01;35m\x1b[KLightweightVAD\x1b[m\x1b[K(float noiseFloorIn = 0.01f, float noiseAdaptRateIn = 0.01f,\n'}
[55.901106] (speech_to_text_pkg) StderrLine: {'line': b'      |     \x1b[01;35m\x1b[K^~~~~~~~~~~~~~\x1b[m\x1b[K\n'}
[55.924622] (-) TimerEvent: {}
[56.025053] (-) TimerEvent: {}
[56.127711] (-) TimerEvent: {}
[56.228960] (-) TimerEvent: {}
[56.241913] (speech_to_text_pkg) StdoutLine: {'line': b'[ 17%] \x1b[32mBuilding C object _deps/whisper-build/ggml/src/CMakeFiles/ggml-base.dir/ggml-alloc.c.o\x1b[0m\n'}
[56.329272] (-) TimerEvent: {}
[56.429739] (-) TimerEvent: {}
[56.530211] (-) TimerEvent: {}
[56.634728] (-) TimerEvent: {}
[56.735187] (-) TimerEvent: {}
[56.835713] (-) TimerEvent: {}
[56.936243] (-) TimerEvent: {}
[57.036746] (-) TimerEvent: {}
[57.048733] (speech_to_text_pkg) StderrLine: {'line': b'In file included from \x1b[01m\x1b[K/home/dredre/DevStuff/scrollDiary/speechToText/ros2Workspace/src/speech_to_text_pkg/include/speech_to_text_pkg/audioCapture.hpp:10\x1b[m\x1b[K,\n'}
[57.049282] (speech_to_text_pkg) StderrLine: {'line': b'                 from \x1b[01m\x1b[K/home/dredre/DevStuff/scrollDiary/speechToText/ros2Workspace/src/speech_to_text_pkg/src/audioCaptureNode.cpp:1\x1b[m\x1b[K:\n'}
[57.055933] (speech_to_text_pkg) StderrLine: {'line': b'\x1b[01m\x1b[K/home/dredre/DevStuff/scrollDiary/speechToText/ros2Workspace/src/speech_to_text_pkg/src/vad.hpp:\x1b[m\x1b[K In constructor \xe2\x80\x98\x1b[01m\x1b[KLightweightVAD::\x1b[01;32m\x1b[KLightweightVAD\x1b[m\x1b[K(float, float, float, float, int)\x1b[m\x1b[K\xe2\x80\x99:\n'}
[57.056653] (speech_to_text_pkg) StderrLine: {'line': b'\x1b[01m\x1b[K/home/dredre/DevStuff/scrollDiary/speechToText/ros2Workspace/src/speech_to_text_pkg/src/vad.hpp:11:11:\x1b[m\x1b[K \x1b[01;35m\x1b[Kwarning: \x1b[m\x1b[K\xe2\x80\x98\x1b[01m\x1b[KLightweightVAD::noiseAdaptRate_\x1b[m\x1b[K\xe2\x80\x99 will be initialized after [\x1b[01;35m\x1b[K\x1b]8;;https://gcc.gnu.org/onlinedocs/gcc/Warning-Options.html#index-Wreorder\x07-Wreorder\x1b]8;;\x07\x1b[m\x1b[K]\n'}
[57.057138] (speech_to_text_pkg) StderrLine: {'line': b'   11 |     float \x1b[01;35m\x1b[KnoiseAdaptRate_\x1b[m\x1b[K;\n'}
[57.057341] (speech_to_text_pkg) StderrLine: {'line': b'      |           \x1b[01;35m\x1b[K^~~~~~~~~~~~~~~\x1b[m\x1b[K\n'}
[57.057704] (speech_to_text_pkg) StderrLine: {'line': b'\x1b[01m\x1b[K/home/dredre/DevStuff/scrollDiary/speechToText/ros2Workspace/src/speech_to_text_pkg/src/vad.hpp:10:11:\x1b[m\x1b[K \x1b[01;35m\x1b[Kwarning: \x1b[m\x1b[K  \xe2\x80\x98\x1b[01m\x1b[Kfloat LightweightVAD::speechMultiplier_\x1b[m\x1b[K\xe2\x80\x99 [\x1b[01;35m\x1b[K\x1b]8;;https://gcc.gnu.org/onlinedocs/gcc/Warning-Options.html#index-Wreorder\x07-Wreorder\x1b]8;;\x07\x1b[m\x1b[K]\n'}
[57.057893] (speech_to_text_pkg) StderrLine: {'line': b'   10 |     float \x1b[01;35m\x1b[KspeechMultiplier_\x1b[m\x1b[K;\n'}
[57.058069] (speech_to_text_pkg) StderrLine: {'line': b'      |           \x1b[01;35m\x1b[K^~~~~~~~~~~~~~~~~\x1b[m\x1b[K\n'}
[57.058224] (speech_to_text_pkg) StderrLine: {'line': b'\x1b[01m\x1b[K/home/dredre/DevStuff/scrollDiary/speechToText/ros2Workspace/src/speech_to_text_pkg/src/vad.hpp:18:5:\x1b[m\x1b[K \x1b[01;35m\x1b[Kwarning: \x1b[m\x1b[K  when initialized here [\x1b[01;35m\x1b[K\x1b]8;;https://gcc.gnu.org/onlinedocs/gcc/Warning-Options.html#index-Wreorder\x07-Wreorder\x1b]8;;\x07\x1b[m\x1b[K]\n'}
[57.058560] (speech_to_text_pkg) StderrLine: {'line': b'   18 |     \x1b[01;35m\x1b[KLightweightVAD\x1b[m\x1b[K(float noiseFloorIn = 0.01f, float noiseAdaptRateIn = 0.01f,\n'}
[57.058857] (speech_to_text_pkg) StderrLine: {'line': b'      |     \x1b[01;35m\x1b[K^~~~~~~~~~~~~~\x1b[m\x1b[K\n'}
[57.138645] (-) TimerEvent: {}
[57.239089] (-) TimerEvent: {}
[57.341636] (-) TimerEvent: {}
[57.443615] (-) TimerEvent: {}
[57.544761] (-) TimerEvent: {}
[57.645209] (-) TimerEvent: {}
[57.745724] (-) TimerEvent: {}
[57.851626] (-) TimerEvent: {}
[57.952092] (-) TimerEvent: {}
[58.052499] (-) TimerEvent: {}
[58.159612] (-) TimerEvent: {}
[58.262624] (-) TimerEvent: {}
[58.363097] (-) TimerEvent: {}
[58.463609] (-) TimerEvent: {}
[58.525079] (speech_to_text_pkg) StdoutLine: {'line': b'[ 20%] \x1b[32mBuilding CXX object _deps/whisper-build/ggml/src/CMakeFiles/ggml-base.dir/ggml-backend.cpp.o\x1b[0m\n'}
[58.563757] (-) TimerEvent: {}
[58.664239] (-) TimerEvent: {}
[58.767663] (-) TimerEvent: {}
[58.868110] (-) TimerEvent: {}
[58.968591] (-) TimerEvent: {}
[59.073628] (-) TimerEvent: {}
[59.174085] (-) TimerEvent: {}
[59.276627] (-) TimerEvent: {}
[59.377048] (-) TimerEvent: {}
[59.432762] (speech_to_text_pkg) StderrLine: {'line': b'In file included from \x1b[01m\x1b[K/home/dredre/DevStuff/scrollDiary/speechToText/ros2Workspace/src/speech_to_text_pkg/include/speech_to_text_pkg/audioCapture.hpp:10\x1b[m\x1b[K,\n'}
[59.433082] (speech_to_text_pkg) StderrLine: {'line': b'                 from \x1b[01m\x1b[K/home/dredre/DevStuff/scrollDiary/speechToText/ros2Workspace/src/speech_to_text_pkg/src/audioFunctions.cpp:3\x1b[m\x1b[K:\n'}
[59.433217] (speech_to_text_pkg) StderrLine: {'line': b'\x1b[01m\x1b[K/home/dredre/DevStuff/scrollDiary/speechToText/ros2Workspace/src/speech_to_text_pkg/src/vad.hpp:\x1b[m\x1b[K In constructor \xe2\x80\x98\x1b[01m\x1b[KLightweightVAD::\x1b[01;32m\x1b[KLightweightVAD\x1b[m\x1b[K(float, float, float, float, int)\x1b[m\x1b[K\xe2\x80\x99:\n'}
[59.433342] (speech_to_text_pkg) StderrLine: {'line': b'\x1b[01m\x1b[K/home/dredre/DevStuff/scrollDiary/speechToText/ros2Workspace/src/speech_to_text_pkg/src/vad.hpp:11:11:\x1b[m\x1b[K \x1b[01;35m\x1b[Kwarning: \x1b[m\x1b[K\xe2\x80\x98\x1b[01m\x1b[KLightweightVAD::noiseAdaptRate_\x1b[m\x1b[K\xe2\x80\x99 will be initialized after [\x1b[01;35m\x1b[K\x1b]8;;https://gcc.gnu.org/onlinedocs/gcc/Warning-Options.html#index-Wreorder\x07-Wreorder\x1b]8;;\x07\x1b[m\x1b[K]\n'}
[59.433463] (speech_to_text_pkg) StderrLine: {'line': b'   11 |     float \x1b[01;35m\x1b[KnoiseAdaptRate_\x1b[m\x1b[K;\n'}
[59.433641] (speech_to_text_pkg) StderrLine: {'line': b'      |           \x1b[01;35m\x1b[K^~~~~~~~~~~~~~~\x1b[m\x1b[K\n'}
[59.433763] (speech_to_text_pkg) StderrLine: {'line': b'\x1b[01m\x1b[K/home/dredre/DevStuff/scrollDiary/speechToText/ros2Workspace/src/speech_to_text_pkg/src/vad.hpp:10:11:\x1b[m\x1b[K \x1b[01;35m\x1b[Kwarning: \x1b[m\x1b[K  \xe2\x80\x98\x1b[01m\x1b[Kfloat LightweightVAD::speechMultiplier_\x1b[m\x1b[K\xe2\x80\x99 [\x1b[01;35m\x1b[K\x1b]8;;https://gcc.gnu.org/onlinedocs/gcc/Warning-Options.html#index-Wreorder\x07-Wreorder\x1b]8;;\x07\x1b[m\x1b[K]\n'}
[59.433880] (speech_to_text_pkg) StderrLine: {'line': b'   10 |     float \x1b[01;35m\x1b[KspeechMultiplier_\x1b[m\x1b[K;\n'}
[59.433990] (speech_to_text_pkg) StderrLine: {'line': b'      |           \x1b[01;35m\x1b[K^~~~~~~~~~~~~~~~~\x1b[m\x1b[K\n'}
[59.434099] (speech_to_text_pkg) StderrLine: {'line': b'\x1b[01m\x1b[K/home/dredre/DevStuff/scrollDiary/speechToText/ros2Workspace/src/speech_to_text_pkg/src/vad.hpp:18:5:\x1b[m\x1b[K \x1b[01;35m\x1b[Kwarning: \x1b[m\x1b[K  when initialized here [\x1b[01;35m\x1b[K\x1b]8;;https://gcc.gnu.org/onlinedocs/gcc/Warning-Options.html#index-Wreorder\x07-Wreorder\x1b]8;;\x07\x1b[m\x1b[K]\n'}
[59.434212] (speech_to_text_pkg) StderrLine: {'line': b'   18 |     \x1b[01;35m\x1b[KLightweightVAD\x1b[m\x1b[K(float noiseFloorIn = 0.01f, float noiseAdaptRateIn = 0.01f,\n'}
[59.434319] (speech_to_text_pkg) StderrLine: {'line': b'      |     \x1b[01;35m\x1b[K^~~~~~~~~~~~~~\x1b[m\x1b[K\n'}
[59.477178] (-) TimerEvent: {}
[59.580633] (-) TimerEvent: {}
[59.681080] (-) TimerEvent: {}
[59.781546] (-) TimerEvent: {}
[59.881977] (-) TimerEvent: {}
[59.984623] (-) TimerEvent: {}
[60.087628] (-) TimerEvent: {}
[60.188091] (-) TimerEvent: {}
[60.289647] (-) TimerEvent: {}
[60.392612] (-) TimerEvent: {}
[60.493154] (-) TimerEvent: {}
[60.594624] (-) TimerEvent: {}
[60.697650] (-) TimerEvent: {}
[60.799611] (-) TimerEvent: {}
[60.902617] (-) TimerEvent: {}
[61.003056] (-) TimerEvent: {}
[61.103555] (-) TimerEvent: {}
[61.204029] (-) TimerEvent: {}
[61.304503] (-) TimerEvent: {}
[61.405028] (-) TimerEvent: {}
[61.506628] (-) TimerEvent: {}
[61.609618] (-) TimerEvent: {}
[61.710045] (-) TimerEvent: {}
[61.813022] (-) TimerEvent: {}
[61.913537] (-) TimerEvent: {}
[62.014821] (-) TimerEvent: {}
[62.115295] (-) TimerEvent: {}
[62.218954] (-) TimerEvent: {}
[62.321964] (-) TimerEvent: {}
[62.422421] (-) TimerEvent: {}
[62.526831] (-) TimerEvent: {}
[62.632630] (-) TimerEvent: {}
[62.735618] (-) TimerEvent: {}
[62.836034] (-) TimerEvent: {}
[62.936461] (-) TimerEvent: {}
[63.036917] (-) TimerEvent: {}
[63.137426] (-) TimerEvent: {}
[63.240957] (-) TimerEvent: {}
[63.343610] (-) TimerEvent: {}
[63.444068] (-) TimerEvent: {}
[63.544598] (-) TimerEvent: {}
[63.645179] (-) TimerEvent: {}
[63.750186] (-) TimerEvent: {}
[63.853673] (-) TimerEvent: {}
[63.954148] (-) TimerEvent: {}
[64.034976] (speechToText) StdoutLine: {'line': b'[ 74%] \x1b[32m\x1b[1mLinking CXX shared library libggml-cpu.so\x1b[0m\n'}
[64.061084] (-) TimerEvent: {}
[64.163166] (-) TimerEvent: {}
[64.263735] (-) TimerEvent: {}
[64.364274] (-) TimerEvent: {}
[64.466800] (-) TimerEvent: {}
[64.567317] (-) TimerEvent: {}
[64.643905] (speechToText) StdoutLine: {'line': b'[ 74%] Built target ggml-cpu\n'}
[64.668698] (-) TimerEvent: {}
[64.717641] (speechToText) StdoutLine: {'line': b'[ 77%] \x1b[32mBuilding CXX object whisperCXX/ggml/src/CMakeFiles/ggml.dir/ggml-backend-reg.cpp.o\x1b[0m\n'}
[64.768831] (-) TimerEvent: {}
[64.871634] (-) TimerEvent: {}
[64.877847] (speech_to_text_pkg) StdoutLine: {'line': b'[ 22%] \x1b[32mBuilding CXX object _deps/whisper-build/ggml/src/CMakeFiles/ggml-base.dir/ggml-opt.cpp.o\x1b[0m\n'}
[64.971835] (-) TimerEvent: {}
[65.074982] (-) TimerEvent: {}
[65.177662] (-) TimerEvent: {}
[65.278190] (-) TimerEvent: {}
[65.382629] (-) TimerEvent: {}
[65.483131] (-) TimerEvent: {}
[65.583662] (-) TimerEvent: {}
[65.684127] (-) TimerEvent: {}
[65.787615] (-) TimerEvent: {}
[65.888054] (-) TimerEvent: {}
[65.992625] (-) TimerEvent: {}
[66.093105] (-) TimerEvent: {}
[66.193596] (-) TimerEvent: {}
[66.294054] (-) TimerEvent: {}
[66.394617] (-) TimerEvent: {}
[66.495034] (-) TimerEvent: {}
[66.595505] (-) TimerEvent: {}
[66.696637] (-) TimerEvent: {}
[66.797184] (-) TimerEvent: {}
[66.899223] (-) TimerEvent: {}
[67.000675] (-) TimerEvent: {}
[67.101152] (-) TimerEvent: {}
[67.201621] (-) TimerEvent: {}
[67.303612] (-) TimerEvent: {}
[67.404059] (-) TimerEvent: {}
[67.506936] (-) TimerEvent: {}
[67.607453] (-) TimerEvent: {}
[67.712673] (-) TimerEvent: {}
[67.813625] (-) TimerEvent: {}
[67.914197] (-) TimerEvent: {}
[68.017632] (-) TimerEvent: {}
[68.118131] (-) TimerEvent: {}
[68.218645] (-) TimerEvent: {}
[68.319155] (-) TimerEvent: {}
[68.419611] (-) TimerEvent: {}
[68.520029] (-) TimerEvent: {}
[68.620547] (-) TimerEvent: {}
[68.724650] (-) TimerEvent: {}
[68.825107] (-) TimerEvent: {}
[68.931616] (-) TimerEvent: {}
[69.032022] (-) TimerEvent: {}
[69.134637] (-) TimerEvent: {}
[69.237636] (-) TimerEvent: {}
[69.338113] (-) TimerEvent: {}
[69.438620] (-) TimerEvent: {}
[69.539142] (-) TimerEvent: {}
[69.639702] (-) TimerEvent: {}
[69.740185] (-) TimerEvent: {}
[69.844826] (-) TimerEvent: {}
[69.945311] (-) TimerEvent: {}
[69.971383] (speech_to_text_pkg) StdoutLine: {'line': b'[ 25%] \x1b[32mBuilding CXX object _deps/whisper-build/ggml/src/CMakeFiles/ggml-base.dir/ggml-threading.cpp.o\x1b[0m\n'}
[70.047616] (-) TimerEvent: {}
[70.148103] (-) TimerEvent: {}
[70.248589] (-) TimerEvent: {}
[70.349106] (-) TimerEvent: {}
[70.449614] (-) TimerEvent: {}
[70.553029] (-) TimerEvent: {}
[70.653559] (-) TimerEvent: {}
[70.723713] (speech_to_text_pkg) StdoutLine: {'line': b'[ 28%] \x1b[32mBuilding C object _deps/whisper-build/ggml/src/CMakeFiles/ggml-base.dir/ggml-quants.c.o\x1b[0m\n'}
[70.755676] (-) TimerEvent: {}
[70.856201] (-) TimerEvent: {}
[70.957978] (-) TimerEvent: {}
[71.061308] (-) TimerEvent: {}
[71.163618] (-) TimerEvent: {}
[71.264078] (-) TimerEvent: {}
[71.364620] (-) TimerEvent: {}
[71.465089] (-) TimerEvent: {}
[71.567113] (-) TimerEvent: {}
[71.670614] (-) TimerEvent: {}
[71.771819] (-) TimerEvent: {}
[71.874646] (-) TimerEvent: {}
[71.977947] (-) TimerEvent: {}
[72.078428] (-) TimerEvent: {}
[72.183844] (-) TimerEvent: {}
[72.252919] (speechToText) StdoutLine: {'line': b'[ 80%] \x1b[32m\x1b[1mLinking CXX shared library libggml.so\x1b[0m\n'}
[72.284005] (-) TimerEvent: {}
[72.384663] (-) TimerEvent: {}
[72.487848] (-) TimerEvent: {}
[72.588359] (-) TimerEvent: {}
[72.654644] (speechToText) StdoutLine: {'line': b'[ 80%] Built target ggml\n'}
[72.690670] (-) TimerEvent: {}
[72.711991] (speechToText) StdoutLine: {'line': b'[ 82%] \x1b[32mBuilding CXX object whisperCXX/src/CMakeFiles/whisper.dir/whisper.cpp.o\x1b[0m\n'}
[72.790824] (-) TimerEvent: {}
[72.891300] (-) TimerEvent: {}
[72.994975] (-) TimerEvent: {}
[73.095419] (-) TimerEvent: {}
[73.197622] (-) TimerEvent: {}
[73.298082] (-) TimerEvent: {}
[73.398557] (-) TimerEvent: {}
[73.498977] (-) TimerEvent: {}
[73.601630] (-) TimerEvent: {}
[73.702087] (-) TimerEvent: {}
[73.802553] (-) TimerEvent: {}
[73.903030] (-) TimerEvent: {}
[74.005627] (-) TimerEvent: {}
[74.107613] (-) TimerEvent: {}
[74.208052] (-) TimerEvent: {}
[74.311854] (-) TimerEvent: {}
[74.412293] (-) TimerEvent: {}
[74.512747] (-) TimerEvent: {}
[74.617038] (-) TimerEvent: {}
[74.717562] (-) TimerEvent: {}
[74.818023] (-) TimerEvent: {}
[74.918423] (-) TimerEvent: {}
[75.018891] (-) TimerEvent: {}
[75.119410] (-) TimerEvent: {}
[75.222874] (-) TimerEvent: {}
[75.323356] (-) TimerEvent: {}
[75.427805] (-) TimerEvent: {}
[75.530629] (-) TimerEvent: {}
[75.631090] (-) TimerEvent: {}
[75.731559] (-) TimerEvent: {}
[75.831977] (-) TimerEvent: {}
[75.932409] (-) TimerEvent: {}
[76.032874] (-) TimerEvent: {}
[76.133355] (-) TimerEvent: {}
[76.233871] (-) TimerEvent: {}
[76.336639] (-) TimerEvent: {}
[76.438633] (-) TimerEvent: {}
[76.539084] (-) TimerEvent: {}
[76.641720] (-) TimerEvent: {}
[76.743205] (-) TimerEvent: {}
[76.843722] (-) TimerEvent: {}
[76.950622] (-) TimerEvent: {}
[77.051133] (-) TimerEvent: {}
[77.151653] (-) TimerEvent: {}
[77.252122] (-) TimerEvent: {}
[77.355640] (-) TimerEvent: {}
[77.458629] (-) TimerEvent: {}
[77.559060] (-) TimerEvent: {}
[77.659641] (-) TimerEvent: {}
[77.762956] (-) TimerEvent: {}
[77.863395] (-) TimerEvent: {}
[77.963949] (-) TimerEvent: {}
[78.067882] (-) TimerEvent: {}
[78.171021] (-) TimerEvent: {}
[78.271634] (-) TimerEvent: {}
[78.372211] (-) TimerEvent: {}
[78.476071] (-) TimerEvent: {}
[78.579937] (-) TimerEvent: {}
[78.680482] (-) TimerEvent: {}
[78.780948] (-) TimerEvent: {}
[78.883633] (-) TimerEvent: {}
[78.984044] (-) TimerEvent: {}
[79.084615] (-) TimerEvent: {}
[79.186852] (-) TimerEvent: {}
[79.287400] (-) TimerEvent: {}
[79.391620] (-) TimerEvent: {}
[79.492136] (-) TimerEvent: {}
[79.592689] (-) TimerEvent: {}
[79.693215] (-) TimerEvent: {}
[79.794658] (-) TimerEvent: {}
[79.900626] (-) TimerEvent: {}
[80.001080] (-) TimerEvent: {}
[80.101605] (-) TimerEvent: {}
[80.202040] (-) TimerEvent: {}
[80.302557] (-) TimerEvent: {}
[80.405633] (-) TimerEvent: {}
[80.506094] (-) TimerEvent: {}
[80.606608] (-) TimerEvent: {}
[80.707078] (-) TimerEvent: {}
[80.807668] (-) TimerEvent: {}
[80.908320] (-) TimerEvent: {}
[81.008912] (-) TimerEvent: {}
[81.110862] (-) TimerEvent: {}
[81.213962] (-) TimerEvent: {}
[81.314392] (-) TimerEvent: {}
[81.414917] (-) TimerEvent: {}
[81.517625] (-) TimerEvent: {}
[81.618060] (-) TimerEvent: {}
[81.718498] (-) TimerEvent: {}
[81.821630] (-) TimerEvent: {}
[81.922083] (-) TimerEvent: {}
[82.022546] (-) TimerEvent: {}
[82.122998] (-) TimerEvent: {}
[82.223534] (-) TimerEvent: {}
[82.328027] (-) TimerEvent: {}
[82.428480] (-) TimerEvent: {}
[82.533861] (-) TimerEvent: {}
[82.634362] (-) TimerEvent: {}
[82.734840] (-) TimerEvent: {}
[82.838857] (-) TimerEvent: {}
[82.939349] (-) TimerEvent: {}
[83.039844] (-) TimerEvent: {}
[83.140279] (-) TimerEvent: {}
[83.242463] (-) TimerEvent: {}
[83.342943] (-) TimerEvent: {}
[83.445970] (-) TimerEvent: {}
[83.546437] (-) TimerEvent: {}
[83.649987] (-) TimerEvent: {}
[83.753027] (-) TimerEvent: {}
[83.856633] (-) TimerEvent: {}
[83.959996] (-) TimerEvent: {}
[84.060438] (-) TimerEvent: {}
[84.160918] (-) TimerEvent: {}
[84.261430] (-) TimerEvent: {}
[84.364625] (-) TimerEvent: {}
[84.465126] (-) TimerEvent: {}
[84.565622] (-) TimerEvent: {}
[84.666080] (-) TimerEvent: {}
[84.768698] (-) TimerEvent: {}
[84.869633] (-) TimerEvent: {}
[84.972043] (-) TimerEvent: {}
[85.072573] (-) TimerEvent: {}
[85.173010] (-) TimerEvent: {}
[85.275997] (-) TimerEvent: {}
[85.377624] (-) TimerEvent: {}
[85.478074] (-) TimerEvent: {}
[85.580647] (-) TimerEvent: {}
[85.681099] (-) TimerEvent: {}
[85.786628] (-) TimerEvent: {}
[85.887075] (-) TimerEvent: {}
[85.987547] (-) TimerEvent: {}
[86.088034] (-) TimerEvent: {}
[86.189887] (-) TimerEvent: {}
[86.290392] (-) TimerEvent: {}
[86.390864] (-) TimerEvent: {}
[86.495933] (-) TimerEvent: {}
[86.596368] (-) TimerEvent: {}
[86.696884] (-) TimerEvent: {}
[86.799897] (-) TimerEvent: {}
[86.900395] (-) TimerEvent: {}
[87.005622] (-) TimerEvent: {}
[87.106063] (-) TimerEvent: {}
[87.206587] (-) TimerEvent: {}
[87.307062] (-) TimerEvent: {}
[87.407715] (-) TimerEvent: {}
[87.508455] (-) TimerEvent: {}
[87.609176] (-) TimerEvent: {}
[87.712914] (-) TimerEvent: {}
[87.813372] (-) TimerEvent: {}
[87.918631] (-) TimerEvent: {}
[88.019139] (-) TimerEvent: {}
[88.119638] (-) TimerEvent: {}
[88.220130] (-) TimerEvent: {}
[88.320651] (-) TimerEvent: {}
[88.425779] (-) TimerEvent: {}
[88.526209] (-) TimerEvent: {}
[88.627640] (-) TimerEvent: {}
[88.728194] (-) TimerEvent: {}
[88.828713] (-) TimerEvent: {}
[88.929194] (-) TimerEvent: {}
[89.034094] (-) TimerEvent: {}
[89.134611] (-) TimerEvent: {}
[89.235140] (-) TimerEvent: {}
[89.339165] (-) TimerEvent: {}
[89.441625] (-) TimerEvent: {}
[89.542075] (-) TimerEvent: {}
[89.642567] (-) TimerEvent: {}
[89.743021] (-) TimerEvent: {}
[89.845637] (-) TimerEvent: {}
[89.946172] (-) TimerEvent: {}
[90.050002] (-) TimerEvent: {}
[90.150560] (-) TimerEvent: {}
[90.251082] (-) TimerEvent: {}
[90.351637] (-) TimerEvent: {}
[90.456683] (-) TimerEvent: {}
[90.557246] (-) TimerEvent: {}
[90.645509] (speech_to_text_pkg) StdoutLine: {'line': b'[ 31%] \x1b[32mBuilding CXX object _deps/whisper-build/ggml/src/CMakeFiles/ggml-base.dir/gguf.cpp.o\x1b[0m\n'}
[90.657389] (-) TimerEvent: {}
[90.757886] (-) TimerEvent: {}
[90.858389] (-) TimerEvent: {}
[90.960242] (-) TimerEvent: {}
[91.062584] (-) TimerEvent: {}
[91.165074] (-) TimerEvent: {}
[91.265570] (-) TimerEvent: {}
[91.366021] (-) TimerEvent: {}
[91.468635] (-) TimerEvent: {}
[91.569097] (-) TimerEvent: {}
[91.669584] (-) TimerEvent: {}
[91.770035] (-) TimerEvent: {}
[91.870482] (-) TimerEvent: {}
[91.974861] (-) TimerEvent: {}
[92.075350] (-) TimerEvent: {}
[92.176030] (-) TimerEvent: {}
[92.277162] (-) TimerEvent: {}
[92.379638] (-) TimerEvent: {}
[92.480125] (-) TimerEvent: {}
[92.580611] (-) TimerEvent: {}
[92.683619] (-) TimerEvent: {}
[92.784054] (-) TimerEvent: {}
[92.884574] (-) TimerEvent: {}
[92.985053] (-) TimerEvent: {}
[93.088631] (-) TimerEvent: {}
[93.200683] (-) TimerEvent: {}
[93.306863] (-) TimerEvent: {}
[93.408628] (-) TimerEvent: {}
[93.509131] (-) TimerEvent: {}
[93.613618] (-) TimerEvent: {}
[93.714097] (-) TimerEvent: {}
[93.814680] (-) TimerEvent: {}
[93.915124] (-) TimerEvent: {}
[94.015585] (-) TimerEvent: {}
[94.118624] (-) TimerEvent: {}
[94.221624] (-) TimerEvent: {}
[94.324928] (-) TimerEvent: {}
[94.425437] (-) TimerEvent: {}
[94.525940] (-) TimerEvent: {}
[94.628800] (-) TimerEvent: {}
[94.729259] (-) TimerEvent: {}
[94.829761] (-) TimerEvent: {}
[94.930228] (-) TimerEvent: {}
[95.030726] (-) TimerEvent: {}
[95.133272] (-) TimerEvent: {}
[95.233748] (-) TimerEvent: {}
[95.336984] (-) TimerEvent: {}
[95.440837] (-) TimerEvent: {}
[95.541286] (-) TimerEvent: {}
[95.641762] (-) TimerEvent: {}
[95.745042] (-) TimerEvent: {}
[95.845488] (-) TimerEvent: {}
[95.945932] (-) TimerEvent: {}
[96.048930] (-) TimerEvent: {}
[96.149393] (-) TimerEvent: {}
[96.249928] (-) TimerEvent: {}
[96.352964] (-) TimerEvent: {}
[96.455633] (-) TimerEvent: {}
[96.556166] (-) TimerEvent: {}
[96.656696] (-) TimerEvent: {}
[96.757179] (-) TimerEvent: {}
[96.859623] (-) TimerEvent: {}
[96.960073] (-) TimerEvent: {}
[97.060562] (-) TimerEvent: {}
[97.161005] (-) TimerEvent: {}
[97.263183] (-) TimerEvent: {}
[97.363690] (-) TimerEvent: {}
[97.465636] (-) TimerEvent: {}
[97.566306] (-) TimerEvent: {}
[97.666839] (-) TimerEvent: {}
[97.768632] (-) TimerEvent: {}
[97.869123] (-) TimerEvent: {}
[97.971337] (-) TimerEvent: {}
[98.074005] (-) TimerEvent: {}
[98.174463] (-) TimerEvent: {}
[98.274915] (-) TimerEvent: {}
[98.376645] (-) TimerEvent: {}
[98.477143] (-) TimerEvent: {}
[98.581863] (-) TimerEvent: {}
[98.682325] (-) TimerEvent: {}
[98.782771] (-) TimerEvent: {}
[98.885614] (-) TimerEvent: {}
[98.986118] (-) TimerEvent: {}
[99.088893] (-) TimerEvent: {}
[99.189393] (-) TimerEvent: {}
[99.289863] (-) TimerEvent: {}
[99.392617] (-) TimerEvent: {}
[99.493066] (-) TimerEvent: {}
[99.593491] (-) TimerEvent: {}
[99.693916] (-) TimerEvent: {}
[99.794322] (-) TimerEvent: {}
[99.894785] (-) TimerEvent: {}
[99.998505] (-) TimerEvent: {}
[100.099041] (-) TimerEvent: {}
[100.201924] (-) TimerEvent: {}
[100.305845] (-) TimerEvent: {}
[100.406331] (-) TimerEvent: {}
[100.507456] (-) TimerEvent: {}
[100.610908] (-) TimerEvent: {}
[100.713619] (-) TimerEvent: {}
[100.814088] (-) TimerEvent: {}
[100.914593] (-) TimerEvent: {}
[101.015296] (-) TimerEvent: {}
[101.115801] (-) TimerEvent: {}
[101.217625] (-) TimerEvent: {}
[101.318130] (-) TimerEvent: {}
[101.418584] (-) TimerEvent: {}
[101.521819] (-) TimerEvent: {}
[101.622274] (-) TimerEvent: {}
[101.727910] (-) TimerEvent: {}
[101.828432] (-) TimerEvent: {}
[101.928907] (-) TimerEvent: {}
[102.032868] (-) TimerEvent: {}
[102.133333] (-) TimerEvent: {}
[102.233801] (-) TimerEvent: {}
[102.334265] (-) TimerEvent: {}
[102.434799] (-) TimerEvent: {}
[102.504628] (speech_to_text_pkg) StdoutLine: {'line': b'[ 34%] \x1b[32m\x1b[1mLinking CXX shared library libggml-base.so\x1b[0m\n'}
[102.534952] (-) TimerEvent: {}
[102.635415] (-) TimerEvent: {}
[102.737649] (-) TimerEvent: {}
[102.813909] (speech_to_text_pkg) StdoutLine: {'line': b'[ 34%] Built target ggml-base\n'}
[102.837804] (-) TimerEvent: {}
[102.938317] (-) TimerEvent: {}
[103.038811] (-) TimerEvent: {}
[103.139312] (-) TimerEvent: {}
[103.241612] (-) TimerEvent: {}
[103.345044] (-) TimerEvent: {}
[103.445565] (-) TimerEvent: {}
[103.546042] (-) TimerEvent: {}
[103.646563] (-) TimerEvent: {}
[103.747011] (-) TimerEvent: {}
[103.847565] (-) TimerEvent: {}
[103.951024] (-) TimerEvent: {}
[104.051493] (-) TimerEvent: {}
[104.151948] (-) TimerEvent: {}
[104.252475] (-) TimerEvent: {}
[104.357646] (-) TimerEvent: {}
[104.458892] (-) TimerEvent: {}
[104.559876] (-) TimerEvent: {}
[104.663772] (-) TimerEvent: {}
[104.691027] (speech_to_text_pkg) StdoutLine: {'line': b'[ 37%] \x1b[32m\x1b[1mLinking CXX executable transcription_pre_process_node\x1b[0m\n'}
[104.763914] (-) TimerEvent: {}
[104.864387] (-) TimerEvent: {}
[104.967644] (-) TimerEvent: {}
[105.068158] (-) TimerEvent: {}
[105.168636] (-) TimerEvent: {}
[105.272752] (-) TimerEvent: {}
[105.303932] (speech_to_text_pkg) StdoutLine: {'line': b'[ 37%] Built target transcription_pre_process_node\n'}
[105.372903] (-) TimerEvent: {}
[105.473539] (-) TimerEvent: {}
[105.576962] (-) TimerEvent: {}
[105.677367] (-) TimerEvent: {}
[105.777812] (-) TimerEvent: {}
[105.878237] (-) TimerEvent: {}
[105.981632] (-) TimerEvent: {}
[106.082018] (-) TimerEvent: {}
[106.182420] (-) TimerEvent: {}
[106.283617] (-) TimerEvent: {}
[106.383999] (-) TimerEvent: {}
[106.484407] (-) TimerEvent: {}
[106.587406] (-) TimerEvent: {}
[106.690906] (-) TimerEvent: {}
[106.791384] (-) TimerEvent: {}
[106.891837] (-) TimerEvent: {}
[106.994631] (-) TimerEvent: {}
[107.095061] (-) TimerEvent: {}
[107.197847] (-) TimerEvent: {}
[107.298237] (-) TimerEvent: {}
[107.398634] (-) TimerEvent: {}
[107.499109] (-) TimerEvent: {}
[107.599592] (-) TimerEvent: {}
[107.699994] (-) TimerEvent: {}
[107.800393] (-) TimerEvent: {}
[107.900879] (-) TimerEvent: {}
[108.001287] (-) TimerEvent: {}
[108.101735] (-) TimerEvent: {}
[108.202149] (-) TimerEvent: {}
[108.308627] (-) TimerEvent: {}
[108.409074] (-) TimerEvent: {}
[108.509486] (-) TimerEvent: {}
[108.609930] (-) TimerEvent: {}
[108.713838] (-) TimerEvent: {}
[108.814414] (-) TimerEvent: {}
[108.915235] (-) TimerEvent: {}
[109.020612] (-) TimerEvent: {}
[109.121062] (-) TimerEvent: {}
[109.221543] (-) TimerEvent: {}
[109.321944] (-) TimerEvent: {}
[109.422388] (-) TimerEvent: {}
[109.525926] (-) TimerEvent: {}
[109.626631] (-) TimerEvent: {}
[109.727352] (-) TimerEvent: {}
[109.827801] (-) TimerEvent: {}
[109.928230] (-) TimerEvent: {}
[110.028650] (-) TimerEvent: {}
[110.131914] (-) TimerEvent: {}
[110.232380] (-) TimerEvent: {}
[110.332800] (-) TimerEvent: {}
[110.433226] (-) TimerEvent: {}
[110.533686] (-) TimerEvent: {}
[110.634093] (-) TimerEvent: {}
[110.734556] (-) TimerEvent: {}
[110.837905] (-) TimerEvent: {}
[110.938343] (-) TimerEvent: {}
[111.038819] (-) TimerEvent: {}
[111.139234] (-) TimerEvent: {}
[111.240778] (-) TimerEvent: {}
[111.341214] (-) TimerEvent: {}
[111.441640] (-) TimerEvent: {}
[111.542033] (-) TimerEvent: {}
[111.642454] (-) TimerEvent: {}
[111.742902] (-) TimerEvent: {}
[111.843316] (-) TimerEvent: {}
[111.943785] (-) TimerEvent: {}
[112.044179] (-) TimerEvent: {}
[112.144589] (-) TimerEvent: {}
[112.244993] (-) TimerEvent: {}
[112.345391] (-) TimerEvent: {}
[112.445835] (-) TimerEvent: {}
[112.546237] (-) TimerEvent: {}
[112.646849] (-) TimerEvent: {}
[112.747275] (-) TimerEvent: {}
[112.847712] (-) TimerEvent: {}
[112.948128] (-) TimerEvent: {}
[113.048576] (-) TimerEvent: {}
[113.149040] (-) TimerEvent: {}
[113.249463] (-) TimerEvent: {}
[113.349880] (-) TimerEvent: {}
[113.450288] (-) TimerEvent: {}
[113.550727] (-) TimerEvent: {}
[113.651135] (-) TimerEvent: {}
[113.751550] (-) TimerEvent: {}
[113.851954] (-) TimerEvent: {}
[113.952365] (-) TimerEvent: {}
[114.052821] (-) TimerEvent: {}
[114.153280] (-) TimerEvent: {}
[114.253737] (-) TimerEvent: {}
[114.354162] (-) TimerEvent: {}
[114.454594] (-) TimerEvent: {}
[114.555026] (-) TimerEvent: {}
[114.655507] (-) TimerEvent: {}
[114.755915] (-) TimerEvent: {}
[114.857325] (-) TimerEvent: {}
[114.957823] (-) TimerEvent: {}
[115.058321] (-) TimerEvent: {}
[115.159051] (-) TimerEvent: {}
[115.259479] (-) TimerEvent: {}
[115.363036] (-) TimerEvent: {}
[115.463582] (-) TimerEvent: {}
[115.564027] (-) TimerEvent: {}
[115.664532] (-) TimerEvent: {}
[115.764991] (-) TimerEvent: {}
[115.865442] (-) TimerEvent: {}
[115.965866] (-) TimerEvent: {}
[116.066372] (-) TimerEvent: {}
[116.166841] (-) TimerEvent: {}
[116.267329] (-) TimerEvent: {}
[116.367800] (-) TimerEvent: {}
[116.468236] (-) TimerEvent: {}
[116.568655] (-) TimerEvent: {}
[116.669079] (-) TimerEvent: {}
[116.769500] (-) TimerEvent: {}
[116.869965] (-) TimerEvent: {}
[116.970387] (-) TimerEvent: {}
[117.071333] (-) TimerEvent: {}
[117.171739] (-) TimerEvent: {}
[117.272134] (-) TimerEvent: {}
[117.376384] (-) TimerEvent: {}
[117.380402] (speechToText) StdoutLine: {'line': b'[ 85%] \x1b[32m\x1b[1mLinking CXX shared library libwhisper.so\x1b[0m\n'}
[117.472727] (-) TimerEvent: {}
[117.573961] (-) TimerEvent: {}
[117.605484] (speechToText) StdoutLine: {'line': b'[ 85%] Built target whisper\n'}
[117.627717] (speechToText) StdoutLine: {'line': b'[ 88%] \x1b[32mBuilding CXX object CMakeFiles/speechToText.dir/src/main.cpp.o\x1b[0m\n'}
[117.674100] (-) TimerEvent: {}
[117.774615] (-) TimerEvent: {}
[117.875069] (-) TimerEvent: {}
[117.975563] (-) TimerEvent: {}
[118.076046] (-) TimerEvent: {}
[118.176468] (-) TimerEvent: {}
[118.279985] (-) TimerEvent: {}
[118.382990] (-) TimerEvent: {}
[118.483432] (-) TimerEvent: {}
[118.583899] (-) TimerEvent: {}
[118.684319] (-) TimerEvent: {}
[118.784777] (-) TimerEvent: {}
[118.885191] (-) TimerEvent: {}
[118.984268] (speechToText) StdoutLine: {'line': b'[ 91%] \x1b[32mBuilding CXX object CMakeFiles/speechToText.dir/src/speechToText.cpp.o\x1b[0m\n'}
[118.985295] (-) TimerEvent: {}
[119.089016] (-) TimerEvent: {}
[119.190194] (-) TimerEvent: {}
[119.294011] (-) TimerEvent: {}
[119.394462] (-) TimerEvent: {}
[119.494881] (-) TimerEvent: {}
[119.595293] (-) TimerEvent: {}
[119.695765] (-) TimerEvent: {}
[119.796185] (-) TimerEvent: {}
[119.896607] (-) TimerEvent: {}
[119.997032] (-) TimerEvent: {}
[120.069887] (speechToText) StderrLine: {'line': b'\x1b[01m\x1b[K/home/dredre/DevStuff/scrollDiary/speechToText/speechToText/src/speechToText.cpp:\x1b[m\x1b[K In constructor \xe2\x80\x98\x1b[01m\x1b[KSpeechToTextManager::\x1b[01;32m\x1b[KSpeechToTextManager\x1b[m\x1b[K(const std::string&)\x1b[m\x1b[K\xe2\x80\x99:\n'}
[120.070626] (speechToText) StderrLine: {'line': b'\x1b[01m\x1b[K/home/dredre/DevStuff/scrollDiary/speechToText/speechToText/src/speechToText.cpp:8:33:\x1b[m\x1b[K \x1b[01;35m\x1b[Kwarning: \x1b[m\x1b[K\xe2\x80\x98\x1b[01m\x1b[Kwhisper_context*\x1b[01;32m\x1b[K whisper_init_from_file\x1b[m\x1b[K(const char*)\x1b[m\x1b[K\xe2\x80\x99 is deprecated: use whisper_init_from_file_with_params instead [\x1b[01;35m\x1b[K\x1b]8;;https://gcc.gnu.org/onlinedocs/gcc/Warning-Options.html#index-Wdeprecated-declarations\x07-Wdeprecated-declarations\x1b]8;;\x07\x1b[m\x1b[K]\n'}
[120.070825] (speechToText) StderrLine: {'line': b'    8 |     ctx = \x1b[01;35m\x1b[Kwhisper_init_from_file(modelPath.c_str())\x1b[m\x1b[K;\n'}
[120.070983] (speechToText) StderrLine: {'line': b'      |           \x1b[01;35m\x1b[K~~~~~~~~~~~~~~~~~~~~~~^~~~~~~~~~~~~~~~~~~\x1b[m\x1b[K\n'}
[120.071126] (speechToText) StderrLine: {'line': b'In file included from \x1b[01m\x1b[K/home/dredre/DevStuff/scrollDiary/speechToText/speechToText/include/speechToText.hpp:3\x1b[m\x1b[K,\n'}
[120.071278] (speechToText) StderrLine: {'line': b'                 from \x1b[01m\x1b[K/home/dredre/DevStuff/scrollDiary/speechToText/speechToText/src/speechToText.cpp:1\x1b[m\x1b[K:\n'}
[120.071417] (speechToText) StderrLine: {'line': b'\x1b[01m\x1b[K/home/dredre/DevStuff/scrollDiary/speechToText/speechToText/whisperCXX/include/whisper.h:217:46:\x1b[m\x1b[K \x1b[01;36m\x1b[Knote: \x1b[m\x1b[Kdeclared here\n'}
[120.071583] (speechToText) StderrLine: {'line': b'  217 |         WHISPER_API struct whisper_context * \x1b[01;36m\x1b[Kwhisper_init_from_file\x1b[m\x1b[K(const char * path_model),\n'}
[120.071735] (speechToText) StderrLine: {'line': b'      |                                              \x1b[01;36m\x1b[K^~~~~~~~~~~~~~~~~~~~~~\x1b[m\x1b[K\n'}
[120.071878] (speechToText) StderrLine: {'line': b'\x1b[01m\x1b[K/home/dredre/DevStuff/scrollDiary/speechToText/speechToText/whisperCXX/include/whisper.h:12:44:\x1b[m\x1b[K \x1b[01;36m\x1b[Knote: \x1b[m\x1b[Kin definition of macro \xe2\x80\x98\x1b[01m\x1b[KWHISPER_DEPRECATED\x1b[m\x1b[K\xe2\x80\x99\n'}
[120.072047] (speechToText) StderrLine: {'line': b'   12 | #    define WHISPER_DEPRECATED(func, hint) \x1b[01;36m\x1b[Kfunc\x1b[m\x1b[K __attribute__((deprecated(hint)))\n'}
[120.072185] (speechToText) StderrLine: {'line': b'      |                                            \x1b[01;36m\x1b[K^~~~\x1b[m\x1b[K\n'}
[120.097169] (-) TimerEvent: {}
[120.200874] (-) TimerEvent: {}
[120.301288] (-) TimerEvent: {}
[120.401728] (-) TimerEvent: {}
[120.502147] (-) TimerEvent: {}
[120.602582] (-) TimerEvent: {}
[120.702976] (-) TimerEvent: {}
[120.803421] (-) TimerEvent: {}
[120.834106] (speechToText) StdoutLine: {'line': b'[ 94%] \x1b[32mBuilding CXX object CMakeFiles/speechToText.dir/src/transcription.cpp.o\x1b[0m\n'}
[120.903621] (-) TimerEvent: {}
[121.006121] (-) TimerEvent: {}
[121.107332] (-) TimerEvent: {}
[121.207822] (-) TimerEvent: {}
[121.308273] (-) TimerEvent: {}
[121.408724] (-) TimerEvent: {}
[121.509141] (-) TimerEvent: {}
[121.611780] (-) TimerEvent: {}
[121.712184] (-) TimerEvent: {}
[121.812612] (-) TimerEvent: {}
[121.833422] (speechToText) StdoutLine: {'line': b'[ 97%] \x1b[32mBuilding CXX object CMakeFiles/speechToText.dir/src/audio.cpp.o\x1b[0m\n'}
[121.912759] (-) TimerEvent: {}
[122.014898] (-) TimerEvent: {}
[122.116664] (-) TimerEvent: {}
[122.217127] (-) TimerEvent: {}
[122.317585] (-) TimerEvent: {}
[122.421818] (-) TimerEvent: {}
[122.522247] (-) TimerEvent: {}
[122.622718] (-) TimerEvent: {}
[122.723148] (-) TimerEvent: {}
[122.823511] (-) TimerEvent: {}
[122.923924] (-) TimerEvent: {}
[123.024366] (-) TimerEvent: {}
[123.127609] (-) TimerEvent: {}
[123.227976] (-) TimerEvent: {}
[123.328383] (-) TimerEvent: {}
[123.428788] (-) TimerEvent: {}
[123.529173] (-) TimerEvent: {}
[123.629554] (-) TimerEvent: {}
[123.729933] (-) TimerEvent: {}
[123.830334] (-) TimerEvent: {}
[123.933611] (-) TimerEvent: {}
[124.034003] (-) TimerEvent: {}
[124.134398] (-) TimerEvent: {}
[124.234776] (-) TimerEvent: {}
[124.335193] (-) TimerEvent: {}
[124.435629] (-) TimerEvent: {}
[124.536023] (-) TimerEvent: {}
[124.636441] (-) TimerEvent: {}
[124.739635] (-) TimerEvent: {}
[124.840098] (-) TimerEvent: {}
[124.940496] (-) TimerEvent: {}
[125.040922] (-) TimerEvent: {}
[125.141317] (-) TimerEvent: {}
[125.241742] (-) TimerEvent: {}
[125.342161] (-) TimerEvent: {}
[125.443598] (-) TimerEvent: {}
[125.543962] (-) TimerEvent: {}
[125.644327] (-) TimerEvent: {}
[125.744728] (-) TimerEvent: {}
[125.847684] (-) TimerEvent: {}
[125.916441] (speech_to_text_pkg) StdoutLine: {'line': b'[ 40%] \x1b[32m\x1b[1mLinking CXX executable audio_capture_node\x1b[0m\n'}
[125.947840] (-) TimerEvent: {}
[126.048336] (-) TimerEvent: {}
[126.148751] (-) TimerEvent: {}
[126.249145] (-) TimerEvent: {}
[126.280613] (speech_to_text_pkg) StdoutLine: {'line': b'[ 40%] Built target audio_capture_node\n'}
[126.303266] (speech_to_text_pkg) StdoutLine: {'line': b'[ 42%] \x1b[32mBuilding C object _deps/whisper-build/ggml/src/CMakeFiles/ggml-cpu.dir/ggml-cpu/ggml-cpu.c.o\x1b[0m\n'}
[126.351610] (-) TimerEvent: {}
[126.452023] (-) TimerEvent: {}
[126.552399] (-) TimerEvent: {}
[126.652794] (-) TimerEvent: {}
[126.753186] (-) TimerEvent: {}
[126.853572] (-) TimerEvent: {}
[126.953957] (-) TimerEvent: {}
[127.054638] (-) TimerEvent: {}
[127.155075] (-) TimerEvent: {}
[127.255549] (-) TimerEvent: {}
[127.357856] (-) TimerEvent: {}
[127.461112] (-) TimerEvent: {}
[127.563620] (-) TimerEvent: {}
[127.664040] (-) TimerEvent: {}
[127.764493] (-) TimerEvent: {}
[127.864966] (-) TimerEvent: {}
[127.965426] (-) TimerEvent: {}
[128.069037] (-) TimerEvent: {}
[128.169484] (-) TimerEvent: {}
[128.269912] (-) TimerEvent: {}
[128.370393] (-) TimerEvent: {}
[128.470842] (-) TimerEvent: {}
[128.500085] (speech_to_text_pkg) StdoutLine: {'line': b'[ 45%] \x1b[32mBuilding CXX object _deps/whisper-build/ggml/src/CMakeFiles/ggml-cpu.dir/ggml-cpu/hbm.cpp.o\x1b[0m\n'}
[128.537137] (speech_to_text_pkg) StdoutLine: {'line': b'[ 48%] \x1b[32mBuilding C object _deps/whisper-build/ggml/src/CMakeFiles/ggml-cpu.dir/ggml-cpu/quants.c.o\x1b[0m\n'}
[128.570984] (-) TimerEvent: {}
[128.673199] (-) TimerEvent: {}
[128.773613] (-) TimerEvent: {}
[128.876888] (-) TimerEvent: {}
[128.977309] (-) TimerEvent: {}
[129.078154] (-) TimerEvent: {}
[129.178795] (-) TimerEvent: {}
[129.279225] (-) TimerEvent: {}
[129.379707] (-) TimerEvent: {}
[129.480179] (-) TimerEvent: {}
[129.580752] (-) TimerEvent: {}
[129.681240] (-) TimerEvent: {}
[129.781660] (-) TimerEvent: {}
[129.882075] (-) TimerEvent: {}
[129.982479] (-) TimerEvent: {}
[130.082865] (-) TimerEvent: {}
[130.183246] (-) TimerEvent: {}
[130.283657] (-) TimerEvent: {}
[130.384107] (-) TimerEvent: {}
[130.484540] (-) TimerEvent: {}
[130.585025] (-) TimerEvent: {}
[130.688620] (-) TimerEvent: {}
[130.789087] (-) TimerEvent: {}
[130.889507] (-) TimerEvent: {}
[130.989927] (-) TimerEvent: {}
[131.090351] (-) TimerEvent: {}
[131.160655] (speech_to_text_pkg) StdoutLine: {'line': b'[ 51%] \x1b[32mBuilding CXX object _deps/whisper-build/ggml/src/CMakeFiles/ggml-cpu.dir/ggml-cpu/traits.cpp.o\x1b[0m\n'}
[131.190499] (-) TimerEvent: {}
[131.290975] (-) TimerEvent: {}
[131.391382] (-) TimerEvent: {}
[131.491845] (-) TimerEvent: {}
[131.592254] (-) TimerEvent: {}
[131.692708] (-) TimerEvent: {}
[131.793140] (-) TimerEvent: {}
[131.893618] (-) TimerEvent: {}
[131.994039] (-) TimerEvent: {}
[132.094448] (-) TimerEvent: {}
[132.154798] (speech_to_text_pkg) StdoutLine: {'line': b'[ 54%] \x1b[32mBuilding CXX object _deps/whisper-build/ggml/src/CMakeFiles/ggml-cpu.dir/ggml-cpu/amx/amx.cpp.o\x1b[0m\n'}
[132.194615] (-) TimerEvent: {}
[132.295055] (-) TimerEvent: {}
[132.395489] (-) TimerEvent: {}
[132.496056] (-) TimerEvent: {}
[132.596475] (-) TimerEvent: {}
[132.696948] (-) TimerEvent: {}
[132.797480] (-) TimerEvent: {}
[132.898071] (-) TimerEvent: {}
[132.998849] (-) TimerEvent: {}
[133.099384] (-) TimerEvent: {}
[133.199996] (-) TimerEvent: {}
[133.302893] (-) TimerEvent: {}
[133.366421] (speech_to_text_pkg) StdoutLine: {'line': b'[ 57%] \x1b[32mBuilding CXX object _deps/whisper-build/ggml/src/CMakeFiles/ggml-cpu.dir/ggml-cpu/amx/mmq.cpp.o\x1b[0m\n'}
[133.403040] (-) TimerEvent: {}
[133.505734] (-) TimerEvent: {}
[133.606419] (-) TimerEvent: {}
[133.707060] (-) TimerEvent: {}
[133.807500] (-) TimerEvent: {}
[133.908004] (-) TimerEvent: {}
[134.008571] (-) TimerEvent: {}
[134.109037] (-) TimerEvent: {}
[134.209510] (-) TimerEvent: {}
[134.311246] (-) TimerEvent: {}
[134.411647] (-) TimerEvent: {}
[134.512091] (-) TimerEvent: {}
[134.612560] (-) TimerEvent: {}
[134.644277] (speech_to_text_pkg) StdoutLine: {'line': b'[ 60%] \x1b[32mBuilding CXX object _deps/whisper-build/ggml/src/CMakeFiles/ggml-cpu.dir/ggml-cpu/binary-ops.cpp.o\x1b[0m\n'}
[134.712694] (-) TimerEvent: {}
[134.813123] (-) TimerEvent: {}
[134.913599] (-) TimerEvent: {}
[135.013996] (-) TimerEvent: {}
[135.114441] (-) TimerEvent: {}
[135.214872] (-) TimerEvent: {}
[135.315278] (-) TimerEvent: {}
[135.415711] (-) TimerEvent: {}
[135.516115] (-) TimerEvent: {}
[135.616584] (-) TimerEvent: {}
[135.717044] (-) TimerEvent: {}
[135.817462] (-) TimerEvent: {}
[135.917882] (-) TimerEvent: {}
[136.018305] (-) TimerEvent: {}
[136.118755] (-) TimerEvent: {}
[136.219173] (-) TimerEvent: {}
[136.319684] (-) TimerEvent: {}
[136.420150] (-) TimerEvent: {}
[136.520601] (-) TimerEvent: {}
[136.621007] (-) TimerEvent: {}
[136.721470] (-) TimerEvent: {}
[136.821922] (-) TimerEvent: {}
[136.922708] (-) TimerEvent: {}
[137.023112] (-) TimerEvent: {}
[137.123584] (-) TimerEvent: {}
[137.223992] (-) TimerEvent: {}
[137.324395] (-) TimerEvent: {}
[137.424805] (-) TimerEvent: {}
[137.525202] (-) TimerEvent: {}
[137.625834] (-) TimerEvent: {}
[137.726430] (-) TimerEvent: {}
[137.827152] (-) TimerEvent: {}
[137.927606] (-) TimerEvent: {}
[138.028107] (-) TimerEvent: {}
[138.128560] (-) TimerEvent: {}
[138.229115] (-) TimerEvent: {}
[138.329735] (-) TimerEvent: {}
[138.430280] (-) TimerEvent: {}
[138.530737] (-) TimerEvent: {}
[138.558255] (speech_to_text_pkg) StdoutLine: {'line': b'[ 62%] \x1b[32mBuilding CXX object _deps/whisper-build/ggml/src/CMakeFiles/ggml-cpu.dir/ggml-cpu/unary-ops.cpp.o\x1b[0m\n'}
[138.630874] (-) TimerEvent: {}
[138.731320] (-) TimerEvent: {}
[138.834866] (-) TimerEvent: {}
[138.935264] (-) TimerEvent: {}
[139.036730] (-) TimerEvent: {}
[139.137501] (-) TimerEvent: {}
[139.237928] (-) TimerEvent: {}
[139.338338] (-) TimerEvent: {}
[139.440994] (-) TimerEvent: {}
[139.541483] (-) TimerEvent: {}
[139.641906] (-) TimerEvent: {}
[139.742815] (-) TimerEvent: {}
[139.843226] (-) TimerEvent: {}
[139.943653] (-) TimerEvent: {}
[140.044087] (-) TimerEvent: {}
[140.144494] (-) TimerEvent: {}
[140.244935] (-) TimerEvent: {}
[140.345385] (-) TimerEvent: {}
[140.445811] (-) TimerEvent: {}
[140.546212] (-) TimerEvent: {}
[140.646647] (-) TimerEvent: {}
[140.747090] (-) TimerEvent: {}
[140.847552] (-) TimerEvent: {}
[140.948060] (-) TimerEvent: {}
[141.048585] (-) TimerEvent: {}
[141.149034] (-) TimerEvent: {}
[141.249637] (-) TimerEvent: {}
[141.350155] (-) TimerEvent: {}
[141.450601] (-) TimerEvent: {}
[141.551101] (-) TimerEvent: {}
[141.651552] (-) TimerEvent: {}
[141.751965] (-) TimerEvent: {}
[141.852367] (-) TimerEvent: {}
[141.952868] (-) TimerEvent: {}
[142.053635] (-) TimerEvent: {}
[142.156906] (-) TimerEvent: {}
[142.257316] (-) TimerEvent: {}
[142.357832] (-) TimerEvent: {}
[142.458428] (-) TimerEvent: {}
[142.558939] (-) TimerEvent: {}
[142.659431] (-) TimerEvent: {}
[142.759875] (-) TimerEvent: {}
[142.860302] (-) TimerEvent: {}
[142.960761] (-) TimerEvent: {}
[143.061189] (-) TimerEvent: {}
[143.161668] (-) TimerEvent: {}
[143.262326] (-) TimerEvent: {}
[143.366026] (-) TimerEvent: {}
[143.466797] (-) TimerEvent: {}
[143.567235] (-) TimerEvent: {}
[143.667653] (-) TimerEvent: {}
[143.768084] (-) TimerEvent: {}
[143.868537] (-) TimerEvent: {}
[143.968986] (-) TimerEvent: {}
[144.069430] (-) TimerEvent: {}
[144.170635] (-) TimerEvent: {}
[144.271095] (-) TimerEvent: {}
[144.372937] (-) TimerEvent: {}
[144.473534] (-) TimerEvent: {}
[144.573962] (-) TimerEvent: {}
[144.674425] (-) TimerEvent: {}
[144.741658] (speech_to_text_pkg) StdoutLine: {'line': b'[ 65%] \x1b[32mBuilding CXX object _deps/whisper-build/ggml/src/CMakeFiles/ggml-cpu.dir/ggml-cpu/vec.cpp.o\x1b[0m\n'}
[144.774572] (-) TimerEvent: {}
[144.875024] (-) TimerEvent: {}
[144.975442] (-) TimerEvent: {}
[145.075876] (-) TimerEvent: {}
[145.176267] (-) TimerEvent: {}
[145.276719] (-) TimerEvent: {}
[145.377125] (-) TimerEvent: {}
[145.477556] (-) TimerEvent: {}
[145.577969] (-) TimerEvent: {}
[145.678423] (-) TimerEvent: {}
[145.778867] (-) TimerEvent: {}
[145.879256] (-) TimerEvent: {}
[145.892438] (speech_to_text_pkg) StdoutLine: {'line': b'[ 68%] \x1b[32mBuilding CXX object _deps/whisper-build/ggml/src/CMakeFiles/ggml-cpu.dir/ggml-cpu/ops.cpp.o\x1b[0m\n'}
[145.979407] (-) TimerEvent: {}
[146.079804] (-) TimerEvent: {}
[146.180183] (-) TimerEvent: {}
[146.280585] (-) TimerEvent: {}
[146.381018] (-) TimerEvent: {}
[146.483614] (-) TimerEvent: {}
[146.583986] (-) TimerEvent: {}
[146.684368] (-) TimerEvent: {}
[146.784781] (-) TimerEvent: {}
[146.885179] (-) TimerEvent: {}
[146.985572] (-) TimerEvent: {}
[147.088617] (-) TimerEvent: {}
[147.189004] (-) TimerEvent: {}
[147.289389] (-) TimerEvent: {}
[147.389817] (-) TimerEvent: {}
[147.490189] (-) TimerEvent: {}
[147.590599] (-) TimerEvent: {}
[147.690993] (-) TimerEvent: {}
[147.791404] (-) TimerEvent: {}
[147.893625] (-) TimerEvent: {}
[147.994037] (-) TimerEvent: {}
[148.094489] (-) TimerEvent: {}
[148.194912] (-) TimerEvent: {}
[148.295380] (-) TimerEvent: {}
[148.395831] (-) TimerEvent: {}
[148.496261] (-) TimerEvent: {}
[148.596691] (-) TimerEvent: {}
[148.697111] (-) TimerEvent: {}
[148.797574] (-) TimerEvent: {}
[148.898014] (-) TimerEvent: {}
[148.998447] (-) TimerEvent: {}
[149.098932] (-) TimerEvent: {}
[149.199351] (-) TimerEvent: {}
[149.299763] (-) TimerEvent: {}
[149.400182] (-) TimerEvent: {}
[149.500615] (-) TimerEvent: {}
[149.601017] (-) TimerEvent: {}
[149.701456] (-) TimerEvent: {}
[149.801905] (-) TimerEvent: {}
[149.902307] (-) TimerEvent: {}
[150.002771] (-) TimerEvent: {}
[150.103206] (-) TimerEvent: {}
[150.203626] (-) TimerEvent: {}
[150.304049] (-) TimerEvent: {}
[150.405384] (-) TimerEvent: {}
[150.506041] (-) TimerEvent: {}
[150.606465] (-) TimerEvent: {}
[150.706888] (-) TimerEvent: {}
[150.807308] (-) TimerEvent: {}
[150.907762] (-) TimerEvent: {}
[151.008253] (-) TimerEvent: {}
[151.108713] (-) TimerEvent: {}
[151.209135] (-) TimerEvent: {}
[151.309609] (-) TimerEvent: {}
[151.410062] (-) TimerEvent: {}
[151.510587] (-) TimerEvent: {}
[151.611130] (-) TimerEvent: {}
[151.711652] (-) TimerEvent: {}
[151.812130] (-) TimerEvent: {}
[151.912630] (-) TimerEvent: {}
[152.013120] (-) TimerEvent: {}
[152.113557] (-) TimerEvent: {}
[152.213958] (-) TimerEvent: {}
[152.314370] (-) TimerEvent: {}
[152.414813] (-) TimerEvent: {}
[152.515305] (-) TimerEvent: {}
[152.615783] (-) TimerEvent: {}
[152.716219] (-) TimerEvent: {}
[152.816664] (-) TimerEvent: {}
[152.917095] (-) TimerEvent: {}
[153.017539] (-) TimerEvent: {}
[153.117939] (-) TimerEvent: {}
[153.218432] (-) TimerEvent: {}
[153.318906] (-) TimerEvent: {}
[153.419333] (-) TimerEvent: {}
[153.519774] (-) TimerEvent: {}
[153.620194] (-) TimerEvent: {}
[153.720627] (-) TimerEvent: {}
[153.821033] (-) TimerEvent: {}
[153.924956] (-) TimerEvent: {}
[154.025353] (-) TimerEvent: {}
[154.125832] (-) TimerEvent: {}
[154.226239] (-) TimerEvent: {}
[154.326655] (-) TimerEvent: {}
[154.427069] (-) TimerEvent: {}
[154.527541] (-) TimerEvent: {}
[154.627974] (-) TimerEvent: {}
[154.728467] (-) TimerEvent: {}
[154.831883] (-) TimerEvent: {}
[154.932346] (-) TimerEvent: {}
[155.032859] (-) TimerEvent: {}
[155.133275] (-) TimerEvent: {}
[155.233721] (-) TimerEvent: {}
[155.288839] (speechToText) StderrLine: {'line': b'In file included from \x1b[01m\x1b[K/home/dredre/DevStuff/scrollDiary/speechToText/speechToText/src/audio.cpp:4\x1b[m\x1b[K:\n'}
[155.289216] (speechToText) StderrLine: {'line': b'\x1b[01m\x1b[K/home/dredre/DevStuff/scrollDiary/speechToText/speechToText/whisperCXX/examples/miniaudio.h:\x1b[m\x1b[K In function \xe2\x80\x98\x1b[01m\x1b[Kvoid\x1b[01;32m\x1b[K ma_engine_node_process_pcm_frames__sound\x1b[m\x1b[K(ma_node*, const float**, ma_uint32*, float**, ma_uint32*)\x1b[m\x1b[K\xe2\x80\x99:\n'}
[155.289428] (speechToText) StderrLine: {'line': b'\x1b[01m\x1b[K/home/dredre/DevStuff/scrollDiary/speechToText/speechToText/whisperCXX/examples/miniaudio.h:14862:84:\x1b[m\x1b[K \x1b[01;35m\x1b[Kwarning: \x1b[m\x1b[K\xe2\x80\x98\x1b[01m\x1b[Klong unsigned int\x1b[01;32m\x1b[K __atomic_load_8\x1b[m\x1b[K(const volatile void*, int)\x1b[m\x1b[K\xe2\x80\x99 writing 8 bytes into a region of size 0 overflows the destination [\x1b[01;35m\x1b[K\x1b]8;;https://gcc.gnu.org/onlinedocs/gcc/Warning-Options.html#index-Wstringop-overflow=\x07-Wstringop-overflow=\x1b]8;;\x07\x1b[m\x1b[K]\n'}
[155.289625] (speechToText) StderrLine: {'line': b'14862 |     #define ma_atomic_load_explicit_64(dst, order)                  \x1b[01;35m\x1b[K__atomic_load_n(dst, order)\x1b[m\x1b[K\n'}
[155.289759] (speechToText) StderrLine: {'line': b'      |                                                                     \x1b[01;35m\x1b[K~~~~~~~~~~~~~~~^~~~~~~~~~~~\x1b[m\x1b[K\n'}
[155.289891] (speechToText) StderrLine: {'line': b'\x1b[01m\x1b[K/home/dredre/DevStuff/scrollDiary/speechToText/speechToText/whisperCXX/examples/miniaudio.h:15630:73:\x1b[m\x1b[K \x1b[01;36m\x1b[Knote: \x1b[m\x1b[Kin expansion of macro \xe2\x80\x98\x1b[01m\x1b[Kma_atomic_load_explicit_64\x1b[m\x1b[K\xe2\x80\x99\n'}
[155.290016] (speechToText) StderrLine: {'line': b'15630 | #define ma_atomic_load_64(ptr)                                          \x1b[01;36m\x1b[Kma_atomic_load_explicit_64\x1b[m\x1b[K(ptr, ma_atomic_memory_order_seq_cst)\n'}
[155.290126] (speechToText) StderrLine: {'line': b'      |                                                                         \x1b[01;36m\x1b[K^~~~~~~~~~~~~~~~~~~~~~~~~~\x1b[m\x1b[K\n'}
[155.290270] (speechToText) StderrLine: {'line': b'\x1b[01m\x1b[K/home/dredre/DevStuff/scrollDiary/speechToText/speechToText/whisperCXX/examples/miniaudio.h:75146:18:\x1b[m\x1b[K \x1b[01;36m\x1b[Knote: \x1b[m\x1b[Kin expansion of macro \xe2\x80\x98\x1b[01m\x1b[Kma_atomic_load_64\x1b[m\x1b[K\xe2\x80\x99\n'}
[155.290403] (speechToText) StderrLine: {'line': b'75146 |     seekTarget = \x1b[01;36m\x1b[Kma_atomic_load_64\x1b[m\x1b[K(&pSound->seekTarget);\n'}
[155.290530] (speechToText) StderrLine: {'line': b'      |                  \x1b[01;36m\x1b[K^~~~~~~~~~~~~~~~~\x1b[m\x1b[K\n'}
[155.290678] (speechToText) StderrLine: {'line': b'\x1b[01m\x1b[Kcc1plus:\x1b[m\x1b[K \x1b[01;36m\x1b[Knote: \x1b[m\x1b[Kdestination object is likely at address zero\n'}
[155.333875] (-) TimerEvent: {}
[155.434381] (-) TimerEvent: {}
[155.534821] (-) TimerEvent: {}
[155.635223] (-) TimerEvent: {}
[155.735643] (-) TimerEvent: {}
[155.836051] (-) TimerEvent: {}
[155.936531] (-) TimerEvent: {}
[156.036985] (-) TimerEvent: {}
[156.137398] (-) TimerEvent: {}
[156.237833] (-) TimerEvent: {}
[156.340967] (-) TimerEvent: {}
[156.441392] (-) TimerEvent: {}
[156.541843] (-) TimerEvent: {}
[156.642263] (-) TimerEvent: {}
[156.742765] (-) TimerEvent: {}
[156.843161] (-) TimerEvent: {}
[156.943596] (-) TimerEvent: {}
[157.044017] (-) TimerEvent: {}
[157.144622] (-) TimerEvent: {}
[157.245013] (-) TimerEvent: {}
[157.345439] (-) TimerEvent: {}
[157.445912] (-) TimerEvent: {}
[157.546466] (-) TimerEvent: {}
[157.646963] (-) TimerEvent: {}
[157.747391] (-) TimerEvent: {}
[157.847840] (-) TimerEvent: {}
[157.948299] (-) TimerEvent: {}
[158.048735] (-) TimerEvent: {}
[158.149156] (-) TimerEvent: {}
[158.249581] (-) TimerEvent: {}
[158.350037] (-) TimerEvent: {}
[158.453873] (-) TimerEvent: {}
[158.556226] (-) TimerEvent: {}
[158.656688] (-) TimerEvent: {}
[158.757100] (-) TimerEvent: {}
[158.857592] (-) TimerEvent: {}
[158.957994] (-) TimerEvent: {}
[159.058426] (-) TimerEvent: {}
[159.158870] (-) TimerEvent: {}
[159.259277] (-) TimerEvent: {}
[159.359715] (-) TimerEvent: {}
[159.460120] (-) TimerEvent: {}
[159.561603] (-) TimerEvent: {}
[159.615800] (speech_to_text_pkg) StdoutLine: {'line': b'[ 71%] \x1b[32mBuilding C object _deps/whisper-build/ggml/src/CMakeFiles/ggml-cpu.dir/ggml-cpu/arch/arm/quants.c.o\x1b[0m\n'}
[159.661750] (-) TimerEvent: {}
[159.764849] (-) TimerEvent: {}
[159.865305] (-) TimerEvent: {}
[159.965740] (-) TimerEvent: {}
[160.066134] (-) TimerEvent: {}
[160.166558] (-) TimerEvent: {}
[160.267014] (-) TimerEvent: {}
[160.367465] (-) TimerEvent: {}
[160.467926] (-) TimerEvent: {}
[160.568368] (-) TimerEvent: {}
[160.668792] (-) TimerEvent: {}
[160.769235] (-) TimerEvent: {}
[160.869708] (-) TimerEvent: {}
[160.970129] (-) TimerEvent: {}
[161.070575] (-) TimerEvent: {}
[161.171830] (-) TimerEvent: {}
[161.276037] (-) TimerEvent: {}
[161.376494] (-) TimerEvent: {}
[161.476953] (-) TimerEvent: {}
[161.577353] (-) TimerEvent: {}
[161.625113] (speech_to_text_pkg) StdoutLine: {'line': b'[ 74%] \x1b[32mBuilding CXX object _deps/whisper-build/ggml/src/CMakeFiles/ggml-cpu.dir/ggml-cpu/arch/arm/repack.cpp.o\x1b[0m\n'}
[161.677484] (-) TimerEvent: {}
[161.777907] (-) TimerEvent: {}
[161.878346] (-) TimerEvent: {}
[161.978826] (-) TimerEvent: {}
[162.079246] (-) TimerEvent: {}
[162.179690] (-) TimerEvent: {}
[162.280121] (-) TimerEvent: {}
[162.380540] (-) TimerEvent: {}
[162.480963] (-) TimerEvent: {}
[162.581393] (-) TimerEvent: {}
[162.681900] (-) TimerEvent: {}
[162.782331] (-) TimerEvent: {}
[162.882755] (-) TimerEvent: {}
[162.983170] (-) TimerEvent: {}
[163.083621] (-) TimerEvent: {}
[163.184065] (-) TimerEvent: {}
[163.284555] (-) TimerEvent: {}
[163.385022] (-) TimerEvent: {}
[163.485438] (-) TimerEvent: {}
[163.585872] (-) TimerEvent: {}
[163.634492] (speech_to_text_pkg) StdoutLine: {'line': b'[ 77%] \x1b[32mBuilding CXX object _deps/whisper-build/ggml/src/CMakeFiles/ggml-cpu.dir/ggml-cpu/repack.cpp.o\x1b[0m\n'}
[163.686005] (-) TimerEvent: {}
[163.787621] (-) TimerEvent: {}
[163.888073] (-) TimerEvent: {}
[163.988546] (-) TimerEvent: {}
[164.090617] (-) TimerEvent: {}
[164.191042] (-) TimerEvent: {}
[164.291426] (-) TimerEvent: {}
[164.391834] (-) TimerEvent: {}
[164.492235] (-) TimerEvent: {}
[164.594634] (-) TimerEvent: {}
[164.695099] (-) TimerEvent: {}
[164.795553] (-) TimerEvent: {}
[164.895947] (-) TimerEvent: {}
[164.996375] (-) TimerEvent: {}
[165.096834] (-) TimerEvent: {}
[165.197271] (-) TimerEvent: {}
[165.297661] (-) TimerEvent: {}
[165.398062] (-) TimerEvent: {}
[165.498478] (-) TimerEvent: {}
[165.600602] (-) TimerEvent: {}
[165.701027] (-) TimerEvent: {}
[165.801503] (-) TimerEvent: {}
[165.901997] (-) TimerEvent: {}
[166.002408] (-) TimerEvent: {}
[166.102832] (-) TimerEvent: {}
[166.203217] (-) TimerEvent: {}
[166.303637] (-) TimerEvent: {}
[166.404246] (-) TimerEvent: {}
[166.508956] (-) TimerEvent: {}
[166.609489] (-) TimerEvent: {}
[166.709954] (-) TimerEvent: {}
[166.810369] (-) TimerEvent: {}
[166.910863] (-) TimerEvent: {}
[167.011383] (-) TimerEvent: {}
[167.111888] (-) TimerEvent: {}
[167.212349] (-) TimerEvent: {}
[167.312809] (-) TimerEvent: {}
[167.413239] (-) TimerEvent: {}
[167.513663] (-) TimerEvent: {}
[167.614108] (-) TimerEvent: {}
[167.714540] (-) TimerEvent: {}
[167.814955] (-) TimerEvent: {}
[167.915377] (-) TimerEvent: {}
[168.015832] (-) TimerEvent: {}
[168.116314] (-) TimerEvent: {}
[168.216715] (-) TimerEvent: {}
[168.319943] (-) TimerEvent: {}
[168.420816] (-) TimerEvent: {}
[168.522677] (-) TimerEvent: {}
[168.623608] (-) TimerEvent: {}
[168.656002] (speechToText) StdoutLine: {'line': b'[100%] \x1b[32m\x1b[1mLinking CXX executable speechToText\x1b[0m\n'}
[168.723759] (-) TimerEvent: {}
[168.824303] (-) TimerEvent: {}
[168.858215] (speechToText) StdoutLine: {'line': b'[100%] Built target speechToText\n'}
[168.873692] (speechToText) CommandEnded: {'returncode': 0}
[168.874957] (speechToText) JobProgress: {'identifier': 'speechToText', 'progress': 'install'}
[168.875377] (speechToText) Command: {'cmd': ['/usr/local/bin/cmake', '--install', '/home/dredre/DevStuff/scrollDiary/speechToText/build/speechToText'], 'cwd': '/home/dredre/DevStuff/scrollDiary/speechToText/build/speechToText', 'env': OrderedDict({'LESSOPEN': '| /usr/bin/lesspipe %s', 'USER': 'dredre', 'GZ_CONFIG_PATH': '/opt/ros/jazzy/opt/sdformat_vendor/share/gz', 'XDG_SESSION_TYPE': 'wayland', 'CLUTTER_DISABLE_MIPMAPPED_TEXT': '1', 'SHLVL': '1', 'LD_LIBRARY_PATH': '/opt/ros/jazzy/opt/sdformat_vendor/lib:/opt/ros/jazzy/opt/rviz_ogre_vendor/lib:/opt/ros/jazzy/lib/aarch64-linux-gnu:/opt/ros/jazzy/opt/gz_math_vendor/lib:/opt/ros/jazzy/opt/gz_utils_vendor/lib:/opt/ros/jazzy/opt/gz_tools_vendor/lib:/opt/ros/jazzy/opt/gz_cmake_vendor/lib:/opt/ros/jazzy/lib', 'HOME': '/home/dredre', 'OLDPWD': '/home/dredre/DevStuff/scrollDiary/speechToText/speechToText', 'DESKTOP_SESSION': 'ubuntu', 'ROS_PYTHON_VERSION': '3', 'GNOME_SHELL_SESSION_MODE': 'ubuntu', 'GTK_MODULES': 'gail:atk-bridge', 'SYSTEMD_EXEC_PID': '2755', 'GSM_SKIP_SSH_AGENT_WORKAROUND': 'true', 'DBUS_SESSION_BUS_ADDRESS': 'unix:path=/run/user/1000/bus', 'COLORTERM': 'truecolor', 'DEBUGINFOD_URLS': 'https://debuginfod.ubuntu.com', 'IM_CONFIG_PHASE': '1', 'WAYLAND_DISPLAY': 'wayland-0', 'ROS_DISTRO': 'jazzy', 'LOGNAME': 'dredre', '_': '/usr/bin/colcon', 'ROS_VERSION': '2', 'MEMORY_PRESSURE_WATCH': '/sys/fs/cgroup/user.slice/user-1000.slice/user@1000.service/session.slice/org.gnome.Shell@wayland.service/memory.pressure', 'XDG_SESSION_CLASS': 'user', 'USERNAME': 'dredre', 'TERM': 'xterm-256color', 'GNOME_DESKTOP_SESSION_ID': 'this-is-deprecated', 'PATH': '/opt/ros/jazzy/opt/gz_tools_vendor/bin:/opt/ros/jazzy/bin:/home/dredre/.local/bin:/usr/local/sbin:/usr/local/bin:/usr/sbin:/usr/bin:/sbin:/bin:/usr/games:/usr/local/games:/snap/bin:/snap/bin:/home/dredre/.local/bin', 'SESSION_MANAGER': 'local/dredre-desktop:@/tmp/.ICE-unix/2723,unix/dredre-desktop:/tmp/.ICE-unix/2723', 'XDG_MENU_PREFIX': 'gnome-', 'GNOME_TERMINAL_SCREEN': '/org/gnome/Terminal/screen/715bc202_528e_4dd9_bd09_ecb7180209d0', 'GNOME_SETUP_DISPLAY': ':1', 'XDG_RUNTIME_DIR': '/run/user/1000', 'DISPLAY': ':0', 'LANG': 'C.UTF-8', 'XDG_CURRENT_DESKTOP': 'ubuntu:GNOME', 'XMODIFIERS': '@im=ibus', 'XDG_SESSION_DESKTOP': 'ubuntu', 'XAUTHORITY': '/run/user/1000/.mutter-Xwaylandauth.ASK4U3', 'LS_COLORS': 'rs=0:di=01;34:ln=01;36:mh=00:pi=40;33:so=01;35:do=01;35:bd=40;33;01:cd=40;33;01:or=40;31;01:mi=00:su=37;41:sg=30;43:ca=00:tw=30;42:ow=34;42:st=37;44:ex=01;32:*.tar=01;31:*.tgz=01;31:*.arc=01;31:*.arj=01;31:*.taz=01;31:*.lha=01;31:*.lz4=01;31:*.lzh=01;31:*.lzma=01;31:*.tlz=01;31:*.txz=01;31:*.tzo=01;31:*.t7z=01;31:*.zip=01;31:*.z=01;31:*.dz=01;31:*.gz=01;31:*.lrz=01;31:*.lz=01;31:*.lzo=01;31:*.xz=01;31:*.zst=01;31:*.tzst=01;31:*.bz2=01;31:*.bz=01;31:*.tbz=01;31:*.tbz2=01;31:*.tz=01;31:*.deb=01;31:*.rpm=01;31:*.jar=01;31:*.war=01;31:*.ear=01;31:*.sar=01;31:*.rar=01;31:*.alz=01;31:*.ace=01;31:*.zoo=01;31:*.cpio=01;31:*.7z=01;31:*.rz=01;31:*.cab=01;31:*.wim=01;31:*.swm=01;31:*.dwm=01;31:*.esd=01;31:*.avif=01;35:*.jpg=01;35:*.jpeg=01;35:*.mjpg=01;35:*.mjpeg=01;35:*.gif=01;35:*.bmp=01;35:*.pbm=01;35:*.pgm=01;35:*.ppm=01;35:*.tga=01;35:*.xbm=01;35:*.xpm=01;35:*.tif=01;35:*.tiff=01;35:*.png=01;35:*.svg=01;35:*.svgz=01;35:*.mng=01;35:*.pcx=01;35:*.mov=01;35:*.mpg=01;35:*.mpeg=01;35:*.m2v=01;35:*.mkv=01;35:*.webm=01;35:*.webp=01;35:*.ogm=01;35:*.mp4=01;35:*.m4v=01;35:*.mp4v=01;35:*.vob=01;35:*.qt=01;35:*.nuv=01;35:*.wmv=01;35:*.asf=01;35:*.rm=01;35:*.rmvb=01;35:*.flc=01;35:*.avi=01;35:*.fli=01;35:*.flv=01;35:*.gl=01;35:*.dl=01;35:*.xcf=01;35:*.xwd=01;35:*.yuv=01;35:*.cgm=01;35:*.emf=01;35:*.ogv=01;35:*.ogx=01;35:*.aac=00;36:*.au=00;36:*.flac=00;36:*.m4a=00;36:*.mid=00;36:*.midi=00;36:*.mka=00;36:*.mp3=00;36:*.mpc=00;36:*.ogg=00;36:*.ra=00;36:*.wav=00;36:*.oga=00;36:*.opus=00;36:*.spx=00;36:*.xspf=00;36:*~=00;90:*#=00;90:*.bak=00;90:*.crdownload=00;90:*.dpkg-dist=00;90:*.dpkg-new=00;90:*.dpkg-old=00;90:*.dpkg-tmp=00;90:*.old=00;90:*.orig=00;90:*.part=00;90:*.rej=00;90:*.rpmnew=00;90:*.rpmorig=00;90:*.rpmsave=00;90:*.swp=00;90:*.tmp=00;90:*.ucf-dist=00;90:*.ucf-new=00;90:*.ucf-old=00;90:', 'GNOME_TERMINAL_SERVICE': ':1.104', 'SSH_AUTH_SOCK': '/run/user/1000/keyring/ssh', 'ROS_DOMAIN_ID': '1', 'AMENT_PREFIX_PATH': '/opt/ros/jazzy', 'SHELL': '/bin/bash', 'QT_ACCESSIBILITY': '1', 'GDMSESSION': 'ubuntu', 'LESSCLOSE': '/usr/bin/lesspipe %s %s', 'ROS_AUTOMATIC_DISCOVERY_RANGE': 'SUBNET', 'QT_IM_MODULE': 'ibus', 'PWD': '/home/dredre/DevStuff/scrollDiary/speechToText/build/speechToText', 'XDG_CONFIG_DIRS': '/etc/xdg/xdg-ubuntu:/etc/xdg', 'XDG_DATA_DIRS': '/usr/share/ubuntu:/usr/share/gnome:/usr/local/share/:/usr/share/:/var/lib/snapd/desktop', 'PYTHONPATH': '/opt/ros/jazzy/lib/python3.12/site-packages', 'COLCON': '1', 'MEMORY_PRESSURE_WRITE': 'c29tZSAyMDAwMDAgMjAwMDAwMAA=', 'VTE_VERSION': '7600', 'CMAKE_PREFIX_PATH': '/opt/ros/jazzy/opt/sdformat_vendor:/opt/ros/jazzy/opt/gz_math_vendor:/opt/ros/jazzy/opt/gz_utils_vendor:/opt/ros/jazzy/opt/gz_tools_vendor:/opt/ros/jazzy/opt/gz_cmake_vendor'}), 'shell': False}
[168.883277] (speechToText) StdoutLine: {'line': b'-- Install configuration: "Release"\n'}
[168.885715] (speechToText) StdoutLine: {'line': b'-- Installing: /home/dredre/DevStuff/scrollDiary/speechToText/install/speechToText/lib/libwhisper.so.1.8.3\n'}
[168.885987] (speechToText) StdoutLine: {'line': b'-- Installing: /home/dredre/DevStuff/scrollDiary/speechToText/install/speechToText/lib/libwhisper.so.1\n'}
[168.886262] (speechToText) StdoutLine: {'line': b'-- Set non-toolchain portion of runtime path of "/home/dredre/DevStuff/scrollDiary/speechToText/install/speechToText/lib/libwhisper.so.1.8.3" to ""\n'}
[168.886431] (speechToText) StdoutLine: {'line': b'-- Installing: /home/dredre/DevStuff/scrollDiary/speechToText/install/speechToText/lib/libwhisper.so\n'}
[168.886948] (speechToText) StdoutLine: {'line': b'-- Installing: /home/dredre/DevStuff/scrollDiary/speechToText/install/speechToText/include/whisper.h\n'}
[168.887176] (speechToText) StdoutLine: {'line': b'-- Installing: /home/dredre/DevStuff/scrollDiary/speechToText/install/speechToText/lib/cmake/whisper/whisper-config.cmake\n'}
[168.887507] (speechToText) StdoutLine: {'line': b'-- Installing: /home/dredre/DevStuff/scrollDiary/speechToText/install/speechToText/lib/cmake/whisper/whisper-version.cmake\n'}
[168.888741] (speechToText) StdoutLine: {'line': b'-- Installing: /home/dredre/DevStuff/scrollDiary/speechToText/install/speechToText/lib/pkgconfig/whisper.pc\n'}
[168.890155] (speechToText) StdoutLine: {'line': b'-- Installing: /home/dredre/DevStuff/scrollDiary/speechToText/install/speechToText/lib/libggml-cpu.so.0.9.5\n'}
[168.891852] (speechToText) StdoutLine: {'line': b'-- Installing: /home/dredre/DevStuff/scrollDiary/speechToText/install/speechToText/lib/libggml-cpu.so.0\n'}
[168.892291] (speechToText) StdoutLine: {'line': b'-- Set non-toolchain portion of runtime path of "/home/dredre/DevStuff/scrollDiary/speechToText/install/speechToText/lib/libggml-cpu.so.0.9.5" to ""\n'}
[168.892586] (speechToText) StdoutLine: {'line': b'-- Installing: /home/dredre/DevStuff/scrollDiary/speechToText/install/speechToText/lib/libggml-cpu.so\n'}
[168.892866] (speechToText) StdoutLine: {'line': b'-- Installing: /home/dredre/DevStuff/scrollDiary/speechToText/install/speechToText/lib/libggml.so.0.9.5\n'}
[168.893093] (speechToText) StdoutLine: {'line': b'-- Installing: /home/dredre/DevStuff/scrollDiary/speechToText/install/speechToText/lib/libggml.so.0\n'}
[168.893497] (speechToText) StdoutLine: {'line': b'-- Set non-toolchain portion of runtime path of "/home/dredre/DevStuff/scrollDiary/speechToText/install/speechToText/lib/libggml.so.0.9.5" to ""\n'}
[168.894244] (speechToText) StdoutLine: {'line': b'-- Installing: /home/dredre/DevStuff/scrollDiary/speechToText/install/speechToText/lib/libggml.so\n'}
[168.894460] (speechToText) StdoutLine: {'line': b'-- Installing: /home/dredre/DevStuff/scrollDiary/speechToText/install/speechToText/include/ggml.h\n'}
[168.894972] (speechToText) StdoutLine: {'line': b'-- Installing: /home/dredre/DevStuff/scrollDiary/speechToText/install/speechToText/include/ggml-cpu.h\n'}
[168.895157] (speechToText) StdoutLine: {'line': b'-- Installing: /home/dredre/DevStuff/scrollDiary/speechToText/install/speechToText/include/ggml-alloc.h\n'}
[168.895648] (speechToText) StdoutLine: {'line': b'-- Installing: /home/dredre/DevStuff/scrollDiary/speechToText/install/speechToText/include/ggml-backend.h\n'}
[168.896282] (speechToText) StdoutLine: {'line': b'-- Installing: /home/dredre/DevStuff/scrollDiary/speechToText/install/speechToText/include/ggml-blas.h\n'}
[168.896443] (speechToText) StdoutLine: {'line': b'-- Installing: /home/dredre/DevStuff/scrollDiary/speechToText/install/speechToText/include/ggml-cann.h\n'}
[168.897068] (speechToText) StdoutLine: {'line': b'-- Installing: /home/dredre/DevStuff/scrollDiary/speechToText/install/speechToText/include/ggml-cpp.h\n'}
[168.897632] (speechToText) StdoutLine: {'line': b'-- Installing: /home/dredre/DevStuff/scrollDiary/speechToText/install/speechToText/include/ggml-cuda.h\n'}
[168.898130] (speechToText) StdoutLine: {'line': b'-- Installing: /home/dredre/DevStuff/scrollDiary/speechToText/install/speechToText/include/ggml-opt.h\n'}
[168.898731] (speechToText) StdoutLine: {'line': b'-- Installing: /home/dredre/DevStuff/scrollDiary/speechToText/install/speechToText/include/ggml-metal.h\n'}
[168.898898] (speechToText) StdoutLine: {'line': b'-- Installing: /home/dredre/DevStuff/scrollDiary/speechToText/install/speechToText/include/ggml-rpc.h\n'}
[168.899031] (speechToText) StdoutLine: {'line': b'-- Installing: /home/dredre/DevStuff/scrollDiary/speechToText/install/speechToText/include/ggml-sycl.h\n'}
[168.899154] (speechToText) StdoutLine: {'line': b'-- Installing: /home/dredre/DevStuff/scrollDiary/speechToText/install/speechToText/include/ggml-vulkan.h\n'}
[168.899267] (speechToText) StdoutLine: {'line': b'-- Installing: /home/dredre/DevStuff/scrollDiary/speechToText/install/speechToText/include/ggml-webgpu.h\n'}
[168.899372] (speechToText) StdoutLine: {'line': b'-- Installing: /home/dredre/DevStuff/scrollDiary/speechToText/install/speechToText/include/ggml-zendnn.h\n'}
[168.899472] (speechToText) StdoutLine: {'line': b'-- Installing: /home/dredre/DevStuff/scrollDiary/speechToText/install/speechToText/include/gguf.h\n'}
[168.900843] (speechToText) StdoutLine: {'line': b'-- Installing: /home/dredre/DevStuff/scrollDiary/speechToText/install/speechToText/lib/libggml-base.so.0.9.5\n'}
[168.901400] (speechToText) StdoutLine: {'line': b'-- Installing: /home/dredre/DevStuff/scrollDiary/speechToText/install/speechToText/lib/libggml-base.so.0\n'}
[168.902587] (speechToText) StdoutLine: {'line': b'-- Installing: /home/dredre/DevStuff/scrollDiary/speechToText/install/speechToText/lib/libggml-base.so\n'}
[168.902805] (speechToText) StdoutLine: {'line': b'-- Installing: /home/dredre/DevStuff/scrollDiary/speechToText/install/speechToText/lib/cmake/ggml/ggml-config.cmake\n'}
[168.902930] (speechToText) StdoutLine: {'line': b'-- Installing: /home/dredre/DevStuff/scrollDiary/speechToText/install/speechToText/lib/cmake/ggml/ggml-version.cmake\n'}
[168.907726] (speechToText) CommandEnded: {'returncode': 0}
[168.919395] (speechToText) JobEnded: {'identifier': 'speechToText', 'rc': 0}
[168.924507] (-) TimerEvent: {}
[169.025016] (-) TimerEvent: {}
[169.125375] (-) TimerEvent: {}
[169.226439] (-) TimerEvent: {}
[169.328636] (-) TimerEvent: {}
[169.430643] (-) TimerEvent: {}
[169.531316] (-) TimerEvent: {}
[169.631976] (-) TimerEvent: {}
[169.732505] (-) TimerEvent: {}
[169.832921] (-) TimerEvent: {}
[169.933291] (-) TimerEvent: {}
[170.033684] (-) TimerEvent: {}
[170.134052] (-) TimerEvent: {}
[170.234416] (-) TimerEvent: {}
[170.334872] (-) TimerEvent: {}
[170.435232] (-) TimerEvent: {}
[170.535599] (-) TimerEvent: {}
[170.635959] (-) TimerEvent: {}
[170.736339] (-) TimerEvent: {}
[170.836739] (-) TimerEvent: {}
[170.937095] (-) TimerEvent: {}
[171.037753] (-) TimerEvent: {}
[171.138247] (-) TimerEvent: {}
[171.181824] (speech_to_text_pkg) StdoutLine: {'line': b'[ 80%] \x1b[32mBuilding CXX object _deps/whisper-build/ggml/src/CMakeFiles/ggml-cpu.dir/ggml-cpu/ggml-cpu.cpp.o\x1b[0m\n'}
[171.238373] (-) TimerEvent: {}
[171.338758] (-) TimerEvent: {}
[171.441888] (-) TimerEvent: {}
[171.542245] (-) TimerEvent: {}
[171.642603] (-) TimerEvent: {}
[171.742970] (-) TimerEvent: {}
[171.843336] (-) TimerEvent: {}
[171.943762] (-) TimerEvent: {}
[172.044176] (-) TimerEvent: {}
[172.144559] (-) TimerEvent: {}
[172.244926] (-) TimerEvent: {}
[172.345298] (-) TimerEvent: {}
[172.445680] (-) TimerEvent: {}
[172.546031] (-) TimerEvent: {}
[172.646422] (-) TimerEvent: {}
[172.695861] (speech_to_text_pkg) StdoutLine: {'line': b'[ 82%] \x1b[32m\x1b[1mLinking CXX shared library libggml-cpu.so\x1b[0m\n'}
[172.746678] (-) TimerEvent: {}
[172.847564] (-) TimerEvent: {}
[172.891762] (speech_to_text_pkg) StdoutLine: {'line': b'[ 82%] Built target ggml-cpu\n'}
[172.910570] (speech_to_text_pkg) StdoutLine: {'line': b'[ 85%] \x1b[32mBuilding CXX object _deps/whisper-build/ggml/src/CMakeFiles/ggml.dir/ggml-backend-reg.cpp.o\x1b[0m\n'}
[172.947690] (-) TimerEvent: {}
[173.048066] (-) TimerEvent: {}
[173.148429] (-) TimerEvent: {}
[173.248808] (-) TimerEvent: {}
[173.349166] (-) TimerEvent: {}
[173.449554] (-) TimerEvent: {}
[173.549988] (-) TimerEvent: {}
[173.650508] (-) TimerEvent: {}
[173.752854] (-) TimerEvent: {}
[173.853224] (-) TimerEvent: {}
[173.953615] (-) TimerEvent: {}
[174.054359] (-) TimerEvent: {}
[174.155330] (-) TimerEvent: {}
[174.255783] (-) TimerEvent: {}
[174.356191] (-) TimerEvent: {}
[174.456569] (-) TimerEvent: {}
[174.556924] (-) TimerEvent: {}
[174.657285] (-) TimerEvent: {}
[174.757656] (-) TimerEvent: {}
[174.858021] (-) TimerEvent: {}
[174.958398] (-) TimerEvent: {}
[175.058853] (-) TimerEvent: {}
[175.159211] (-) TimerEvent: {}
[175.259603] (-) TimerEvent: {}
[175.359950] (-) TimerEvent: {}
[175.460322] (-) TimerEvent: {}
[175.560717] (-) TimerEvent: {}
[175.661102] (-) TimerEvent: {}
[175.761844] (-) TimerEvent: {}
[175.862693] (-) TimerEvent: {}
[175.963568] (-) TimerEvent: {}
[176.063976] (-) TimerEvent: {}
[176.082593] (speech_to_text_pkg) StdoutLine: {'line': b'[ 88%] \x1b[32m\x1b[1mLinking CXX shared library libggml.so\x1b[0m\n'}
[176.164102] (-) TimerEvent: {}
[176.235338] (speech_to_text_pkg) StdoutLine: {'line': b'[ 88%] Built target ggml\n'}
[176.255349] (speech_to_text_pkg) StdoutLine: {'line': b'[ 91%] \x1b[32mBuilding CXX object _deps/whisper-build/src/CMakeFiles/whisper.dir/whisper.cpp.o\x1b[0m\n'}
[176.264231] (-) TimerEvent: {}
[176.364640] (-) TimerEvent: {}
[176.465016] (-) TimerEvent: {}
[176.565398] (-) TimerEvent: {}
[176.665788] (-) TimerEvent: {}
[176.766162] (-) TimerEvent: {}
[176.866543] (-) TimerEvent: {}
[176.966983] (-) TimerEvent: {}
[177.067462] (-) TimerEvent: {}
[177.167860] (-) TimerEvent: {}
[177.268231] (-) TimerEvent: {}
[177.368614] (-) TimerEvent: {}
[177.469620] (-) TimerEvent: {}
[177.569995] (-) TimerEvent: {}
[177.670410] (-) TimerEvent: {}
[177.770917] (-) TimerEvent: {}
[177.871283] (-) TimerEvent: {}
[177.971652] (-) TimerEvent: {}
[178.072007] (-) TimerEvent: {}
[178.172368] (-) TimerEvent: {}
[178.272735] (-) TimerEvent: {}
[178.373098] (-) TimerEvent: {}
[178.473455] (-) TimerEvent: {}
[178.573832] (-) TimerEvent: {}
[178.674191] (-) TimerEvent: {}
[178.774569] (-) TimerEvent: {}
[178.874964] (-) TimerEvent: {}
[178.975327] (-) TimerEvent: {}
[179.075705] (-) TimerEvent: {}
[179.176064] (-) TimerEvent: {}
[179.276439] (-) TimerEvent: {}
[179.376813] (-) TimerEvent: {}
[179.479839] (-) TimerEvent: {}
[179.580207] (-) TimerEvent: {}
[179.680598] (-) TimerEvent: {}
[179.780965] (-) TimerEvent: {}
[179.881329] (-) TimerEvent: {}
[179.981725] (-) TimerEvent: {}
[180.082080] (-) TimerEvent: {}
[180.182446] (-) TimerEvent: {}
[180.282820] (-) TimerEvent: {}
[180.383190] (-) TimerEvent: {}
[180.483554] (-) TimerEvent: {}
[180.583923] (-) TimerEvent: {}
[180.684296] (-) TimerEvent: {}
[180.784701] (-) TimerEvent: {}
[180.885112] (-) TimerEvent: {}
[180.985549] (-) TimerEvent: {}
[181.086079] (-) TimerEvent: {}
[181.186791] (-) TimerEvent: {}
[181.287215] (-) TimerEvent: {}
[181.390497] (-) TimerEvent: {}
[181.491760] (-) TimerEvent: {}
[181.592126] (-) TimerEvent: {}
[181.692500] (-) TimerEvent: {}
[181.792929] (-) TimerEvent: {}
[181.893325] (-) TimerEvent: {}
[181.993716] (-) TimerEvent: {}
[182.094093] (-) TimerEvent: {}
[182.194451] (-) TimerEvent: {}
[182.294838] (-) TimerEvent: {}
[182.395237] (-) TimerEvent: {}
[182.495608] (-) TimerEvent: {}
[182.595977] (-) TimerEvent: {}
[182.696348] (-) TimerEvent: {}
[182.796728] (-) TimerEvent: {}
[182.897092] (-) TimerEvent: {}
[182.997450] (-) TimerEvent: {}
[183.097830] (-) TimerEvent: {}
[183.198202] (-) TimerEvent: {}
[183.298590] (-) TimerEvent: {}
[183.398957] (-) TimerEvent: {}
[183.499323] (-) TimerEvent: {}
[183.599715] (-) TimerEvent: {}
[183.700083] (-) TimerEvent: {}
[183.800448] (-) TimerEvent: {}
[183.900854] (-) TimerEvent: {}
[184.001288] (-) TimerEvent: {}
[184.101746] (-) TimerEvent: {}
[184.202095] (-) TimerEvent: {}
[184.302462] (-) TimerEvent: {}
[184.402838] (-) TimerEvent: {}
[184.503220] (-) TimerEvent: {}
[184.603627] (-) TimerEvent: {}
[184.704102] (-) TimerEvent: {}
[184.804489] (-) TimerEvent: {}
[184.904867] (-) TimerEvent: {}
[185.005212] (-) TimerEvent: {}
[185.105579] (-) TimerEvent: {}
[185.205941] (-) TimerEvent: {}
[185.306291] (-) TimerEvent: {}
[185.406658] (-) TimerEvent: {}
[185.507016] (-) TimerEvent: {}
[185.607368] (-) TimerEvent: {}
[185.707750] (-) TimerEvent: {}
[185.808114] (-) TimerEvent: {}
[185.908485] (-) TimerEvent: {}
[186.008853] (-) TimerEvent: {}
[186.109215] (-) TimerEvent: {}
[186.209585] (-) TimerEvent: {}
[186.309927] (-) TimerEvent: {}
[186.410283] (-) TimerEvent: {}
[186.510666] (-) TimerEvent: {}
[186.611041] (-) TimerEvent: {}
[186.711397] (-) TimerEvent: {}
[186.811855] (-) TimerEvent: {}
[186.912253] (-) TimerEvent: {}
[187.012620] (-) TimerEvent: {}
[187.112995] (-) TimerEvent: {}
[187.213353] (-) TimerEvent: {}
[187.316802] (-) TimerEvent: {}
[187.417157] (-) TimerEvent: {}
[187.517534] (-) TimerEvent: {}
[187.617900] (-) TimerEvent: {}
[187.718258] (-) TimerEvent: {}
[187.818619] (-) TimerEvent: {}
[187.918970] (-) TimerEvent: {}
[188.019329] (-) TimerEvent: {}
[188.119703] (-) TimerEvent: {}
[188.220132] (-) TimerEvent: {}
[188.320593] (-) TimerEvent: {}
[188.420994] (-) TimerEvent: {}
[188.521358] (-) TimerEvent: {}
[188.621799] (-) TimerEvent: {}
[188.722144] (-) TimerEvent: {}
[188.822502] (-) TimerEvent: {}
[188.922863] (-) TimerEvent: {}
[189.023225] (-) TimerEvent: {}
[189.123630] (-) TimerEvent: {}
[189.223979] (-) TimerEvent: {}
[189.324320] (-) TimerEvent: {}
[189.424685] (-) TimerEvent: {}
[189.525054] (-) TimerEvent: {}
[189.625419] (-) TimerEvent: {}
[189.725796] (-) TimerEvent: {}
[189.826168] (-) TimerEvent: {}
[189.926538] (-) TimerEvent: {}
[190.026879] (-) TimerEvent: {}
[190.127238] (-) TimerEvent: {}
[190.227600] (-) TimerEvent: {}
[190.327951] (-) TimerEvent: {}
[190.428318] (-) TimerEvent: {}
[190.528740] (-) TimerEvent: {}
[190.629138] (-) TimerEvent: {}
[190.729552] (-) TimerEvent: {}
[190.829926] (-) TimerEvent: {}
[190.930297] (-) TimerEvent: {}
[191.030696] (-) TimerEvent: {}
[191.131071] (-) TimerEvent: {}
[191.231466] (-) TimerEvent: {}
[191.331852] (-) TimerEvent: {}
[191.432223] (-) TimerEvent: {}
[191.532599] (-) TimerEvent: {}
[191.632964] (-) TimerEvent: {}
[191.733329] (-) TimerEvent: {}
[191.833743] (-) TimerEvent: {}
[191.934192] (-) TimerEvent: {}
[192.034596] (-) TimerEvent: {}
[192.134992] (-) TimerEvent: {}
[192.235388] (-) TimerEvent: {}
[192.335794] (-) TimerEvent: {}
[192.436190] (-) TimerEvent: {}
[192.536589] (-) TimerEvent: {}
[192.636989] (-) TimerEvent: {}
[192.737367] (-) TimerEvent: {}
[192.837749] (-) TimerEvent: {}
[192.938156] (-) TimerEvent: {}
[193.038531] (-) TimerEvent: {}
[193.138880] (-) TimerEvent: {}
[193.239284] (-) TimerEvent: {}
[193.339741] (-) TimerEvent: {}
[193.440169] (-) TimerEvent: {}
[193.540696] (-) TimerEvent: {}
[193.641117] (-) TimerEvent: {}
[193.741473] (-) TimerEvent: {}
[193.841858] (-) TimerEvent: {}
[193.942204] (-) TimerEvent: {}
[194.042560] (-) TimerEvent: {}
[194.142906] (-) TimerEvent: {}
[194.243336] (-) TimerEvent: {}
[194.343729] (-) TimerEvent: {}
[194.444112] (-) TimerEvent: {}
[194.544506] (-) TimerEvent: {}
[194.644869] (-) TimerEvent: {}
[194.745210] (-) TimerEvent: {}
[194.845603] (-) TimerEvent: {}
[194.945961] (-) TimerEvent: {}
[195.046308] (-) TimerEvent: {}
[195.146673] (-) TimerEvent: {}
[195.247067] (-) TimerEvent: {}
[195.347421] (-) TimerEvent: {}
[195.447799] (-) TimerEvent: {}
[195.548180] (-) TimerEvent: {}
[195.648588] (-) TimerEvent: {}
[195.749007] (-) TimerEvent: {}
[195.849425] (-) TimerEvent: {}
[195.949793] (-) TimerEvent: {}
[196.050155] (-) TimerEvent: {}
[196.150507] (-) TimerEvent: {}
[196.250870] (-) TimerEvent: {}
[196.351246] (-) TimerEvent: {}
[196.451593] (-) TimerEvent: {}
[196.551961] (-) TimerEvent: {}
[196.652314] (-) TimerEvent: {}
[196.752690] (-) TimerEvent: {}
[196.853140] (-) TimerEvent: {}
[196.953616] (-) TimerEvent: {}
[197.053976] (-) TimerEvent: {}
[197.154346] (-) TimerEvent: {}
[197.254722] (-) TimerEvent: {}
[197.355115] (-) TimerEvent: {}
[197.455481] (-) TimerEvent: {}
[197.555845] (-) TimerEvent: {}
[197.656195] (-) TimerEvent: {}
[197.756570] (-) TimerEvent: {}
[197.856927] (-) TimerEvent: {}
[197.957283] (-) TimerEvent: {}
[198.057632] (-) TimerEvent: {}
[198.157994] (-) TimerEvent: {}
[198.258384] (-) TimerEvent: {}
[198.358796] (-) TimerEvent: {}
[198.459149] (-) TimerEvent: {}
[198.559527] (-) TimerEvent: {}
[198.659908] (-) TimerEvent: {}
[198.760286] (-) TimerEvent: {}
[198.860667] (-) TimerEvent: {}
[198.961154] (-) TimerEvent: {}
[199.061821] (-) TimerEvent: {}
[199.162204] (-) TimerEvent: {}
[199.262582] (-) TimerEvent: {}
[199.362972] (-) TimerEvent: {}
[199.463344] (-) TimerEvent: {}
[199.563717] (-) TimerEvent: {}
[199.664092] (-) TimerEvent: {}
[199.764458] (-) TimerEvent: {}
[199.864838] (-) TimerEvent: {}
[199.965219] (-) TimerEvent: {}
[200.065577] (-) TimerEvent: {}
[200.165948] (-) TimerEvent: {}
[200.266330] (-) TimerEvent: {}
[200.366753] (-) TimerEvent: {}
[200.467132] (-) TimerEvent: {}
[200.567506] (-) TimerEvent: {}
[200.667907] (-) TimerEvent: {}
[200.768346] (-) TimerEvent: {}
[200.868745] (-) TimerEvent: {}
[200.969122] (-) TimerEvent: {}
[201.069740] (-) TimerEvent: {}
[201.170275] (-) TimerEvent: {}
[201.271240] (-) TimerEvent: {}
[201.371604] (-) TimerEvent: {}
[201.474992] (-) TimerEvent: {}
[201.575359] (-) TimerEvent: {}
[201.675739] (-) TimerEvent: {}
[201.776108] (-) TimerEvent: {}
[201.876478] (-) TimerEvent: {}
[201.976857] (-) TimerEvent: {}
[202.077245] (-) TimerEvent: {}
[202.177588] (-) TimerEvent: {}
[202.277941] (-) TimerEvent: {}
[202.378336] (-) TimerEvent: {}
[202.446112] (speech_to_text_pkg) StdoutLine: {'line': b'[ 94%] \x1b[32m\x1b[1mLinking CXX shared library libwhisper.so\x1b[0m\n'}
[202.478464] (-) TimerEvent: {}
[202.578857] (-) TimerEvent: {}
[202.643457] (speech_to_text_pkg) StdoutLine: {'line': b'[ 94%] Built target whisper\n'}
[202.663483] (speech_to_text_pkg) StdoutLine: {'line': b'[ 97%] \x1b[32mBuilding CXX object CMakeFiles/whisper_transcription_node.dir/src/whisperTranscriptionNode.cpp.o\x1b[0m\n'}
[202.678988] (-) TimerEvent: {}
[202.779370] (-) TimerEvent: {}
[202.879731] (-) TimerEvent: {}
[202.980088] (-) TimerEvent: {}
[203.080422] (-) TimerEvent: {}
[203.180782] (-) TimerEvent: {}
[203.281144] (-) TimerEvent: {}
[203.381554] (-) TimerEvent: {}
[203.481919] (-) TimerEvent: {}
[203.582298] (-) TimerEvent: {}
[203.682715] (-) TimerEvent: {}
[203.783124] (-) TimerEvent: {}
[203.883488] (-) TimerEvent: {}
[203.983866] (-) TimerEvent: {}
[204.084243] (-) TimerEvent: {}
[204.184600] (-) TimerEvent: {}
[204.284980] (-) TimerEvent: {}
[204.385381] (-) TimerEvent: {}
[204.485761] (-) TimerEvent: {}
[204.586190] (-) TimerEvent: {}
[204.686591] (-) TimerEvent: {}
[204.786960] (-) TimerEvent: {}
[204.887347] (-) TimerEvent: {}
[204.987748] (-) TimerEvent: {}
[205.088105] (-) TimerEvent: {}
[205.188464] (-) TimerEvent: {}
[205.288828] (-) TimerEvent: {}
[205.389185] (-) TimerEvent: {}
[205.489606] (-) TimerEvent: {}
[205.590015] (-) TimerEvent: {}
[205.690378] (-) TimerEvent: {}
[205.790749] (-) TimerEvent: {}
[205.891110] (-) TimerEvent: {}
[205.991511] (-) TimerEvent: {}
[206.091929] (-) TimerEvent: {}
[206.192312] (-) TimerEvent: {}
[206.292702] (-) TimerEvent: {}
[206.393068] (-) TimerEvent: {}
[206.493427] (-) TimerEvent: {}
[206.593801] (-) TimerEvent: {}
[206.694156] (-) TimerEvent: {}
[206.794538] (-) TimerEvent: {}
[206.894892] (-) TimerEvent: {}
[206.995245] (-) TimerEvent: {}
[207.095607] (-) TimerEvent: {}
[207.195979] (-) TimerEvent: {}
[207.296352] (-) TimerEvent: {}
[207.396729] (-) TimerEvent: {}
[207.497095] (-) TimerEvent: {}
[207.597457] (-) TimerEvent: {}
[207.697835] (-) TimerEvent: {}
[207.798192] (-) TimerEvent: {}
[207.898590] (-) TimerEvent: {}
[207.998945] (-) TimerEvent: {}
[208.099306] (-) TimerEvent: {}
[208.199704] (-) TimerEvent: {}
[208.300181] (-) TimerEvent: {}
[208.400545] (-) TimerEvent: {}
[208.500905] (-) TimerEvent: {}
[208.601270] (-) TimerEvent: {}
[208.701623] (-) TimerEvent: {}
[208.801986] (-) TimerEvent: {}
[208.902347] (-) TimerEvent: {}
[209.002814] (-) TimerEvent: {}
[209.103210] (-) TimerEvent: {}
[209.203601] (-) TimerEvent: {}
[209.303974] (-) TimerEvent: {}
[209.404364] (-) TimerEvent: {}
[209.504758] (-) TimerEvent: {}
[209.605127] (-) TimerEvent: {}
[209.705480] (-) TimerEvent: {}
[209.805852] (-) TimerEvent: {}
[209.906224] (-) TimerEvent: {}
[210.006593] (-) TimerEvent: {}
[210.106957] (-) TimerEvent: {}
[210.207323] (-) TimerEvent: {}
[210.307720] (-) TimerEvent: {}
[210.408100] (-) TimerEvent: {}
[210.508459] (-) TimerEvent: {}
[210.608852] (-) TimerEvent: {}
[210.709219] (-) TimerEvent: {}
[210.809592] (-) TimerEvent: {}
[210.909953] (-) TimerEvent: {}
[211.010355] (-) TimerEvent: {}
[211.110742] (-) TimerEvent: {}
[211.211108] (-) TimerEvent: {}
[211.311449] (-) TimerEvent: {}
[211.411829] (-) TimerEvent: {}
[211.512181] (-) TimerEvent: {}
[211.613023] (-) TimerEvent: {}
[211.713462] (-) TimerEvent: {}
[211.813847] (-) TimerEvent: {}
[211.914203] (-) TimerEvent: {}
[212.014593] (-) TimerEvent: {}
[212.114966] (-) TimerEvent: {}
[212.215325] (-) TimerEvent: {}
[212.315787] (-) TimerEvent: {}
[212.416146] (-) TimerEvent: {}
[212.516507] (-) TimerEvent: {}
[212.616895] (-) TimerEvent: {}
[212.717245] (-) TimerEvent: {}
[212.817633] (-) TimerEvent: {}
[212.917981] (-) TimerEvent: {}
[213.018345] (-) TimerEvent: {}
[213.118714] (-) TimerEvent: {}
[213.219095] (-) TimerEvent: {}
[213.319550] (-) TimerEvent: {}
[213.419955] (-) TimerEvent: {}
[213.520323] (-) TimerEvent: {}
[213.620712] (-) TimerEvent: {}
[213.721074] (-) TimerEvent: {}
[213.821444] (-) TimerEvent: {}
[213.921826] (-) TimerEvent: {}
[214.022182] (-) TimerEvent: {}
[214.122566] (-) TimerEvent: {}
[214.222940] (-) TimerEvent: {}
[214.323303] (-) TimerEvent: {}
[214.423680] (-) TimerEvent: {}
[214.524031] (-) TimerEvent: {}
[214.624396] (-) TimerEvent: {}
[214.724775] (-) TimerEvent: {}
[214.825142] (-) TimerEvent: {}
[214.925557] (-) TimerEvent: {}
[215.025921] (-) TimerEvent: {}
[215.126285] (-) TimerEvent: {}
[215.226655] (-) TimerEvent: {}
[215.327003] (-) TimerEvent: {}
[215.427365] (-) TimerEvent: {}
[215.527732] (-) TimerEvent: {}
[215.628086] (-) TimerEvent: {}
[215.728450] (-) TimerEvent: {}
[215.828815] (-) TimerEvent: {}
[215.929160] (-) TimerEvent: {}
[216.029550] (-) TimerEvent: {}
[216.129939] (-) TimerEvent: {}
[216.230303] (-) TimerEvent: {}
[216.330686] (-) TimerEvent: {}
[216.431050] (-) TimerEvent: {}
[216.531435] (-) TimerEvent: {}
[216.631849] (-) TimerEvent: {}
[216.732219] (-) TimerEvent: {}
[216.832593] (-) TimerEvent: {}
[216.932973] (-) TimerEvent: {}
[217.033332] (-) TimerEvent: {}
[217.133722] (-) TimerEvent: {}
[217.234079] (-) TimerEvent: {}
[217.334457] (-) TimerEvent: {}
[217.434847] (-) TimerEvent: {}
[217.535215] (-) TimerEvent: {}
[217.635619] (-) TimerEvent: {}
[217.736025] (-) TimerEvent: {}
[217.836380] (-) TimerEvent: {}
[217.936763] (-) TimerEvent: {}
[218.037123] (-) TimerEvent: {}
[218.137478] (-) TimerEvent: {}
[218.237867] (-) TimerEvent: {}
[218.338258] (-) TimerEvent: {}
[218.438605] (-) TimerEvent: {}
[218.538967] (-) TimerEvent: {}
[218.639318] (-) TimerEvent: {}
[218.739687] (-) TimerEvent: {}
[218.840036] (-) TimerEvent: {}
[218.940389] (-) TimerEvent: {}
[219.040753] (-) TimerEvent: {}
[219.141094] (-) TimerEvent: {}
[219.241442] (-) TimerEvent: {}
[219.341808] (-) TimerEvent: {}
[219.442156] (-) TimerEvent: {}
[219.542512] (-) TimerEvent: {}
[219.642892] (-) TimerEvent: {}
[219.743254] (-) TimerEvent: {}
[219.843612] (-) TimerEvent: {}
[219.943967] (-) TimerEvent: {}
[220.044346] (-) TimerEvent: {}
[220.144770] (-) TimerEvent: {}
[220.245123] (-) TimerEvent: {}
[220.345480] (-) TimerEvent: {}
[220.445853] (-) TimerEvent: {}
[220.546218] (-) TimerEvent: {}
[220.646585] (-) TimerEvent: {}
[220.746933] (-) TimerEvent: {}
[220.847286] (-) TimerEvent: {}
[220.947633] (-) TimerEvent: {}
[221.047993] (-) TimerEvent: {}
[221.148397] (-) TimerEvent: {}
[221.248764] (-) TimerEvent: {}
[221.349133] (-) TimerEvent: {}
[221.449503] (-) TimerEvent: {}
[221.549912] (-) TimerEvent: {}
[221.650284] (-) TimerEvent: {}
[221.750673] (-) TimerEvent: {}
[221.851037] (-) TimerEvent: {}
[221.951390] (-) TimerEvent: {}
[222.051757] (-) TimerEvent: {}
[222.152175] (-) TimerEvent: {}
[222.252610] (-) TimerEvent: {}
[222.353023] (-) TimerEvent: {}
[222.453448] (-) TimerEvent: {}
[222.553830] (-) TimerEvent: {}
[222.654170] (-) TimerEvent: {}
[222.754537] (-) TimerEvent: {}
[222.854901] (-) TimerEvent: {}
[222.955254] (-) TimerEvent: {}
[223.055615] (-) TimerEvent: {}
[223.155975] (-) TimerEvent: {}
[223.256336] (-) TimerEvent: {}
[223.356712] (-) TimerEvent: {}
[223.457065] (-) TimerEvent: {}
[223.557432] (-) TimerEvent: {}
[223.657812] (-) TimerEvent: {}
[223.758184] (-) TimerEvent: {}
[223.858558] (-) TimerEvent: {}
[223.958913] (-) TimerEvent: {}
[224.059272] (-) TimerEvent: {}
[224.159635] (-) TimerEvent: {}
[224.260007] (-) TimerEvent: {}
[224.360385] (-) TimerEvent: {}
[224.460770] (-) TimerEvent: {}
[224.561127] (-) TimerEvent: {}
[224.661473] (-) TimerEvent: {}
[224.761846] (-) TimerEvent: {}
[224.862221] (-) TimerEvent: {}
[224.962588] (-) TimerEvent: {}
[225.062926] (-) TimerEvent: {}
[225.163285] (-) TimerEvent: {}
[225.263644] (-) TimerEvent: {}
[225.363990] (-) TimerEvent: {}
[225.464371] (-) TimerEvent: {}
[225.564736] (-) TimerEvent: {}
[225.665096] (-) TimerEvent: {}
[225.765457] (-) TimerEvent: {}
[225.865816] (-) TimerEvent: {}
[225.966178] (-) TimerEvent: {}
[226.066537] (-) TimerEvent: {}
[226.166920] (-) TimerEvent: {}
[226.267273] (-) TimerEvent: {}
[226.367628] (-) TimerEvent: {}
[226.468037] (-) TimerEvent: {}
[226.568565] (-) TimerEvent: {}
[226.668984] (-) TimerEvent: {}
[226.769365] (-) TimerEvent: {}
[226.872857] (-) TimerEvent: {}
[226.973204] (-) TimerEvent: {}
[227.073565] (-) TimerEvent: {}
[227.173920] (-) TimerEvent: {}
[227.274287] (-) TimerEvent: {}
[227.374665] (-) TimerEvent: {}
[227.475020] (-) TimerEvent: {}
[227.575377] (-) TimerEvent: {}
[227.675755] (-) TimerEvent: {}
[227.776114] (-) TimerEvent: {}
[227.876467] (-) TimerEvent: {}
[227.976839] (-) TimerEvent: {}
[228.077237] (-) TimerEvent: {}
[228.177592] (-) TimerEvent: {}
[228.277945] (-) TimerEvent: {}
[228.380911] (-) TimerEvent: {}
[228.481264] (-) TimerEvent: {}
[228.581705] (-) TimerEvent: {}
[228.682085] (-) TimerEvent: {}
[228.782448] (-) TimerEvent: {}
[228.882825] (-) TimerEvent: {}
[228.983444] (-) TimerEvent: {}
[229.084454] (-) TimerEvent: {}
[229.184837] (-) TimerEvent: {}
[229.285206] (-) TimerEvent: {}
[229.385574] (-) TimerEvent: {}
[229.485937] (-) TimerEvent: {}
[229.586340] (-) TimerEvent: {}
[229.686831] (-) TimerEvent: {}
[229.787224] (-) TimerEvent: {}
[229.887591] (-) TimerEvent: {}
[229.987991] (-) TimerEvent: {}
[230.088387] (-) TimerEvent: {}
[230.191794] (-) TimerEvent: {}
[230.292166] (-) TimerEvent: {}
[230.363962] (speech_to_text_pkg) StdoutLine: {'line': b'[100%] \x1b[32m\x1b[1mLinking CXX executable whisper_transcription_node\x1b[0m\n'}
[230.392340] (-) TimerEvent: {}
[230.495403] (-) TimerEvent: {}
[230.595833] (-) TimerEvent: {}
[230.696206] (-) TimerEvent: {}
[230.730854] (speech_to_text_pkg) StdoutLine: {'line': b'[100%] Built target whisper_transcription_node\n'}
[230.741191] (speech_to_text_pkg) CommandEnded: {'returncode': 0}
[230.742269] (speech_to_text_pkg) JobProgress: {'identifier': 'speech_to_text_pkg', 'progress': 'install'}
[230.742887] (speech_to_text_pkg) Command: {'cmd': ['/usr/local/bin/cmake', '--install', '/home/dredre/DevStuff/scrollDiary/speechToText/build/speech_to_text_pkg'], 'cwd': '/home/dredre/DevStuff/scrollDiary/speechToText/build/speech_to_text_pkg', 'env': OrderedDict({'LESSOPEN': '| /usr/bin/lesspipe %s', 'USER': 'dredre', 'GZ_CONFIG_PATH': '/opt/ros/jazzy/opt/sdformat_vendor/share/gz', 'XDG_SESSION_TYPE': 'wayland', 'CLUTTER_DISABLE_MIPMAPPED_TEXT': '1', 'SHLVL': '1', 'LD_LIBRARY_PATH': '/home/dredre/DevStuff/scrollDiary/speechToText/install/speech_to_text_interfaces/lib:/opt/ros/jazzy/opt/sdformat_vendor/lib:/opt/ros/jazzy/opt/rviz_ogre_vendor/lib:/opt/ros/jazzy/lib/aarch64-linux-gnu:/opt/ros/jazzy/opt/gz_math_vendor/lib:/opt/ros/jazzy/opt/gz_utils_vendor/lib:/opt/ros/jazzy/opt/gz_tools_vendor/lib:/opt/ros/jazzy/opt/gz_cmake_vendor/lib:/opt/ros/jazzy/lib', 'HOME': '/home/dredre', 'OLDPWD': '/home/dredre/DevStuff/scrollDiary/speechToText/speechToText', 'DESKTOP_SESSION': 'ubuntu', 'ROS_PYTHON_VERSION': '3', 'GNOME_SHELL_SESSION_MODE': 'ubuntu', 'GTK_MODULES': 'gail:atk-bridge', 'SYSTEMD_EXEC_PID': '2755', 'GSM_SKIP_SSH_AGENT_WORKAROUND': 'true', 'DBUS_SESSION_BUS_ADDRESS': 'unix:path=/run/user/1000/bus', 'COLORTERM': 'truecolor', 'DEBUGINFOD_URLS': 'https://debuginfod.ubuntu.com', 'IM_CONFIG_PHASE': '1', 'WAYLAND_DISPLAY': 'wayland-0', 'ROS_DISTRO': 'jazzy', 'LOGNAME': 'dredre', '_': '/usr/bin/colcon', 'ROS_VERSION': '2', 'MEMORY_PRESSURE_WATCH': '/sys/fs/cgroup/user.slice/user-1000.slice/user@1000.service/session.slice/org.gnome.Shell@wayland.service/memory.pressure', 'XDG_SESSION_CLASS': 'user', 'USERNAME': 'dredre', 'TERM': 'xterm-256color', 'GNOME_DESKTOP_SESSION_ID': 'this-is-deprecated', 'PATH': '/opt/ros/jazzy/opt/gz_tools_vendor/bin:/opt/ros/jazzy/bin:/home/dredre/.local/bin:/usr/local/sbin:/usr/local/bin:/usr/sbin:/usr/bin:/sbin:/bin:/usr/games:/usr/local/games:/snap/bin:/snap/bin:/home/dredre/.local/bin', 'SESSION_MANAGER': 'local/dredre-desktop:@/tmp/.ICE-unix/2723,unix/dredre-desktop:/tmp/.ICE-unix/2723', 'XDG_MENU_PREFIX': 'gnome-', 'GNOME_TERMINAL_SCREEN': '/org/gnome/Terminal/screen/715bc202_528e_4dd9_bd09_ecb7180209d0', 'GNOME_SETUP_DISPLAY': ':1', 'XDG_RUNTIME_DIR': '/run/user/1000', 'DISPLAY': ':0', 'LANG': 'C.UTF-8', 'XDG_CURRENT_DESKTOP': 'ubuntu:GNOME', 'XMODIFIERS': '@im=ibus', 'XDG_SESSION_DESKTOP': 'ubuntu', 'XAUTHORITY': '/run/user/1000/.mutter-Xwaylandauth.ASK4U3', 'LS_COLORS': 'rs=0:di=01;34:ln=01;36:mh=00:pi=40;33:so=01;35:do=01;35:bd=40;33;01:cd=40;33;01:or=40;31;01:mi=00:su=37;41:sg=30;43:ca=00:tw=30;42:ow=34;42:st=37;44:ex=01;32:*.tar=01;31:*.tgz=01;31:*.arc=01;31:*.arj=01;31:*.taz=01;31:*.lha=01;31:*.lz4=01;31:*.lzh=01;31:*.lzma=01;31:*.tlz=01;31:*.txz=01;31:*.tzo=01;31:*.t7z=01;31:*.zip=01;31:*.z=01;31:*.dz=01;31:*.gz=01;31:*.lrz=01;31:*.lz=01;31:*.lzo=01;31:*.xz=01;31:*.zst=01;31:*.tzst=01;31:*.bz2=01;31:*.bz=01;31:*.tbz=01;31:*.tbz2=01;31:*.tz=01;31:*.deb=01;31:*.rpm=01;31:*.jar=01;31:*.war=01;31:*.ear=01;31:*.sar=01;31:*.rar=01;31:*.alz=01;31:*.ace=01;31:*.zoo=01;31:*.cpio=01;31:*.7z=01;31:*.rz=01;31:*.cab=01;31:*.wim=01;31:*.swm=01;31:*.dwm=01;31:*.esd=01;31:*.avif=01;35:*.jpg=01;35:*.jpeg=01;35:*.mjpg=01;35:*.mjpeg=01;35:*.gif=01;35:*.bmp=01;35:*.pbm=01;35:*.pgm=01;35:*.ppm=01;35:*.tga=01;35:*.xbm=01;35:*.xpm=01;35:*.tif=01;35:*.tiff=01;35:*.png=01;35:*.svg=01;35:*.svgz=01;35:*.mng=01;35:*.pcx=01;35:*.mov=01;35:*.mpg=01;35:*.mpeg=01;35:*.m2v=01;35:*.mkv=01;35:*.webm=01;35:*.webp=01;35:*.ogm=01;35:*.mp4=01;35:*.m4v=01;35:*.mp4v=01;35:*.vob=01;35:*.qt=01;35:*.nuv=01;35:*.wmv=01;35:*.asf=01;35:*.rm=01;35:*.rmvb=01;35:*.flc=01;35:*.avi=01;35:*.fli=01;35:*.flv=01;35:*.gl=01;35:*.dl=01;35:*.xcf=01;35:*.xwd=01;35:*.yuv=01;35:*.cgm=01;35:*.emf=01;35:*.ogv=01;35:*.ogx=01;35:*.aac=00;36:*.au=00;36:*.flac=00;36:*.m4a=00;36:*.mid=00;36:*.midi=00;36:*.mka=00;36:*.mp3=00;36:*.mpc=00;36:*.ogg=00;36:*.ra=00;36:*.wav=00;36:*.oga=00;36:*.opus=00;36:*.spx=00;36:*.xspf=00;36:*~=00;90:*#=00;90:*.bak=00;90:*.crdownload=00;90:*.dpkg-dist=00;90:*.dpkg-new=00;90:*.dpkg-old=00;90:*.dpkg-tmp=00;90:*.old=00;90:*.orig=00;90:*.part=00;90:*.rej=00;90:*.rpmnew=00;90:*.rpmorig=00;90:*.rpmsave=00;90:*.swp=00;90:*.tmp=00;90:*.ucf-dist=00;90:*.ucf-new=00;90:*.ucf-old=00;90:', 'GNOME_TERMINAL_SERVICE': ':1.104', 'SSH_AUTH_SOCK': '/run/user/1000/keyring/ssh', 'ROS_DOMAIN_ID': '1', 'AMENT_PREFIX_PATH': '/home/dredre/DevStuff/scrollDiary/speechToText/install/speech_to_text_interfaces:/opt/ros/jazzy', 'SHELL': '/bin/bash', 'QT_ACCESSIBILITY': '1', 'GDMSESSION': 'ubuntu', 'LESSCLOSE': '/usr/bin/lesspipe %s %s', 'ROS_AUTOMATIC_DISCOVERY_RANGE': 'SUBNET', 'QT_IM_MODULE': 'ibus', 'PWD': '/home/dredre/DevStuff/scrollDiary/speechToText/build/speech_to_text_pkg', 'XDG_CONFIG_DIRS': '/etc/xdg/xdg-ubuntu:/etc/xdg', 'XDG_DATA_DIRS': '/usr/share/ubuntu:/usr/share/gnome:/usr/local/share/:/usr/share/:/var/lib/snapd/desktop', 'PYTHONPATH': '/home/dredre/DevStuff/scrollDiary/speechToText/install/speech_to_text_interfaces/lib/python3.12/site-packages:/opt/ros/jazzy/lib/python3.12/site-packages', 'COLCON': '1', 'MEMORY_PRESSURE_WRITE': 'c29tZSAyMDAwMDAgMjAwMDAwMAA=', 'VTE_VERSION': '7600', 'CMAKE_PREFIX_PATH': '/home/dredre/DevStuff/scrollDiary/speechToText/install/speech_to_text_interfaces:/opt/ros/jazzy/opt/sdformat_vendor:/opt/ros/jazzy/opt/gz_math_vendor:/opt/ros/jazzy/opt/gz_utils_vendor:/opt/ros/jazzy/opt/gz_tools_vendor:/opt/ros/jazzy/opt/gz_cmake_vendor:/opt/ros/jazzy'}), 'shell': False}
[230.750428] (speech_to_text_pkg) StdoutLine: {'line': b'-- Install configuration: "Release"\n'}
[230.750811] (speech_to_text_pkg) StdoutLine: {'line': b'-- Installing: /home/dredre/DevStuff/scrollDiary/speechToText/install/speech_to_text_pkg/lib/speech_to_text_pkg/transcription_pre_process_node\n'}
[230.753997] (speech_to_text_pkg) StdoutLine: {'line': b'-- Set non-toolchain portion of runtime path of "/home/dredre/DevStuff/scrollDiary/speechToText/install/speech_to_text_pkg/lib/speech_to_text_pkg/transcription_pre_process_node" to ""\n'}
[230.754256] (speech_to_text_pkg) StdoutLine: {'line': b'-- Installing: /home/dredre/DevStuff/scrollDiary/speechToText/install/speech_to_text_pkg/lib/speech_to_text_pkg/audio_capture_node\n'}
[230.756863] (speech_to_text_pkg) StdoutLine: {'line': b'-- Set non-toolchain portion of runtime path of "/home/dredre/DevStuff/scrollDiary/speechToText/install/speech_to_text_pkg/lib/speech_to_text_pkg/audio_capture_node" to ""\n'}
[230.757085] (speech_to_text_pkg) StdoutLine: {'line': b'-- Installing: /home/dredre/DevStuff/scrollDiary/speechToText/install/speech_to_text_pkg/lib/speech_to_text_pkg/whisper_transcription_node\n'}
[230.760181] (speech_to_text_pkg) StdoutLine: {'line': b'-- Set non-toolchain portion of runtime path of "/home/dredre/DevStuff/scrollDiary/speechToText/install/speech_to_text_pkg/lib/speech_to_text_pkg/whisper_transcription_node" to ""\n'}
[230.760401] (speech_to_text_pkg) StdoutLine: {'line': b'-- Installing: /home/dredre/DevStuff/scrollDiary/speechToText/install/speech_to_text_pkg/lib/speech_to_text_pkg/wakeWordNode.py\n'}
[230.761558] (speech_to_text_pkg) StdoutLine: {'line': b'-- Installing: /home/dredre/DevStuff/scrollDiary/speechToText/install/speech_to_text_pkg/share/ament_index/resource_index/package_run_dependencies/speech_to_text_pkg\n'}
[230.761834] (speech_to_text_pkg) StdoutLine: {'line': b'-- Installing: /home/dredre/DevStuff/scrollDiary/speechToText/install/speech_to_text_pkg/share/ament_index/resource_index/parent_prefix_path/speech_to_text_pkg\n'}
[230.762181] (speech_to_text_pkg) StdoutLine: {'line': b'-- Installing: /home/dredre/DevStuff/scrollDiary/speechToText/install/speech_to_text_pkg/share/speech_to_text_pkg/environment/ament_prefix_path.sh\n'}
[230.762380] (speech_to_text_pkg) StdoutLine: {'line': b'-- Installing: /home/dredre/DevStuff/scrollDiary/speechToText/install/speech_to_text_pkg/share/speech_to_text_pkg/environment/ament_prefix_path.dsv\n'}
[230.762620] (speech_to_text_pkg) StdoutLine: {'line': b'-- Installing: /home/dredre/DevStuff/scrollDiary/speechToText/install/speech_to_text_pkg/share/speech_to_text_pkg/environment/path.sh\n'}
[230.762816] (speech_to_text_pkg) StdoutLine: {'line': b'-- Installing: /home/dredre/DevStuff/scrollDiary/speechToText/install/speech_to_text_pkg/share/speech_to_text_pkg/environment/path.dsv\n'}
[230.763076] (speech_to_text_pkg) StdoutLine: {'line': b'-- Installing: /home/dredre/DevStuff/scrollDiary/speechToText/install/speech_to_text_pkg/share/speech_to_text_pkg/local_setup.bash\n'}
[230.765610] (speech_to_text_pkg) StdoutLine: {'line': b'-- Installing: /home/dredre/DevStuff/scrollDiary/speechToText/install/speech_to_text_pkg/share/speech_to_text_pkg/local_setup.sh\n'}
[230.765775] (speech_to_text_pkg) StdoutLine: {'line': b'-- Installing: /home/dredre/DevStuff/scrollDiary/speechToText/install/speech_to_text_pkg/share/speech_to_text_pkg/local_setup.zsh\n'}
[230.765872] (speech_to_text_pkg) StdoutLine: {'line': b'-- Installing: /home/dredre/DevStuff/scrollDiary/speechToText/install/speech_to_text_pkg/share/speech_to_text_pkg/local_setup.dsv\n'}
[230.765966] (speech_to_text_pkg) StdoutLine: {'line': b'-- Installing: /home/dredre/DevStuff/scrollDiary/speechToText/install/speech_to_text_pkg/share/speech_to_text_pkg/package.dsv\n'}
[230.766057] (speech_to_text_pkg) StdoutLine: {'line': b'-- Installing: /home/dredre/DevStuff/scrollDiary/speechToText/install/speech_to_text_pkg/share/ament_index/resource_index/packages/speech_to_text_pkg\n'}
[230.766143] (speech_to_text_pkg) StdoutLine: {'line': b'-- Installing: /home/dredre/DevStuff/scrollDiary/speechToText/install/speech_to_text_pkg/share/speech_to_text_pkg/cmake/speech_to_text_pkgConfig.cmake\n'}
[230.766233] (speech_to_text_pkg) StdoutLine: {'line': b'-- Installing: /home/dredre/DevStuff/scrollDiary/speechToText/install/speech_to_text_pkg/share/speech_to_text_pkg/cmake/speech_to_text_pkgConfig-version.cmake\n'}
[230.766322] (speech_to_text_pkg) StdoutLine: {'line': b'-- Installing: /home/dredre/DevStuff/scrollDiary/speechToText/install/speech_to_text_pkg/share/speech_to_text_pkg/package.xml\n'}
[230.766511] (speech_to_text_pkg) StdoutLine: {'line': b'-- Installing: /home/dredre/DevStuff/scrollDiary/speechToText/install/speech_to_text_pkg/lib/libwhisper.so.1.8.3\n'}
[230.767366] (speech_to_text_pkg) StdoutLine: {'line': b'-- Installing: /home/dredre/DevStuff/scrollDiary/speechToText/install/speech_to_text_pkg/lib/libwhisper.so.1\n'}
[230.767859] (speech_to_text_pkg) StdoutLine: {'line': b'-- Set non-toolchain portion of runtime path of "/home/dredre/DevStuff/scrollDiary/speechToText/install/speech_to_text_pkg/lib/libwhisper.so.1.8.3" to ""\n'}
[230.768024] (speech_to_text_pkg) StdoutLine: {'line': b'-- Installing: /home/dredre/DevStuff/scrollDiary/speechToText/install/speech_to_text_pkg/lib/libwhisper.so\n'}
[230.768566] (speech_to_text_pkg) StdoutLine: {'line': b'-- Installing: /home/dredre/DevStuff/scrollDiary/speechToText/install/speech_to_text_pkg/include/whisper.h\n'}
[230.768802] (speech_to_text_pkg) StdoutLine: {'line': b'-- Installing: /home/dredre/DevStuff/scrollDiary/speechToText/install/speech_to_text_pkg/lib/cmake/whisper/whisper-config.cmake\n'}
[230.768955] (speech_to_text_pkg) StdoutLine: {'line': b'-- Installing: /home/dredre/DevStuff/scrollDiary/speechToText/install/speech_to_text_pkg/lib/cmake/whisper/whisper-version.cmake\n'}
[230.769304] (speech_to_text_pkg) StdoutLine: {'line': b'-- Installing: /home/dredre/DevStuff/scrollDiary/speechToText/install/speech_to_text_pkg/lib/pkgconfig/whisper.pc\n'}
[230.770830] (speech_to_text_pkg) StdoutLine: {'line': b'-- Installing: /home/dredre/DevStuff/scrollDiary/speechToText/install/speech_to_text_pkg/lib/libggml-cpu.so.0.9.5\n'}
[230.772036] (speech_to_text_pkg) StdoutLine: {'line': b'-- Installing: /home/dredre/DevStuff/scrollDiary/speechToText/install/speech_to_text_pkg/lib/libggml-cpu.so.0\n'}
[230.772477] (speech_to_text_pkg) StdoutLine: {'line': b'-- Set non-toolchain portion of runtime path of "/home/dredre/DevStuff/scrollDiary/speechToText/install/speech_to_text_pkg/lib/libggml-cpu.so.0.9.5" to ""\n'}
[230.772642] (speech_to_text_pkg) StdoutLine: {'line': b'-- Installing: /home/dredre/DevStuff/scrollDiary/speechToText/install/speech_to_text_pkg/lib/libggml-cpu.so\n'}
[230.772792] (speech_to_text_pkg) StdoutLine: {'line': b'-- Installing: /home/dredre/DevStuff/scrollDiary/speechToText/install/speech_to_text_pkg/lib/libggml.so.0.9.5\n'}
[230.773123] (speech_to_text_pkg) StdoutLine: {'line': b'-- Installing: /home/dredre/DevStuff/scrollDiary/speechToText/install/speech_to_text_pkg/lib/libggml.so.0\n'}
[230.773524] (speech_to_text_pkg) StdoutLine: {'line': b'-- Set non-toolchain portion of runtime path of "/home/dredre/DevStuff/scrollDiary/speechToText/install/speech_to_text_pkg/lib/libggml.so.0.9.5" to ""\n'}
[230.773673] (speech_to_text_pkg) StdoutLine: {'line': b'-- Installing: /home/dredre/DevStuff/scrollDiary/speechToText/install/speech_to_text_pkg/lib/libggml.so\n'}
[230.776614] (speech_to_text_pkg) StdoutLine: {'line': b'-- Installing: /home/dredre/DevStuff/scrollDiary/speechToText/install/speech_to_text_pkg/include/ggml.h\n'}
[230.776770] (speech_to_text_pkg) StdoutLine: {'line': b'-- Installing: /home/dredre/DevStuff/scrollDiary/speechToText/install/speech_to_text_pkg/include/ggml-cpu.h\n'}
[230.776865] (speech_to_text_pkg) StdoutLine: {'line': b'-- Installing: /home/dredre/DevStuff/scrollDiary/speechToText/install/speech_to_text_pkg/include/ggml-alloc.h\n'}
[230.776952] (speech_to_text_pkg) StdoutLine: {'line': b'-- Installing: /home/dredre/DevStuff/scrollDiary/speechToText/install/speech_to_text_pkg/include/ggml-backend.h\n'}
[230.777039] (speech_to_text_pkg) StdoutLine: {'line': b'-- Installing: /home/dredre/DevStuff/scrollDiary/speechToText/install/speech_to_text_pkg/include/ggml-blas.h\n'}
[230.777125] (speech_to_text_pkg) StdoutLine: {'line': b'-- Installing: /home/dredre/DevStuff/scrollDiary/speechToText/install/speech_to_text_pkg/include/ggml-cann.h\n'}
[230.777204] (speech_to_text_pkg) StdoutLine: {'line': b'-- Installing: /home/dredre/DevStuff/scrollDiary/speechToText/install/speech_to_text_pkg/include/ggml-cpp.h\n'}
[230.777286] (speech_to_text_pkg) StdoutLine: {'line': b'-- Installing: /home/dredre/DevStuff/scrollDiary/speechToText/install/speech_to_text_pkg/include/ggml-cuda.h\n'}
[230.777366] (speech_to_text_pkg) StdoutLine: {'line': b'-- Installing: /home/dredre/DevStuff/scrollDiary/speechToText/install/speech_to_text_pkg/include/ggml-opt.h\n'}
[230.777449] (speech_to_text_pkg) StdoutLine: {'line': b'-- Installing: /home/dredre/DevStuff/scrollDiary/speechToText/install/speech_to_text_pkg/include/ggml-metal.h\n'}
[230.777590] (speech_to_text_pkg) StdoutLine: {'line': b'-- Installing: /home/dredre/DevStuff/scrollDiary/speechToText/install/speech_to_text_pkg/include/ggml-rpc.h\n'}
[230.777700] (speech_to_text_pkg) StdoutLine: {'line': b'-- Installing: /home/dredre/DevStuff/scrollDiary/speechToText/install/speech_to_text_pkg/include/ggml-sycl.h\n'}
[230.777786] (speech_to_text_pkg) StdoutLine: {'line': b'-- Installing: /home/dredre/DevStuff/scrollDiary/speechToText/install/speech_to_text_pkg/include/ggml-vulkan.h\n'}
[230.778664] (speech_to_text_pkg) StdoutLine: {'line': b'-- Installing: /home/dredre/DevStuff/scrollDiary/speechToText/install/speech_to_text_pkg/include/ggml-webgpu.h\n'}
[230.778905] (speech_to_text_pkg) StdoutLine: {'line': b'-- Installing: /home/dredre/DevStuff/scrollDiary/speechToText/install/speech_to_text_pkg/include/ggml-zendnn.h\n'}
[230.779078] (speech_to_text_pkg) StdoutLine: {'line': b'-- Installing: /home/dredre/DevStuff/scrollDiary/speechToText/install/speech_to_text_pkg/include/gguf.h\n'}
[230.779248] (speech_to_text_pkg) StdoutLine: {'line': b'-- Installing: /home/dredre/DevStuff/scrollDiary/speechToText/install/speech_to_text_pkg/lib/libggml-base.so.0.9.5\n'}
[230.779456] (speech_to_text_pkg) StdoutLine: {'line': b'-- Installing: /home/dredre/DevStuff/scrollDiary/speechToText/install/speech_to_text_pkg/lib/libggml-base.so.0\n'}
[230.779652] (speech_to_text_pkg) StdoutLine: {'line': b'-- Installing: /home/dredre/DevStuff/scrollDiary/speechToText/install/speech_to_text_pkg/lib/libggml-base.so\n'}
[230.779792] (speech_to_text_pkg) StdoutLine: {'line': b'-- Installing: /home/dredre/DevStuff/scrollDiary/speechToText/install/speech_to_text_pkg/lib/cmake/ggml/ggml-config.cmake\n'}
[230.779963] (speech_to_text_pkg) StdoutLine: {'line': b'-- Installing: /home/dredre/DevStuff/scrollDiary/speechToText/install/speech_to_text_pkg/lib/cmake/ggml/ggml-version.cmake\n'}
[230.782378] (speech_to_text_pkg) CommandEnded: {'returncode': 0}
[230.796296] (-) TimerEvent: {}
[230.825182] (speech_to_text_pkg) JobEnded: {'identifier': 'speech_to_text_pkg', 'rc': 0}
[230.828605] (printer_pkg) JobStarted: {'identifier': 'printer_pkg'}
[230.857137] (printer_pkg) JobProgress: {'identifier': 'printer_pkg', 'progress': 'cmake'}
[230.857998] (printer_pkg) Command: {'cmd': ['/usr/local/bin/cmake', '/home/dredre/DevStuff/scrollDiary/speechToText/ros2Workspace/src/printer_pkg', '-DCMAKE_INSTALL_PREFIX=/home/dredre/DevStuff/scrollDiary/speechToText/install/printer_pkg'], 'cwd': '/home/dredre/DevStuff/scrollDiary/speechToText/build/printer_pkg', 'env': OrderedDict({'LESSOPEN': '| /usr/bin/lesspipe %s', 'USER': 'dredre', 'GZ_CONFIG_PATH': '/opt/ros/jazzy/opt/sdformat_vendor/share/gz', 'XDG_SESSION_TYPE': 'wayland', 'CLUTTER_DISABLE_MIPMAPPED_TEXT': '1', 'SHLVL': '1', 'LD_LIBRARY_PATH': '/home/dredre/DevStuff/scrollDiary/speechToText/install/speech_to_text_pkg/lib:/home/dredre/DevStuff/scrollDiary/speechToText/install/speech_to_text_interfaces/lib:/opt/ros/jazzy/opt/sdformat_vendor/lib:/opt/ros/jazzy/opt/rviz_ogre_vendor/lib:/opt/ros/jazzy/lib/aarch64-linux-gnu:/opt/ros/jazzy/opt/gz_math_vendor/lib:/opt/ros/jazzy/opt/gz_utils_vendor/lib:/opt/ros/jazzy/opt/gz_tools_vendor/lib:/opt/ros/jazzy/opt/gz_cmake_vendor/lib:/opt/ros/jazzy/lib', 'HOME': '/home/dredre', 'OLDPWD': '/home/dredre/DevStuff/scrollDiary/speechToText/speechToText', 'DESKTOP_SESSION': 'ubuntu', 'ROS_PYTHON_VERSION': '3', 'GNOME_SHELL_SESSION_MODE': 'ubuntu', 'GTK_MODULES': 'gail:atk-bridge', 'SYSTEMD_EXEC_PID': '2755', 'GSM_SKIP_SSH_AGENT_WORKAROUND': 'true', 'DBUS_SESSION_BUS_ADDRESS': 'unix:path=/run/user/1000/bus', 'COLORTERM': 'truecolor', 'DEBUGINFOD_URLS': 'https://debuginfod.ubuntu.com', 'IM_CONFIG_PHASE': '1', 'WAYLAND_DISPLAY': 'wayland-0', 'ROS_DISTRO': 'jazzy', 'LOGNAME': 'dredre', '_': '/usr/bin/colcon', 'ROS_VERSION': '2', 'MEMORY_PRESSURE_WATCH': '/sys/fs/cgroup/user.slice/user-1000.slice/user@1000.service/session.slice/org.gnome.Shell@wayland.service/memory.pressure', 'XDG_SESSION_CLASS': 'user', 'USERNAME': 'dredre', 'TERM': 'xterm-256color', 'GNOME_DESKTOP_SESSION_ID': 'this-is-deprecated', 'PATH': '/opt/ros/jazzy/opt/gz_tools_vendor/bin:/opt/ros/jazzy/bin:/home/dredre/.local/bin:/usr/local/sbin:/usr/local/bin:/usr/sbin:/usr/bin:/sbin:/bin:/usr/games:/usr/local/games:/snap/bin:/snap/bin:/home/dredre/.local/bin', 'SESSION_MANAGER': 'local/dredre-desktop:@/tmp/.ICE-unix/2723,unix/dredre-desktop:/tmp/.ICE-unix/2723', 'XDG_MENU_PREFIX': 'gnome-', 'GNOME_TERMINAL_SCREEN': '/org/gnome/Terminal/screen/715bc202_528e_4dd9_bd09_ecb7180209d0', 'GNOME_SETUP_DISPLAY': ':1', 'XDG_RUNTIME_DIR': '/run/user/1000', 'DISPLAY': ':0', 'LANG': 'C.UTF-8', 'XDG_CURRENT_DESKTOP': 'ubuntu:GNOME', 'XMODIFIERS': '@im=ibus', 'XDG_SESSION_DESKTOP': 'ubuntu', 'XAUTHORITY': '/run/user/1000/.mutter-Xwaylandauth.ASK4U3', 'LS_COLORS': 'rs=0:di=01;34:ln=01;36:mh=00:pi=40;33:so=01;35:do=01;35:bd=40;33;01:cd=40;33;01:or=40;31;01:mi=00:su=37;41:sg=30;43:ca=00:tw=30;42:ow=34;42:st=37;44:ex=01;32:*.tar=01;31:*.tgz=01;31:*.arc=01;31:*.arj=01;31:*.taz=01;31:*.lha=01;31:*.lz4=01;31:*.lzh=01;31:*.lzma=01;31:*.tlz=01;31:*.txz=01;31:*.tzo=01;31:*.t7z=01;31:*.zip=01;31:*.z=01;31:*.dz=01;31:*.gz=01;31:*.lrz=01;31:*.lz=01;31:*.lzo=01;31:*.xz=01;31:*.zst=01;31:*.tzst=01;31:*.bz2=01;31:*.bz=01;31:*.tbz=01;31:*.tbz2=01;31:*.tz=01;31:*.deb=01;31:*.rpm=01;31:*.jar=01;31:*.war=01;31:*.ear=01;31:*.sar=01;31:*.rar=01;31:*.alz=01;31:*.ace=01;31:*.zoo=01;31:*.cpio=01;31:*.7z=01;31:*.rz=01;31:*.cab=01;31:*.wim=01;31:*.swm=01;31:*.dwm=01;31:*.esd=01;31:*.avif=01;35:*.jpg=01;35:*.jpeg=01;35:*.mjpg=01;35:*.mjpeg=01;35:*.gif=01;35:*.bmp=01;35:*.pbm=01;35:*.pgm=01;35:*.ppm=01;35:*.tga=01;35:*.xbm=01;35:*.xpm=01;35:*.tif=01;35:*.tiff=01;35:*.png=01;35:*.svg=01;35:*.svgz=01;35:*.mng=01;35:*.pcx=01;35:*.mov=01;35:*.mpg=01;35:*.mpeg=01;35:*.m2v=01;35:*.mkv=01;35:*.webm=01;35:*.webp=01;35:*.ogm=01;35:*.mp4=01;35:*.m4v=01;35:*.mp4v=01;35:*.vob=01;35:*.qt=01;35:*.nuv=01;35:*.wmv=01;35:*.asf=01;35:*.rm=01;35:*.rmvb=01;35:*.flc=01;35:*.avi=01;35:*.fli=01;35:*.flv=01;35:*.gl=01;35:*.dl=01;35:*.xcf=01;35:*.xwd=01;35:*.yuv=01;35:*.cgm=01;35:*.emf=01;35:*.ogv=01;35:*.ogx=01;35:*.aac=00;36:*.au=00;36:*.flac=00;36:*.m4a=00;36:*.mid=00;36:*.midi=00;36:*.mka=00;36:*.mp3=00;36:*.mpc=00;36:*.ogg=00;36:*.ra=00;36:*.wav=00;36:*.oga=00;36:*.opus=00;36:*.spx=00;36:*.xspf=00;36:*~=00;90:*#=00;90:*.bak=00;90:*.crdownload=00;90:*.dpkg-dist=00;90:*.dpkg-new=00;90:*.dpkg-old=00;90:*.dpkg-tmp=00;90:*.old=00;90:*.orig=00;90:*.part=00;90:*.rej=00;90:*.rpmnew=00;90:*.rpmorig=00;90:*.rpmsave=00;90:*.swp=00;90:*.tmp=00;90:*.ucf-dist=00;90:*.ucf-new=00;90:*.ucf-old=00;90:', 'GNOME_TERMINAL_SERVICE': ':1.104', 'SSH_AUTH_SOCK': '/run/user/1000/keyring/ssh', 'ROS_DOMAIN_ID': '1', 'AMENT_PREFIX_PATH': '/home/dredre/DevStuff/scrollDiary/speechToText/install/speech_to_text_pkg:/home/dredre/DevStuff/scrollDiary/speechToText/install/speech_to_text_interfaces:/opt/ros/jazzy', 'SHELL': '/bin/bash', 'QT_ACCESSIBILITY': '1', 'GDMSESSION': 'ubuntu', 'LESSCLOSE': '/usr/bin/lesspipe %s %s', 'ROS_AUTOMATIC_DISCOVERY_RANGE': 'SUBNET', 'QT_IM_MODULE': 'ibus', 'PWD': '/home/dredre/DevStuff/scrollDiary/speechToText/build/printer_pkg', 'XDG_CONFIG_DIRS': '/etc/xdg/xdg-ubuntu:/etc/xdg', 'XDG_DATA_DIRS': '/usr/share/ubuntu:/usr/share/gnome:/usr/local/share/:/usr/share/:/var/lib/snapd/desktop', 'PYTHONPATH': '/home/dredre/DevStuff/scrollDiary/speechToText/install/speech_to_text_interfaces/lib/python3.12/site-packages:/opt/ros/jazzy/lib/python3.12/site-packages', 'COLCON': '1', 'MEMORY_PRESSURE_WRITE': 'c29tZSAyMDAwMDAgMjAwMDAwMAA=', 'VTE_VERSION': '7600', 'CMAKE_PREFIX_PATH': '/home/dredre/DevStuff/scrollDiary/speechToText/install/speech_to_text_pkg:/home/dredre/DevStuff/scrollDiary/speechToText/install/speech_to_text_interfaces:/opt/ros/jazzy/opt/sdformat_vendor:/opt/ros/jazzy/opt/gz_math_vendor:/opt/ros/jazzy/opt/gz_utils_vendor:/opt/ros/jazzy/opt/gz_tools_vendor:/opt/ros/jazzy/opt/gz_cmake_vendor:/opt/ros/jazzy'}), 'shell': False}
[230.865843] (printer_pkg) StderrLine: {'line': b'\x1b[0mCMake Deprecation Warning at CMakeLists.txt:1 (cmake_minimum_required):\n'}
[230.866141] (printer_pkg) StderrLine: {'line': b'  Compatibility with CMake < 3.10 will be removed from a future version of\n'}
[230.866249] (printer_pkg) StderrLine: {'line': b'  CMake.\n'}
[230.866336] (printer_pkg) StderrLine: {'line': b'\n'}
[230.866413] (printer_pkg) StderrLine: {'line': b'  Update the VERSION argument <min> value.  Or, use the <min>...<max> syntax\n'}
[230.866495] (printer_pkg) StderrLine: {'line': b'  to tell CMake that the project requires at least <min> but has been updated\n'}
[230.866615] (printer_pkg) StderrLine: {'line': b'  to work with policies introduced by <max> or earlier.\n'}
[230.866698] (printer_pkg) StderrLine: {'line': b'\n'}
[230.866775] (printer_pkg) StderrLine: {'line': b'\x1b[0m\n'}
[230.896435] (-) TimerEvent: {}
[230.961688] (printer_pkg) StdoutLine: {'line': b'-- The C compiler identification is GNU 14.2.0\n'}
[230.996561] (-) TimerEvent: {}
[231.096945] (-) TimerEvent: {}
[231.114819] (printer_pkg) StdoutLine: {'line': b'-- The CXX compiler identification is GNU 13.3.0\n'}
[231.131964] (printer_pkg) StdoutLine: {'line': b'-- Detecting C compiler ABI info\n'}
[231.197678] (-) TimerEvent: {}
[231.298541] (-) TimerEvent: {}
[231.344129] (printer_pkg) StdoutLine: {'line': b'-- Detecting C compiler ABI info - done\n'}
[231.369953] (printer_pkg) StdoutLine: {'line': b'-- Check for working C compiler: /usr/bin/cc - skipped\n'}
[231.370372] (printer_pkg) StdoutLine: {'line': b'-- Detecting C compile features\n'}
[231.370987] (printer_pkg) StdoutLine: {'line': b'-- Detecting C compile features - done\n'}
[231.392357] (printer_pkg) StdoutLine: {'line': b'-- Detecting CXX compiler ABI info\n'}
[231.398646] (-) TimerEvent: {}
[231.499134] (-) TimerEvent: {}
[231.545680] (printer_pkg) StdoutLine: {'line': b'-- Detecting CXX compiler ABI info - done\n'}
[231.569053] (printer_pkg) StdoutLine: {'line': b'-- Check for working CXX compiler: /usr/bin/c++ - skipped\n'}
[231.569547] (printer_pkg) StdoutLine: {'line': b'-- Detecting CXX compile features\n'}
[231.570394] (printer_pkg) StdoutLine: {'line': b'-- Detecting CXX compile features - done\n'}
[231.584968] (printer_pkg) StdoutLine: {'line': b'-- Found ament_cmake: 2.5.5 (/opt/ros/jazzy/share/ament_cmake/cmake)\n'}
[231.599243] (-) TimerEvent: {}
[231.701742] (-) TimerEvent: {}
[231.802075] (-) TimerEvent: {}
[231.899220] (printer_pkg) StdoutLine: {'line': b'-- Found Python3: /usr/bin/python3 (found version "3.12.3") found components: Interpreter\n'}
[231.902187] (-) TimerEvent: {}
[232.002493] (-) TimerEvent: {}
[232.102849] (-) TimerEvent: {}
[232.105839] (printer_pkg) StdoutLine: {'line': b'-- Found rclcpp: 28.1.16 (/opt/ros/jazzy/share/rclcpp/cmake)\n'}
[232.176134] (printer_pkg) StdoutLine: {'line': b'-- Found rosidl_generator_c: 4.6.7 (/opt/ros/jazzy/share/rosidl_generator_c/cmake)\n'}
[232.199361] (printer_pkg) StdoutLine: {'line': b'-- Found rosidl_generator_cpp: 4.6.7 (/opt/ros/jazzy/share/rosidl_generator_cpp/cmake)\n'}
[232.202936] (-) TimerEvent: {}
[232.233971] (printer_pkg) StdoutLine: {'line': b'-- Using all available rosidl_typesupport_c: rosidl_typesupport_fastrtps_c;rosidl_typesupport_introspection_c\n'}
[232.264339] (printer_pkg) StdoutLine: {'line': b'-- Using all available rosidl_typesupport_cpp: rosidl_typesupport_fastrtps_cpp;rosidl_typesupport_introspection_cpp\n'}
[232.303056] (-) TimerEvent: {}
[232.396214] (printer_pkg) StdoutLine: {'line': b'-- Found rmw_implementation_cmake: 7.3.3 (/opt/ros/jazzy/share/rmw_implementation_cmake/cmake)\n'}
[232.401803] (printer_pkg) StdoutLine: {'line': b'-- Found rmw_fastrtps_cpp: 8.4.3 (/opt/ros/jazzy/share/rmw_fastrtps_cpp/cmake)\n'}
[232.403135] (-) TimerEvent: {}
[232.503455] (-) TimerEvent: {}
[232.538784] (printer_pkg) StdoutLine: {'line': b'-- Found OpenSSL: /usr/lib/aarch64-linux-gnu/libcrypto.so (found version "3.0.13")\n'}
[232.565556] (printer_pkg) StdoutLine: {'line': b'-- Found FastRTPS: /opt/ros/jazzy/include (Required is at least version "2.13")\n'}
[232.601889] (printer_pkg) StdoutLine: {'line': b"-- Using RMW implementation 'rmw_fastrtps_cpp' as default\n"}
[232.603543] (-) TimerEvent: {}
[232.703838] (-) TimerEvent: {}
[232.728037] (printer_pkg) StdoutLine: {'line': b'-- Found std_msgs: 5.3.6 (/opt/ros/jazzy/share/std_msgs/cmake)\n'}
[232.748708] (printer_pkg) StdoutLine: {'line': b'-- Found speech_to_text_pkg: 0.0.0 (/home/dredre/DevStuff/scrollDiary/speechToText/install/speech_to_text_pkg/share/speech_to_text_pkg/cmake)\n'}
[232.803955] (-) TimerEvent: {}
[232.906843] (-) TimerEvent: {}
[232.928424] (printer_pkg) StdoutLine: {'line': b'-- Configuring done (2.1s)\n'}
[232.947657] (printer_pkg) StdoutLine: {'line': b'-- Generating done (0.0s)\n'}
[232.952830] (printer_pkg) StdoutLine: {'line': b'-- Build files have been written to: /home/dredre/DevStuff/scrollDiary/speechToText/build/printer_pkg\n'}
[232.969759] (printer_pkg) CommandEnded: {'returncode': 0}
[232.970559] (printer_pkg) JobProgress: {'identifier': 'printer_pkg', 'progress': 'build'}
[232.970857] (printer_pkg) Command: {'cmd': ['/usr/local/bin/cmake', '--build', '/home/dredre/DevStuff/scrollDiary/speechToText/build/printer_pkg', '--', '-j4', '-l4'], 'cwd': '/home/dredre/DevStuff/scrollDiary/speechToText/build/printer_pkg', 'env': OrderedDict({'LESSOPEN': '| /usr/bin/lesspipe %s', 'USER': 'dredre', 'GZ_CONFIG_PATH': '/opt/ros/jazzy/opt/sdformat_vendor/share/gz', 'XDG_SESSION_TYPE': 'wayland', 'CLUTTER_DISABLE_MIPMAPPED_TEXT': '1', 'SHLVL': '1', 'LD_LIBRARY_PATH': '/home/dredre/DevStuff/scrollDiary/speechToText/install/speech_to_text_pkg/lib:/home/dredre/DevStuff/scrollDiary/speechToText/install/speech_to_text_interfaces/lib:/opt/ros/jazzy/opt/sdformat_vendor/lib:/opt/ros/jazzy/opt/rviz_ogre_vendor/lib:/opt/ros/jazzy/lib/aarch64-linux-gnu:/opt/ros/jazzy/opt/gz_math_vendor/lib:/opt/ros/jazzy/opt/gz_utils_vendor/lib:/opt/ros/jazzy/opt/gz_tools_vendor/lib:/opt/ros/jazzy/opt/gz_cmake_vendor/lib:/opt/ros/jazzy/lib', 'HOME': '/home/dredre', 'OLDPWD': '/home/dredre/DevStuff/scrollDiary/speechToText/speechToText', 'DESKTOP_SESSION': 'ubuntu', 'ROS_PYTHON_VERSION': '3', 'GNOME_SHELL_SESSION_MODE': 'ubuntu', 'GTK_MODULES': 'gail:atk-bridge', 'SYSTEMD_EXEC_PID': '2755', 'GSM_SKIP_SSH_AGENT_WORKAROUND': 'true', 'DBUS_SESSION_BUS_ADDRESS': 'unix:path=/run/user/1000/bus', 'COLORTERM': 'truecolor', 'DEBUGINFOD_URLS': 'https://debuginfod.ubuntu.com', 'IM_CONFIG_PHASE': '1', 'WAYLAND_DISPLAY': 'wayland-0', 'ROS_DISTRO': 'jazzy', 'LOGNAME': 'dredre', '_': '/usr/bin/colcon', 'ROS_VERSION': '2', 'MEMORY_PRESSURE_WATCH': '/sys/fs/cgroup/user.slice/user-1000.slice/user@1000.service/session.slice/org.gnome.Shell@wayland.service/memory.pressure', 'XDG_SESSION_CLASS': 'user', 'USERNAME': 'dredre', 'TERM': 'xterm-256color', 'GNOME_DESKTOP_SESSION_ID': 'this-is-deprecated', 'PATH': '/opt/ros/jazzy/opt/gz_tools_vendor/bin:/opt/ros/jazzy/bin:/home/dredre/.local/bin:/usr/local/sbin:/usr/local/bin:/usr/sbin:/usr/bin:/sbin:/bin:/usr/games:/usr/local/games:/snap/bin:/snap/bin:/home/dredre/.local/bin', 'SESSION_MANAGER': 'local/dredre-desktop:@/tmp/.ICE-unix/2723,unix/dredre-desktop:/tmp/.ICE-unix/2723', 'XDG_MENU_PREFIX': 'gnome-', 'GNOME_TERMINAL_SCREEN': '/org/gnome/Terminal/screen/715bc202_528e_4dd9_bd09_ecb7180209d0', 'GNOME_SETUP_DISPLAY': ':1', 'XDG_RUNTIME_DIR': '/run/user/1000', 'DISPLAY': ':0', 'LANG': 'C.UTF-8', 'XDG_CURRENT_DESKTOP': 'ubuntu:GNOME', 'XMODIFIERS': '@im=ibus', 'XDG_SESSION_DESKTOP': 'ubuntu', 'XAUTHORITY': '/run/user/1000/.mutter-Xwaylandauth.ASK4U3', 'LS_COLORS': 'rs=0:di=01;34:ln=01;36:mh=00:pi=40;33:so=01;35:do=01;35:bd=40;33;01:cd=40;33;01:or=40;31;01:mi=00:su=37;41:sg=30;43:ca=00:tw=30;42:ow=34;42:st=37;44:ex=01;32:*.tar=01;31:*.tgz=01;31:*.arc=01;31:*.arj=01;31:*.taz=01;31:*.lha=01;31:*.lz4=01;31:*.lzh=01;31:*.lzma=01;31:*.tlz=01;31:*.txz=01;31:*.tzo=01;31:*.t7z=01;31:*.zip=01;31:*.z=01;31:*.dz=01;31:*.gz=01;31:*.lrz=01;31:*.lz=01;31:*.lzo=01;31:*.xz=01;31:*.zst=01;31:*.tzst=01;31:*.bz2=01;31:*.bz=01;31:*.tbz=01;31:*.tbz2=01;31:*.tz=01;31:*.deb=01;31:*.rpm=01;31:*.jar=01;31:*.war=01;31:*.ear=01;31:*.sar=01;31:*.rar=01;31:*.alz=01;31:*.ace=01;31:*.zoo=01;31:*.cpio=01;31:*.7z=01;31:*.rz=01;31:*.cab=01;31:*.wim=01;31:*.swm=01;31:*.dwm=01;31:*.esd=01;31:*.avif=01;35:*.jpg=01;35:*.jpeg=01;35:*.mjpg=01;35:*.mjpeg=01;35:*.gif=01;35:*.bmp=01;35:*.pbm=01;35:*.pgm=01;35:*.ppm=01;35:*.tga=01;35:*.xbm=01;35:*.xpm=01;35:*.tif=01;35:*.tiff=01;35:*.png=01;35:*.svg=01;35:*.svgz=01;35:*.mng=01;35:*.pcx=01;35:*.mov=01;35:*.mpg=01;35:*.mpeg=01;35:*.m2v=01;35:*.mkv=01;35:*.webm=01;35:*.webp=01;35:*.ogm=01;35:*.mp4=01;35:*.m4v=01;35:*.mp4v=01;35:*.vob=01;35:*.qt=01;35:*.nuv=01;35:*.wmv=01;35:*.asf=01;35:*.rm=01;35:*.rmvb=01;35:*.flc=01;35:*.avi=01;35:*.fli=01;35:*.flv=01;35:*.gl=01;35:*.dl=01;35:*.xcf=01;35:*.xwd=01;35:*.yuv=01;35:*.cgm=01;35:*.emf=01;35:*.ogv=01;35:*.ogx=01;35:*.aac=00;36:*.au=00;36:*.flac=00;36:*.m4a=00;36:*.mid=00;36:*.midi=00;36:*.mka=00;36:*.mp3=00;36:*.mpc=00;36:*.ogg=00;36:*.ra=00;36:*.wav=00;36:*.oga=00;36:*.opus=00;36:*.spx=00;36:*.xspf=00;36:*~=00;90:*#=00;90:*.bak=00;90:*.crdownload=00;90:*.dpkg-dist=00;90:*.dpkg-new=00;90:*.dpkg-old=00;90:*.dpkg-tmp=00;90:*.old=00;90:*.orig=00;90:*.part=00;90:*.rej=00;90:*.rpmnew=00;90:*.rpmorig=00;90:*.rpmsave=00;90:*.swp=00;90:*.tmp=00;90:*.ucf-dist=00;90:*.ucf-new=00;90:*.ucf-old=00;90:', 'GNOME_TERMINAL_SERVICE': ':1.104', 'SSH_AUTH_SOCK': '/run/user/1000/keyring/ssh', 'ROS_DOMAIN_ID': '1', 'AMENT_PREFIX_PATH': '/home/dredre/DevStuff/scrollDiary/speechToText/install/speech_to_text_pkg:/home/dredre/DevStuff/scrollDiary/speechToText/install/speech_to_text_interfaces:/opt/ros/jazzy', 'SHELL': '/bin/bash', 'QT_ACCESSIBILITY': '1', 'GDMSESSION': 'ubuntu', 'LESSCLOSE': '/usr/bin/lesspipe %s %s', 'ROS_AUTOMATIC_DISCOVERY_RANGE': 'SUBNET', 'QT_IM_MODULE': 'ibus', 'PWD': '/home/dredre/DevStuff/scrollDiary/speechToText/build/printer_pkg', 'XDG_CONFIG_DIRS': '/etc/xdg/xdg-ubuntu:/etc/xdg', 'XDG_DATA_DIRS': '/usr/share/ubuntu:/usr/share/gnome:/usr/local/share/:/usr/share/:/var/lib/snapd/desktop', 'PYTHONPATH': '/home/dredre/DevStuff/scrollDiary/speechToText/install/speech_to_text_interfaces/lib/python3.12/site-packages:/opt/ros/jazzy/lib/python3.12/site-packages', 'COLCON': '1', 'MEMORY_PRESSURE_WRITE': 'c29tZSAyMDAwMDAgMjAwMDAwMAA=', 'VTE_VERSION': '7600', 'CMAKE_PREFIX_PATH': '/home/dredre/DevStuff/scrollDiary/speechToText/install/speech_to_text_pkg:/home/dredre/DevStuff/scrollDiary/speechToText/install/speech_to_text_interfaces:/opt/ros/jazzy/opt/sdformat_vendor:/opt/ros/jazzy/opt/gz_math_vendor:/opt/ros/jazzy/opt/gz_utils_vendor:/opt/ros/jazzy/opt/gz_tools_vendor:/opt/ros/jazzy/opt/gz_cmake_vendor:/opt/ros/jazzy'}), 'shell': False}
[233.006978] (-) TimerEvent: {}
[233.025947] (printer_pkg) StdoutLine: {'line': b'[ 50%] \x1b[32mBuilding CXX object CMakeFiles/printing_node.dir/src/printingNode.cpp.o\x1b[0m\n'}
[233.107105] (-) TimerEvent: {}
[233.207451] (-) TimerEvent: {}
[233.307830] (-) TimerEvent: {}
[233.408208] (-) TimerEvent: {}
[233.508583] (-) TimerEvent: {}
[233.608961] (-) TimerEvent: {}
[233.709326] (-) TimerEvent: {}
[233.809708] (-) TimerEvent: {}
[233.910069] (-) TimerEvent: {}
[234.010432] (-) TimerEvent: {}
[234.110832] (-) TimerEvent: {}
[234.211222] (-) TimerEvent: {}
[234.311626] (-) TimerEvent: {}
[234.412769] (-) TimerEvent: {}
[234.513130] (-) TimerEvent: {}
[234.613490] (-) TimerEvent: {}
[234.713853] (-) TimerEvent: {}
[234.814224] (-) TimerEvent: {}
[234.914594] (-) TimerEvent: {}
[235.014956] (-) TimerEvent: {}
[235.115339] (-) TimerEvent: {}
[235.215725] (-) TimerEvent: {}
[235.316073] (-) TimerEvent: {}
[235.416440] (-) TimerEvent: {}
[235.516837] (-) TimerEvent: {}
[235.617218] (-) TimerEvent: {}
[235.717618] (-) TimerEvent: {}
[235.818002] (-) TimerEvent: {}
[235.918406] (-) TimerEvent: {}
[236.018782] (-) TimerEvent: {}
[236.119143] (-) TimerEvent: {}
[236.219564] (-) TimerEvent: {}
[236.322892] (-) TimerEvent: {}
[236.423261] (-) TimerEvent: {}
[236.523622] (-) TimerEvent: {}
[236.623979] (-) TimerEvent: {}
[236.724350] (-) TimerEvent: {}
[236.824728] (-) TimerEvent: {}
[236.925087] (-) TimerEvent: {}
[237.025462] (-) TimerEvent: {}
[237.125859] (-) TimerEvent: {}
[237.226246] (-) TimerEvent: {}
[237.326607] (-) TimerEvent: {}
[237.426970] (-) TimerEvent: {}
[237.527354] (-) TimerEvent: {}
[237.627883] (-) TimerEvent: {}
[237.728246] (-) TimerEvent: {}
[237.828604] (-) TimerEvent: {}
[237.928960] (-) TimerEvent: {}
[238.029330] (-) TimerEvent: {}
[238.129711] (-) TimerEvent: {}
[238.230076] (-) TimerEvent: {}
[238.330437] (-) TimerEvent: {}
[238.430802] (-) TimerEvent: {}
[238.531159] (-) TimerEvent: {}
[238.631534] (-) TimerEvent: {}
[238.731884] (-) TimerEvent: {}
[238.832239] (-) TimerEvent: {}
[238.932600] (-) TimerEvent: {}
[239.032960] (-) TimerEvent: {}
[239.133319] (-) TimerEvent: {}
[239.233712] (-) TimerEvent: {}
[239.334078] (-) TimerEvent: {}
[239.434482] (-) TimerEvent: {}
[239.534873] (-) TimerEvent: {}
[239.635262] (-) TimerEvent: {}
[239.735618] (-) TimerEvent: {}
[239.835983] (-) TimerEvent: {}
[239.936346] (-) TimerEvent: {}
[240.036721] (-) TimerEvent: {}
[240.137100] (-) TimerEvent: {}
[240.237480] (-) TimerEvent: {}
[240.337873] (-) TimerEvent: {}
[240.438233] (-) TimerEvent: {}
[240.538606] (-) TimerEvent: {}
[240.638961] (-) TimerEvent: {}
[240.739326] (-) TimerEvent: {}
[240.839702] (-) TimerEvent: {}
[240.940052] (-) TimerEvent: {}
[241.040381] (-) TimerEvent: {}
[241.140733] (-) TimerEvent: {}
[241.241078] (-) TimerEvent: {}
[241.341445] (-) TimerEvent: {}
[241.441831] (-) TimerEvent: {}
[241.542204] (-) TimerEvent: {}
[241.642588] (-) TimerEvent: {}
[241.742967] (-) TimerEvent: {}
[241.843332] (-) TimerEvent: {}
[241.943717] (-) TimerEvent: {}
[242.044125] (-) TimerEvent: {}
[242.144558] (-) TimerEvent: {}
[242.244949] (-) TimerEvent: {}
[242.345372] (-) TimerEvent: {}
[242.445810] (-) TimerEvent: {}
[242.546170] (-) TimerEvent: {}
[242.646574] (-) TimerEvent: {}
[242.746968] (-) TimerEvent: {}
[242.847333] (-) TimerEvent: {}
[242.947728] (-) TimerEvent: {}
[243.048101] (-) TimerEvent: {}
[243.148466] (-) TimerEvent: {}
[243.248824] (-) TimerEvent: {}
[243.349203] (-) TimerEvent: {}
[243.449567] (-) TimerEvent: {}
[243.549920] (-) TimerEvent: {}
[243.650311] (-) TimerEvent: {}
[243.750673] (-) TimerEvent: {}
[243.851024] (-) TimerEvent: {}
[243.951380] (-) TimerEvent: {}
[244.051754] (-) TimerEvent: {}
[244.152104] (-) TimerEvent: {}
[244.252466] (-) TimerEvent: {}
[244.352842] (-) TimerEvent: {}
[244.453192] (-) TimerEvent: {}
[244.553564] (-) TimerEvent: {}
[244.653916] (-) TimerEvent: {}
[244.754273] (-) TimerEvent: {}
[244.854619] (-) TimerEvent: {}
[244.954972] (-) TimerEvent: {}
[245.055334] (-) TimerEvent: {}
[245.158842] (-) TimerEvent: {}
[245.259197] (-) TimerEvent: {}
[245.359553] (-) TimerEvent: {}
[245.459911] (-) TimerEvent: {}
[245.560260] (-) TimerEvent: {}
[245.660689] (-) TimerEvent: {}
[245.761094] (-) TimerEvent: {}
[245.861444] (-) TimerEvent: {}
[245.961816] (-) TimerEvent: {}
[246.062180] (-) TimerEvent: {}
[246.162549] (-) TimerEvent: {}
[246.262911] (-) TimerEvent: {}
[246.363262] (-) TimerEvent: {}
[246.463613] (-) TimerEvent: {}
[246.563969] (-) TimerEvent: {}
[246.664323] (-) TimerEvent: {}
[246.764702] (-) TimerEvent: {}
[246.865064] (-) TimerEvent: {}
[246.965413] (-) TimerEvent: {}
[247.065805] (-) TimerEvent: {}
[247.166153] (-) TimerEvent: {}
[247.266507] (-) TimerEvent: {}
[247.366869] (-) TimerEvent: {}
[247.467230] (-) TimerEvent: {}
[247.567596] (-) TimerEvent: {}
[247.667943] (-) TimerEvent: {}
[247.768296] (-) TimerEvent: {}
[247.868666] (-) TimerEvent: {}
[247.969025] (-) TimerEvent: {}
[248.069467] (-) TimerEvent: {}
[248.169903] (-) TimerEvent: {}
[248.270269] (-) TimerEvent: {}
[248.370685] (-) TimerEvent: {}
[248.471066] (-) TimerEvent: {}
[248.571427] (-) TimerEvent: {}
[248.671809] (-) TimerEvent: {}
[248.772238] (-) TimerEvent: {}
[248.872599] (-) TimerEvent: {}
[248.973033] (-) TimerEvent: {}
[249.073543] (-) TimerEvent: {}
[249.173933] (-) TimerEvent: {}
[249.274375] (-) TimerEvent: {}
[249.374862] (-) TimerEvent: {}
[249.422615] (printer_pkg) StdoutLine: {'line': b'[100%] \x1b[32m\x1b[1mLinking CXX executable printing_node\x1b[0m\n'}
[249.474996] (-) TimerEvent: {}
[249.575485] (-) TimerEvent: {}
[249.676299] (-) TimerEvent: {}
[249.777748] (-) TimerEvent: {}
[249.878339] (-) TimerEvent: {}
[249.978822] (-) TimerEvent: {}
[250.079215] (-) TimerEvent: {}
[250.179583] (-) TimerEvent: {}
[250.281596] (-) TimerEvent: {}
[250.329209] (printer_pkg) StdoutLine: {'line': b'[100%] Built target printing_node\n'}
[250.338856] (printer_pkg) CommandEnded: {'returncode': 0}
[250.339725] (printer_pkg) JobProgress: {'identifier': 'printer_pkg', 'progress': 'install'}
[250.340059] (printer_pkg) Command: {'cmd': ['/usr/local/bin/cmake', '--install', '/home/dredre/DevStuff/scrollDiary/speechToText/build/printer_pkg'], 'cwd': '/home/dredre/DevStuff/scrollDiary/speechToText/build/printer_pkg', 'env': OrderedDict({'LESSOPEN': '| /usr/bin/lesspipe %s', 'USER': 'dredre', 'GZ_CONFIG_PATH': '/opt/ros/jazzy/opt/sdformat_vendor/share/gz', 'XDG_SESSION_TYPE': 'wayland', 'CLUTTER_DISABLE_MIPMAPPED_TEXT': '1', 'SHLVL': '1', 'LD_LIBRARY_PATH': '/home/dredre/DevStuff/scrollDiary/speechToText/install/speech_to_text_pkg/lib:/home/dredre/DevStuff/scrollDiary/speechToText/install/speech_to_text_interfaces/lib:/opt/ros/jazzy/opt/sdformat_vendor/lib:/opt/ros/jazzy/opt/rviz_ogre_vendor/lib:/opt/ros/jazzy/lib/aarch64-linux-gnu:/opt/ros/jazzy/opt/gz_math_vendor/lib:/opt/ros/jazzy/opt/gz_utils_vendor/lib:/opt/ros/jazzy/opt/gz_tools_vendor/lib:/opt/ros/jazzy/opt/gz_cmake_vendor/lib:/opt/ros/jazzy/lib', 'HOME': '/home/dredre', 'OLDPWD': '/home/dredre/DevStuff/scrollDiary/speechToText/speechToText', 'DESKTOP_SESSION': 'ubuntu', 'ROS_PYTHON_VERSION': '3', 'GNOME_SHELL_SESSION_MODE': 'ubuntu', 'GTK_MODULES': 'gail:atk-bridge', 'SYSTEMD_EXEC_PID': '2755', 'GSM_SKIP_SSH_AGENT_WORKAROUND': 'true', 'DBUS_SESSION_BUS_ADDRESS': 'unix:path=/run/user/1000/bus', 'COLORTERM': 'truecolor', 'DEBUGINFOD_URLS': 'https://debuginfod.ubuntu.com', 'IM_CONFIG_PHASE': '1', 'WAYLAND_DISPLAY': 'wayland-0', 'ROS_DISTRO': 'jazzy', 'LOGNAME': 'dredre', '_': '/usr/bin/colcon', 'ROS_VERSION': '2', 'MEMORY_PRESSURE_WATCH': '/sys/fs/cgroup/user.slice/user-1000.slice/user@1000.service/session.slice/org.gnome.Shell@wayland.service/memory.pressure', 'XDG_SESSION_CLASS': 'user', 'USERNAME': 'dredre', 'TERM': 'xterm-256color', 'GNOME_DESKTOP_SESSION_ID': 'this-is-deprecated', 'PATH': '/opt/ros/jazzy/opt/gz_tools_vendor/bin:/opt/ros/jazzy/bin:/home/dredre/.local/bin:/usr/local/sbin:/usr/local/bin:/usr/sbin:/usr/bin:/sbin:/bin:/usr/games:/usr/local/games:/snap/bin:/snap/bin:/home/dredre/.local/bin', 'SESSION_MANAGER': 'local/dredre-desktop:@/tmp/.ICE-unix/2723,unix/dredre-desktop:/tmp/.ICE-unix/2723', 'XDG_MENU_PREFIX': 'gnome-', 'GNOME_TERMINAL_SCREEN': '/org/gnome/Terminal/screen/715bc202_528e_4dd9_bd09_ecb7180209d0', 'GNOME_SETUP_DISPLAY': ':1', 'XDG_RUNTIME_DIR': '/run/user/1000', 'DISPLAY': ':0', 'LANG': 'C.UTF-8', 'XDG_CURRENT_DESKTOP': 'ubuntu:GNOME', 'XMODIFIERS': '@im=ibus', 'XDG_SESSION_DESKTOP': 'ubuntu', 'XAUTHORITY': '/run/user/1000/.mutter-Xwaylandauth.ASK4U3', 'LS_COLORS': 'rs=0:di=01;34:ln=01;36:mh=00:pi=40;33:so=01;35:do=01;35:bd=40;33;01:cd=40;33;01:or=40;31;01:mi=00:su=37;41:sg=30;43:ca=00:tw=30;42:ow=34;42:st=37;44:ex=01;32:*.tar=01;31:*.tgz=01;31:*.arc=01;31:*.arj=01;31:*.taz=01;31:*.lha=01;31:*.lz4=01;31:*.lzh=01;31:*.lzma=01;31:*.tlz=01;31:*.txz=01;31:*.tzo=01;31:*.t7z=01;31:*.zip=01;31:*.z=01;31:*.dz=01;31:*.gz=01;31:*.lrz=01;31:*.lz=01;31:*.lzo=01;31:*.xz=01;31:*.zst=01;31:*.tzst=01;31:*.bz2=01;31:*.bz=01;31:*.tbz=01;31:*.tbz2=01;31:*.tz=01;31:*.deb=01;31:*.rpm=01;31:*.jar=01;31:*.war=01;31:*.ear=01;31:*.sar=01;31:*.rar=01;31:*.alz=01;31:*.ace=01;31:*.zoo=01;31:*.cpio=01;31:*.7z=01;31:*.rz=01;31:*.cab=01;31:*.wim=01;31:*.swm=01;31:*.dwm=01;31:*.esd=01;31:*.avif=01;35:*.jpg=01;35:*.jpeg=01;35:*.mjpg=01;35:*.mjpeg=01;35:*.gif=01;35:*.bmp=01;35:*.pbm=01;35:*.pgm=01;35:*.ppm=01;35:*.tga=01;35:*.xbm=01;35:*.xpm=01;35:*.tif=01;35:*.tiff=01;35:*.png=01;35:*.svg=01;35:*.svgz=01;35:*.mng=01;35:*.pcx=01;35:*.mov=01;35:*.mpg=01;35:*.mpeg=01;35:*.m2v=01;35:*.mkv=01;35:*.webm=01;35:*.webp=01;35:*.ogm=01;35:*.mp4=01;35:*.m4v=01;35:*.mp4v=01;35:*.vob=01;35:*.qt=01;35:*.nuv=01;35:*.wmv=01;35:*.asf=01;35:*.rm=01;35:*.rmvb=01;35:*.flc=01;35:*.avi=01;35:*.fli=01;35:*.flv=01;35:*.gl=01;35:*.dl=01;35:*.xcf=01;35:*.xwd=01;35:*.yuv=01;35:*.cgm=01;35:*.emf=01;35:*.ogv=01;35:*.ogx=01;35:*.aac=00;36:*.au=00;36:*.flac=00;36:*.m4a=00;36:*.mid=00;36:*.midi=00;36:*.mka=00;36:*.mp3=00;36:*.mpc=00;36:*.ogg=00;36:*.ra=00;36:*.wav=00;36:*.oga=00;36:*.opus=00;36:*.spx=00;36:*.xspf=00;36:*~=00;90:*#=00;90:*.bak=00;90:*.crdownload=00;90:*.dpkg-dist=00;90:*.dpkg-new=00;90:*.dpkg-old=00;90:*.dpkg-tmp=00;90:*.old=00;90:*.orig=00;90:*.part=00;90:*.rej=00;90:*.rpmnew=00;90:*.rpmorig=00;90:*.rpmsave=00;90:*.swp=00;90:*.tmp=00;90:*.ucf-dist=00;90:*.ucf-new=00;90:*.ucf-old=00;90:', 'GNOME_TERMINAL_SERVICE': ':1.104', 'SSH_AUTH_SOCK': '/run/user/1000/keyring/ssh', 'ROS_DOMAIN_ID': '1', 'AMENT_PREFIX_PATH': '/home/dredre/DevStuff/scrollDiary/speechToText/install/speech_to_text_pkg:/home/dredre/DevStuff/scrollDiary/speechToText/install/speech_to_text_interfaces:/opt/ros/jazzy', 'SHELL': '/bin/bash', 'QT_ACCESSIBILITY': '1', 'GDMSESSION': 'ubuntu', 'LESSCLOSE': '/usr/bin/lesspipe %s %s', 'ROS_AUTOMATIC_DISCOVERY_RANGE': 'SUBNET', 'QT_IM_MODULE': 'ibus', 'PWD': '/home/dredre/DevStuff/scrollDiary/speechToText/build/printer_pkg', 'XDG_CONFIG_DIRS': '/etc/xdg/xdg-ubuntu:/etc/xdg', 'XDG_DATA_DIRS': '/usr/share/ubuntu:/usr/share/gnome:/usr/local/share/:/usr/share/:/var/lib/snapd/desktop', 'PYTHONPATH': '/home/dredre/DevStuff/scrollDiary/speechToText/install/speech_to_text_interfaces/lib/python3.12/site-packages:/opt/ros/jazzy/lib/python3.12/site-packages', 'COLCON': '1', 'MEMORY_PRESSURE_WRITE': 'c29tZSAyMDAwMDAgMjAwMDAwMAA=', 'VTE_VERSION': '7600', 'CMAKE_PREFIX_PATH': '/home/dredre/DevStuff/scrollDiary/speechToText/install/speech_to_text_pkg:/home/dredre/DevStuff/scrollDiary/speechToText/install/speech_to_text_interfaces:/opt/ros/jazzy/opt/sdformat_vendor:/opt/ros/jazzy/opt/gz_math_vendor:/opt/ros/jazzy/opt/gz_utils_vendor:/opt/ros/jazzy/opt/gz_tools_vendor:/opt/ros/jazzy/opt/gz_cmake_vendor:/opt/ros/jazzy'}), 'shell': False}
[250.347789] (printer_pkg) StdoutLine: {'line': b'-- Install configuration: ""\n'}
[250.348174] (printer_pkg) StdoutLine: {'line': b'-- Installing: /home/dredre/DevStuff/scrollDiary/speechToText/install/printer_pkg/lib/printer_pkg/printing_node\n'}
[250.361775] (printer_pkg) StdoutLine: {'line': b'-- Set non-toolchain portion of runtime path of "/home/dredre/DevStuff/scrollDiary/speechToText/install/printer_pkg/lib/printer_pkg/printing_node" to ""\n'}
[250.362243] (printer_pkg) StdoutLine: {'line': b'-- Installing: /home/dredre/DevStuff/scrollDiary/speechToText/install/printer_pkg/share/ament_index/resource_index/package_run_dependencies/printer_pkg\n'}
[250.362409] (printer_pkg) StdoutLine: {'line': b'-- Installing: /home/dredre/DevStuff/scrollDiary/speechToText/install/printer_pkg/share/ament_index/resource_index/parent_prefix_path/printer_pkg\n'}
[250.362612] (printer_pkg) StdoutLine: {'line': b'-- Installing: /home/dredre/DevStuff/scrollDiary/speechToText/install/printer_pkg/share/printer_pkg/environment/ament_prefix_path.sh\n'}
[250.362780] (printer_pkg) StdoutLine: {'line': b'-- Installing: /home/dredre/DevStuff/scrollDiary/speechToText/install/printer_pkg/share/printer_pkg/environment/ament_prefix_path.dsv\n'}
[250.362992] (printer_pkg) StdoutLine: {'line': b'-- Installing: /home/dredre/DevStuff/scrollDiary/speechToText/install/printer_pkg/share/printer_pkg/environment/path.sh\n'}
[250.363170] (printer_pkg) StdoutLine: {'line': b'-- Installing: /home/dredre/DevStuff/scrollDiary/speechToText/install/printer_pkg/share/printer_pkg/environment/path.dsv\n'}
[250.363370] (printer_pkg) StdoutLine: {'line': b'-- Installing: /home/dredre/DevStuff/scrollDiary/speechToText/install/printer_pkg/share/printer_pkg/local_setup.bash\n'}
[250.365631] (printer_pkg) StdoutLine: {'line': b'-- Installing: /home/dredre/DevStuff/scrollDiary/speechToText/install/printer_pkg/share/printer_pkg/local_setup.sh\n'}
[250.365814] (printer_pkg) StdoutLine: {'line': b'-- Installing: /home/dredre/DevStuff/scrollDiary/speechToText/install/printer_pkg/share/printer_pkg/local_setup.zsh\n'}
[250.365912] (printer_pkg) StdoutLine: {'line': b'-- Installing: /home/dredre/DevStuff/scrollDiary/speechToText/install/printer_pkg/share/printer_pkg/local_setup.dsv\n'}
[250.365998] (printer_pkg) StdoutLine: {'line': b'-- Installing: /home/dredre/DevStuff/scrollDiary/speechToText/install/printer_pkg/share/printer_pkg/package.dsv\n'}
[250.366122] (printer_pkg) StdoutLine: {'line': b'-- Installing: /home/dredre/DevStuff/scrollDiary/speechToText/install/printer_pkg/share/ament_index/resource_index/packages/printer_pkg\n'}
[250.366266] (printer_pkg) StdoutLine: {'line': b'-- Installing: /home/dredre/DevStuff/scrollDiary/speechToText/install/printer_pkg/share/printer_pkg/cmake/printer_pkgConfig.cmake\n'}
[250.366366] (printer_pkg) StdoutLine: {'line': b'-- Installing: /home/dredre/DevStuff/scrollDiary/speechToText/install/printer_pkg/share/printer_pkg/cmake/printer_pkgConfig-version.cmake\n'}
[250.366483] (printer_pkg) StdoutLine: {'line': b'-- Installing: /home/dredre/DevStuff/scrollDiary/speechToText/install/printer_pkg/share/printer_pkg/package.xml\n'}
[250.367269] (printer_pkg) CommandEnded: {'returncode': 0}
[250.381685] (-) TimerEvent: {}
[250.391448] (printer_pkg) JobEnded: {'identifier': 'printer_pkg', 'rc': 0}
[250.394422] (motor_pkg) JobStarted: {'identifier': 'motor_pkg'}
[250.419449] (motor_pkg) JobProgress: {'identifier': 'motor_pkg', 'progress': 'cmake'}
[250.421263] (motor_pkg) Command: {'cmd': ['/usr/local/bin/cmake', '/home/dredre/DevStuff/scrollDiary/speechToText/ros2Workspace/src/motor_pkg', '-DCMAKE_INSTALL_PREFIX=/home/dredre/DevStuff/scrollDiary/speechToText/install/motor_pkg'], 'cwd': '/home/dredre/DevStuff/scrollDiary/speechToText/build/motor_pkg', 'env': OrderedDict({'LESSOPEN': '| /usr/bin/lesspipe %s', 'USER': 'dredre', 'GZ_CONFIG_PATH': '/opt/ros/jazzy/opt/sdformat_vendor/share/gz', 'XDG_SESSION_TYPE': 'wayland', 'CLUTTER_DISABLE_MIPMAPPED_TEXT': '1', 'SHLVL': '1', 'LD_LIBRARY_PATH': '/home/dredre/DevStuff/scrollDiary/speechToText/install/speech_to_text_pkg/lib:/home/dredre/DevStuff/scrollDiary/speechToText/install/speech_to_text_interfaces/lib:/opt/ros/jazzy/opt/sdformat_vendor/lib:/opt/ros/jazzy/opt/rviz_ogre_vendor/lib:/opt/ros/jazzy/lib/aarch64-linux-gnu:/opt/ros/jazzy/opt/gz_math_vendor/lib:/opt/ros/jazzy/opt/gz_utils_vendor/lib:/opt/ros/jazzy/opt/gz_tools_vendor/lib:/opt/ros/jazzy/opt/gz_cmake_vendor/lib:/opt/ros/jazzy/lib', 'HOME': '/home/dredre', 'OLDPWD': '/home/dredre/DevStuff/scrollDiary/speechToText/speechToText', 'DESKTOP_SESSION': 'ubuntu', 'ROS_PYTHON_VERSION': '3', 'GNOME_SHELL_SESSION_MODE': 'ubuntu', 'GTK_MODULES': 'gail:atk-bridge', 'SYSTEMD_EXEC_PID': '2755', 'GSM_SKIP_SSH_AGENT_WORKAROUND': 'true', 'DBUS_SESSION_BUS_ADDRESS': 'unix:path=/run/user/1000/bus', 'COLORTERM': 'truecolor', 'DEBUGINFOD_URLS': 'https://debuginfod.ubuntu.com', 'IM_CONFIG_PHASE': '1', 'WAYLAND_DISPLAY': 'wayland-0', 'ROS_DISTRO': 'jazzy', 'LOGNAME': 'dredre', '_': '/usr/bin/colcon', 'ROS_VERSION': '2', 'MEMORY_PRESSURE_WATCH': '/sys/fs/cgroup/user.slice/user-1000.slice/user@1000.service/session.slice/org.gnome.Shell@wayland.service/memory.pressure', 'XDG_SESSION_CLASS': 'user', 'USERNAME': 'dredre', 'TERM': 'xterm-256color', 'GNOME_DESKTOP_SESSION_ID': 'this-is-deprecated', 'PATH': '/opt/ros/jazzy/opt/gz_tools_vendor/bin:/opt/ros/jazzy/bin:/home/dredre/.local/bin:/usr/local/sbin:/usr/local/bin:/usr/sbin:/usr/bin:/sbin:/bin:/usr/games:/usr/local/games:/snap/bin:/snap/bin:/home/dredre/.local/bin', 'SESSION_MANAGER': 'local/dredre-desktop:@/tmp/.ICE-unix/2723,unix/dredre-desktop:/tmp/.ICE-unix/2723', 'XDG_MENU_PREFIX': 'gnome-', 'GNOME_TERMINAL_SCREEN': '/org/gnome/Terminal/screen/715bc202_528e_4dd9_bd09_ecb7180209d0', 'GNOME_SETUP_DISPLAY': ':1', 'XDG_RUNTIME_DIR': '/run/user/1000', 'DISPLAY': ':0', 'LANG': 'C.UTF-8', 'XDG_CURRENT_DESKTOP': 'ubuntu:GNOME', 'XMODIFIERS': '@im=ibus', 'XDG_SESSION_DESKTOP': 'ubuntu', 'XAUTHORITY': '/run/user/1000/.mutter-Xwaylandauth.ASK4U3', 'LS_COLORS': 'rs=0:di=01;34:ln=01;36:mh=00:pi=40;33:so=01;35:do=01;35:bd=40;33;01:cd=40;33;01:or=40;31;01:mi=00:su=37;41:sg=30;43:ca=00:tw=30;42:ow=34;42:st=37;44:ex=01;32:*.tar=01;31:*.tgz=01;31:*.arc=01;31:*.arj=01;31:*.taz=01;31:*.lha=01;31:*.lz4=01;31:*.lzh=01;31:*.lzma=01;31:*.tlz=01;31:*.txz=01;31:*.tzo=01;31:*.t7z=01;31:*.zip=01;31:*.z=01;31:*.dz=01;31:*.gz=01;31:*.lrz=01;31:*.lz=01;31:*.lzo=01;31:*.xz=01;31:*.zst=01;31:*.tzst=01;31:*.bz2=01;31:*.bz=01;31:*.tbz=01;31:*.tbz2=01;31:*.tz=01;31:*.deb=01;31:*.rpm=01;31:*.jar=01;31:*.war=01;31:*.ear=01;31:*.sar=01;31:*.rar=01;31:*.alz=01;31:*.ace=01;31:*.zoo=01;31:*.cpio=01;31:*.7z=01;31:*.rz=01;31:*.cab=01;31:*.wim=01;31:*.swm=01;31:*.dwm=01;31:*.esd=01;31:*.avif=01;35:*.jpg=01;35:*.jpeg=01;35:*.mjpg=01;35:*.mjpeg=01;35:*.gif=01;35:*.bmp=01;35:*.pbm=01;35:*.pgm=01;35:*.ppm=01;35:*.tga=01;35:*.xbm=01;35:*.xpm=01;35:*.tif=01;35:*.tiff=01;35:*.png=01;35:*.svg=01;35:*.svgz=01;35:*.mng=01;35:*.pcx=01;35:*.mov=01;35:*.mpg=01;35:*.mpeg=01;35:*.m2v=01;35:*.mkv=01;35:*.webm=01;35:*.webp=01;35:*.ogm=01;35:*.mp4=01;35:*.m4v=01;35:*.mp4v=01;35:*.vob=01;35:*.qt=01;35:*.nuv=01;35:*.wmv=01;35:*.asf=01;35:*.rm=01;35:*.rmvb=01;35:*.flc=01;35:*.avi=01;35:*.fli=01;35:*.flv=01;35:*.gl=01;35:*.dl=01;35:*.xcf=01;35:*.xwd=01;35:*.yuv=01;35:*.cgm=01;35:*.emf=01;35:*.ogv=01;35:*.ogx=01;35:*.aac=00;36:*.au=00;36:*.flac=00;36:*.m4a=00;36:*.mid=00;36:*.midi=00;36:*.mka=00;36:*.mp3=00;36:*.mpc=00;36:*.ogg=00;36:*.ra=00;36:*.wav=00;36:*.oga=00;36:*.opus=00;36:*.spx=00;36:*.xspf=00;36:*~=00;90:*#=00;90:*.bak=00;90:*.crdownload=00;90:*.dpkg-dist=00;90:*.dpkg-new=00;90:*.dpkg-old=00;90:*.dpkg-tmp=00;90:*.old=00;90:*.orig=00;90:*.part=00;90:*.rej=00;90:*.rpmnew=00;90:*.rpmorig=00;90:*.rpmsave=00;90:*.swp=00;90:*.tmp=00;90:*.ucf-dist=00;90:*.ucf-new=00;90:*.ucf-old=00;90:', 'GNOME_TERMINAL_SERVICE': ':1.104', 'SSH_AUTH_SOCK': '/run/user/1000/keyring/ssh', 'ROS_DOMAIN_ID': '1', 'AMENT_PREFIX_PATH': '/home/dredre/DevStuff/scrollDiary/speechToText/install/printer_pkg:/home/dredre/DevStuff/scrollDiary/speechToText/install/speech_to_text_pkg:/home/dredre/DevStuff/scrollDiary/speechToText/install/speech_to_text_interfaces:/opt/ros/jazzy', 'SHELL': '/bin/bash', 'QT_ACCESSIBILITY': '1', 'GDMSESSION': 'ubuntu', 'LESSCLOSE': '/usr/bin/lesspipe %s %s', 'ROS_AUTOMATIC_DISCOVERY_RANGE': 'SUBNET', 'QT_IM_MODULE': 'ibus', 'PWD': '/home/dredre/DevStuff/scrollDiary/speechToText/build/motor_pkg', 'XDG_CONFIG_DIRS': '/etc/xdg/xdg-ubuntu:/etc/xdg', 'XDG_DATA_DIRS': '/usr/share/ubuntu:/usr/share/gnome:/usr/local/share/:/usr/share/:/var/lib/snapd/desktop', 'PYTHONPATH': '/home/dredre/DevStuff/scrollDiary/speechToText/install/speech_to_text_interfaces/lib/python3.12/site-packages:/opt/ros/jazzy/lib/python3.12/site-packages', 'COLCON': '1', 'MEMORY_PRESSURE_WRITE': 'c29tZSAyMDAwMDAgMjAwMDAwMAA=', 'VTE_VERSION': '7600', 'CMAKE_PREFIX_PATH': '/home/dredre/DevStuff/scrollDiary/speechToText/install/printer_pkg:/home/dredre/DevStuff/scrollDiary/speechToText/install/speech_to_text_pkg:/home/dredre/DevStuff/scrollDiary/speechToText/install/speech_to_text_interfaces:/opt/ros/jazzy/opt/sdformat_vendor:/opt/ros/jazzy/opt/gz_math_vendor:/opt/ros/jazzy/opt/gz_utils_vendor:/opt/ros/jazzy/opt/gz_tools_vendor:/opt/ros/jazzy/opt/gz_cmake_vendor:/opt/ros/jazzy'}), 'shell': False}
[250.429962] (motor_pkg) StderrLine: {'line': b'\x1b[0mCMake Deprecation Warning at CMakeLists.txt:1 (cmake_minimum_required):\n'}
[250.430282] (motor_pkg) StderrLine: {'line': b'  Compatibility with CMake < 3.10 will be removed from a future version of\n'}
[250.430388] (motor_pkg) StderrLine: {'line': b'  CMake.\n'}
[250.430475] (motor_pkg) StderrLine: {'line': b'\n'}
[250.430597] (motor_pkg) StderrLine: {'line': b'  Update the VERSION argument <min> value.  Or, use the <min>...<max> syntax\n'}
[250.430686] (motor_pkg) StderrLine: {'line': b'  to tell CMake that the project requires at least <min> but has been updated\n'}
[250.430771] (motor_pkg) StderrLine: {'line': b'  to work with policies introduced by <max> or earlier.\n'}
[250.430855] (motor_pkg) StderrLine: {'line': b'\n'}
[250.430940] (motor_pkg) StderrLine: {'line': b'\x1b[0m\n'}
[250.481808] (-) TimerEvent: {}
[250.527451] (motor_pkg) StdoutLine: {'line': b'-- The C compiler identification is GNU 14.2.0\n'}
[250.581927] (-) TimerEvent: {}
[250.632099] (motor_pkg) StdoutLine: {'line': b'-- The CXX compiler identification is GNU 13.3.0\n'}
[250.644104] (motor_pkg) StdoutLine: {'line': b'-- Detecting C compiler ABI info\n'}
[250.682052] (-) TimerEvent: {}
[250.761854] (motor_pkg) StdoutLine: {'line': b'-- Detecting C compiler ABI info - done\n'}
[250.782191] (-) TimerEvent: {}
[250.799619] (motor_pkg) StdoutLine: {'line': b'-- Check for working C compiler: /usr/bin/cc - skipped\n'}
[250.799999] (motor_pkg) StdoutLine: {'line': b'-- Detecting C compile features\n'}
[250.800107] (motor_pkg) StdoutLine: {'line': b'-- Detecting C compile features - done\n'}
[250.819497] (motor_pkg) StdoutLine: {'line': b'-- Detecting CXX compiler ABI info\n'}
[250.882300] (-) TimerEvent: {}
[250.957594] (motor_pkg) StdoutLine: {'line': b'-- Detecting CXX compiler ABI info - done\n'}
[250.978620] (motor_pkg) StdoutLine: {'line': b'-- Check for working CXX compiler: /usr/bin/c++ - skipped\n'}
[250.979407] (motor_pkg) StdoutLine: {'line': b'-- Detecting CXX compile features\n'}
[250.980529] (motor_pkg) StdoutLine: {'line': b'-- Detecting CXX compile features - done\n'}
[250.982392] (-) TimerEvent: {}
[251.003381] (motor_pkg) StdoutLine: {'line': b'-- Found ament_cmake: 2.5.5 (/opt/ros/jazzy/share/ament_cmake/cmake)\n'}
[251.082512] (-) TimerEvent: {}
[251.185781] (-) TimerEvent: {}
[251.286137] (-) TimerEvent: {}
[251.350796] (motor_pkg) StdoutLine: {'line': b'-- Found Python3: /usr/bin/python3 (found version "3.12.3") found components: Interpreter\n'}
[251.388604] (-) TimerEvent: {}
[251.489039] (-) TimerEvent: {}
[251.590419] (-) TimerEvent: {}
[251.653329] (motor_pkg) StdoutLine: {'line': b'-- Found rclcpp: 28.1.16 (/opt/ros/jazzy/share/rclcpp/cmake)\n'}
[251.690546] (-) TimerEvent: {}
[251.726100] (motor_pkg) StdoutLine: {'line': b'-- Found rosidl_generator_c: 4.6.7 (/opt/ros/jazzy/share/rosidl_generator_c/cmake)\n'}
[251.749326] (motor_pkg) StdoutLine: {'line': b'-- Found rosidl_generator_cpp: 4.6.7 (/opt/ros/jazzy/share/rosidl_generator_cpp/cmake)\n'}
[251.776858] (motor_pkg) StdoutLine: {'line': b'-- Using all available rosidl_typesupport_c: rosidl_typesupport_fastrtps_c;rosidl_typesupport_introspection_c\n'}
[251.790655] (-) TimerEvent: {}
[251.813119] (motor_pkg) StdoutLine: {'line': b'-- Using all available rosidl_typesupport_cpp: rosidl_typesupport_fastrtps_cpp;rosidl_typesupport_introspection_cpp\n'}
[251.890769] (-) TimerEvent: {}
[251.937258] (motor_pkg) StdoutLine: {'line': b'-- Found rmw_implementation_cmake: 7.3.3 (/opt/ros/jazzy/share/rmw_implementation_cmake/cmake)\n'}
[251.942431] (motor_pkg) StdoutLine: {'line': b'-- Found rmw_fastrtps_cpp: 8.4.3 (/opt/ros/jazzy/share/rmw_fastrtps_cpp/cmake)\n'}
[251.990894] (-) TimerEvent: {}
[252.069967] (motor_pkg) StdoutLine: {'line': b'-- Found OpenSSL: /usr/lib/aarch64-linux-gnu/libcrypto.so (found version "3.0.13")\n'}
[252.091024] (-) TimerEvent: {}
[252.101961] (motor_pkg) StdoutLine: {'line': b'-- Found FastRTPS: /opt/ros/jazzy/include (Required is at least version "2.13")\n'}
[252.138823] (motor_pkg) StdoutLine: {'line': b"-- Using RMW implementation 'rmw_fastrtps_cpp' as default\n"}
[252.191140] (-) TimerEvent: {}
[252.255881] (motor_pkg) StdoutLine: {'line': b'-- Found std_msgs: 5.3.6 (/opt/ros/jazzy/share/std_msgs/cmake)\n'}
[252.275281] (motor_pkg) StdoutLine: {'line': b'-- Found speech_to_text_pkg: 0.0.0 (/home/dredre/DevStuff/scrollDiary/speechToText/install/speech_to_text_pkg/share/speech_to_text_pkg/cmake)\n'}
[252.276042] (motor_pkg) StdoutLine: {'line': b'-- Found printer_pkg: 0.0.0 (/home/dredre/DevStuff/scrollDiary/speechToText/install/printer_pkg/share/printer_pkg/cmake)\n'}
[252.276366] (motor_pkg) StderrLine: {'line': b'\x1b[31mCMake Error at /opt/ros/jazzy/share/ament_cmake_target_dependencies/cmake/ament_target_dependencies.cmake:42 (message):\n'}
[252.276608] (motor_pkg) StderrLine: {'line': b'  ament_target_dependencies() the first argument must be a valid target name\n'}
[252.276765] (motor_pkg) StderrLine: {'line': b'Call Stack (most recent call first):\n'}
[252.276878] (motor_pkg) StderrLine: {'line': b'  CMakeLists.txt:22 (ament_target_dependencies)\n'}
[252.276988] (motor_pkg) StderrLine: {'line': b'\n'}
[252.277090] (motor_pkg) StderrLine: {'line': b'\x1b[0m\n'}
[252.277287] (motor_pkg) StdoutLine: {'line': b'-- Configuring incomplete, errors occurred!\n'}
[252.291239] (-) TimerEvent: {}
[252.292097] (motor_pkg) CommandEnded: {'returncode': 1}
[252.318532] (motor_pkg) JobEnded: {'identifier': 'motor_pkg', 'rc': 1}
[252.332810] (-) EventReactorShutdown: {}
