[0.000000] (-) TimerEvent: {}
[0.000546] (printer_pkg) JobQueued: {'identifier': 'printer_pkg', 'dependencies': OrderedDict()}
[0.000811] (speech_to_text_interfaces) JobQueued: {'identifier': 'speech_to_text_interfaces', 'dependencies': OrderedDict()}
[0.000975] (speech_to_text_pkg) JobQueued: {'identifier': 'speech_to_text_pkg', 'dependencies': OrderedDict({'speech_to_text_interfaces': '/home/dredre/DevStuff/scrollDiary/speechToText/ros2Workspace/install/speech_to_text_interfaces'})}
[0.002754] (speech_to_text_interfaces) JobStarted: {'identifier': 'speech_to_text_interfaces'}
[0.019342] (printer_pkg) JobStarted: {'identifier': 'printer_pkg'}
[0.037234] (speech_to_text_interfaces) JobProgress: {'identifier': 'speech_to_text_interfaces', 'progress': 'cmake'}
[0.041636] (speech_to_text_interfaces) JobProgress: {'identifier': 'speech_to_text_interfaces', 'progress': 'build'}
[0.041861] (speech_to_text_interfaces) Command: {'cmd': ['/usr/local/bin/cmake', '--build', '/home/dredre/DevStuff/scrollDiary/speechToText/ros2Workspace/build/speech_to_text_interfaces', '--', '-j4', '-l4'], 'cwd': '/home/dredre/DevStuff/scrollDiary/speechToText/ros2Workspace/build/speech_to_text_interfaces', 'env': OrderedDict({'LESSOPEN': '| /usr/bin/lesspipe %s', 'USER': 'dredre', 'GZ_CONFIG_PATH': '/opt/ros/jazzy/opt/sdformat_vendor/share/gz', 'XDG_SESSION_TYPE': 'wayland', 'CLUTTER_DISABLE_MIPMAPPED_TEXT': '1', 'SHLVL': '1', 'LD_LIBRARY_PATH': '/opt/ros/jazzy/opt/sdformat_vendor/lib:/opt/ros/jazzy/opt/rviz_ogre_vendor/lib:/opt/ros/jazzy/lib/aarch64-linux-gnu:/opt/ros/jazzy/opt/gz_math_vendor/lib:/opt/ros/jazzy/opt/gz_utils_vendor/lib:/opt/ros/jazzy/opt/gz_tools_vendor/lib:/opt/ros/jazzy/opt/gz_cmake_vendor/lib:/opt/ros/jazzy/lib', 'HOME': '/home/dredre', 'OLDPWD': '/home/dredre/DevStuff/scrollDiary/speechToText', 'DESKTOP_SESSION': 'ubuntu', 'ROS_PYTHON_VERSION': '3', 'GNOME_SHELL_SESSION_MODE': 'ubuntu', 'GTK_MODULES': 'gail:atk-bridge', 'SYSTEMD_EXEC_PID': '2827', 'GSM_SKIP_SSH_AGENT_WORKAROUND': 'true', 'DBUS_SESSION_BUS_ADDRESS': 'unix:path=/run/user/1000/bus', 'COLORTERM': 'truecolor', 'DEBUGINFOD_URLS': 'https://debuginfod.ubuntu.com', 'IM_CONFIG_PHASE': '1', 'WAYLAND_DISPLAY': 'wayland-0', 'ROS_DISTRO': 'jazzy', 'LOGNAME': 'dredre', '_': '/usr/bin/colcon', 'ROS_VERSION': '2', 'MEMORY_PRESSURE_WATCH': '/sys/fs/cgroup/user.slice/user-1000.slice/user@1000.service/session.slice/org.gnome.Shell@wayland.service/memory.pressure', 'XDG_SESSION_CLASS': 'user', 'USERNAME': 'dredre', 'TERM': 'xterm-256color', 'GNOME_DESKTOP_SESSION_ID': 'this-is-deprecated', 'PATH': '/opt/ros/jazzy/opt/gz_tools_vendor/bin:/opt/ros/jazzy/bin:/home/dredre/.local/bin:/usr/local/sbin:/usr/local/bin:/usr/sbin:/usr/bin:/sbin:/bin:/usr/games:/usr/local/games:/snap/bin:/snap/bin:/home/dredre/.local/bin', 'SESSION_MANAGER': 'local/dredre-desktop:@/tmp/.ICE-unix/2793,unix/dredre-desktop:/tmp/.ICE-unix/2793', 'XDG_MENU_PREFIX': 'gnome-', 'GNOME_TERMINAL_SCREEN': '/org/gnome/Terminal/screen/1a4083bf_0e4f_4e70_995e_f598721eb114', 'GNOME_SETUP_DISPLAY': ':1', 'XDG_RUNTIME_DIR': '/run/user/1000', 'DISPLAY': ':0', 'LANG': 'C.UTF-8', 'XDG_CURRENT_DESKTOP': 'ubuntu:GNOME', 'XMODIFIERS': '@im=ibus', 'XDG_SESSION_DESKTOP': 'ubuntu', 'XAUTHORITY': '/run/user/1000/.mutter-Xwaylandauth.68LTO3', 'LS_COLORS': 'rs=0:di=01;34:ln=01;36:mh=00:pi=40;33:so=01;35:do=01;35:bd=40;33;01:cd=40;33;01:or=40;31;01:mi=00:su=37;41:sg=30;43:ca=00:tw=30;42:ow=34;42:st=37;44:ex=01;32:*.tar=01;31:*.tgz=01;31:*.arc=01;31:*.arj=01;31:*.taz=01;31:*.lha=01;31:*.lz4=01;31:*.lzh=01;31:*.lzma=01;31:*.tlz=01;31:*.txz=01;31:*.tzo=01;31:*.t7z=01;31:*.zip=01;31:*.z=01;31:*.dz=01;31:*.gz=01;31:*.lrz=01;31:*.lz=01;31:*.lzo=01;31:*.xz=01;31:*.zst=01;31:*.tzst=01;31:*.bz2=01;31:*.bz=01;31:*.tbz=01;31:*.tbz2=01;31:*.tz=01;31:*.deb=01;31:*.rpm=01;31:*.jar=01;31:*.war=01;31:*.ear=01;31:*.sar=01;31:*.rar=01;31:*.alz=01;31:*.ace=01;31:*.zoo=01;31:*.cpio=01;31:*.7z=01;31:*.rz=01;31:*.cab=01;31:*.wim=01;31:*.swm=01;31:*.dwm=01;31:*.esd=01;31:*.avif=01;35:*.jpg=01;35:*.jpeg=01;35:*.mjpg=01;35:*.mjpeg=01;35:*.gif=01;35:*.bmp=01;35:*.pbm=01;35:*.pgm=01;35:*.ppm=01;35:*.tga=01;35:*.xbm=01;35:*.xpm=01;35:*.tif=01;35:*.tiff=01;35:*.png=01;35:*.svg=01;35:*.svgz=01;35:*.mng=01;35:*.pcx=01;35:*.mov=01;35:*.mpg=01;35:*.mpeg=01;35:*.m2v=01;35:*.mkv=01;35:*.webm=01;35:*.webp=01;35:*.ogm=01;35:*.mp4=01;35:*.m4v=01;35:*.mp4v=01;35:*.vob=01;35:*.qt=01;35:*.nuv=01;35:*.wmv=01;35:*.asf=01;35:*.rm=01;35:*.rmvb=01;35:*.flc=01;35:*.avi=01;35:*.fli=01;35:*.flv=01;35:*.gl=01;35:*.dl=01;35:*.xcf=01;35:*.xwd=01;35:*.yuv=01;35:*.cgm=01;35:*.emf=01;35:*.ogv=01;35:*.ogx=01;35:*.aac=00;36:*.au=00;36:*.flac=00;36:*.m4a=00;36:*.mid=00;36:*.midi=00;36:*.mka=00;36:*.mp3=00;36:*.mpc=00;36:*.ogg=00;36:*.ra=00;36:*.wav=00;36:*.oga=00;36:*.opus=00;36:*.spx=00;36:*.xspf=00;36:*~=00;90:*#=00;90:*.bak=00;90:*.crdownload=00;90:*.dpkg-dist=00;90:*.dpkg-new=00;90:*.dpkg-old=00;90:*.dpkg-tmp=00;90:*.old=00;90:*.orig=00;90:*.part=00;90:*.rej=00;90:*.rpmnew=00;90:*.rpmorig=00;90:*.rpmsave=00;90:*.swp=00;90:*.tmp=00;90:*.ucf-dist=00;90:*.ucf-new=00;90:*.ucf-old=00;90:', 'GNOME_TERMINAL_SERVICE': ':1.103', 'SSH_AUTH_SOCK': '/run/user/1000/keyring/ssh', 'ROS_DOMAIN_ID': '1', 'AMENT_PREFIX_PATH': '/opt/ros/jazzy', 'SHELL': '/bin/bash', 'QT_ACCESSIBILITY': '1', 'GDMSESSION': 'ubuntu', 'LESSCLOSE': '/usr/bin/lesspipe %s %s', 'ROS_AUTOMATIC_DISCOVERY_RANGE': 'SUBNET', 'QT_IM_MODULE': 'ibus', 'PWD': '/home/dredre/DevStuff/scrollDiary/speechToText/ros2Workspace/build/speech_to_text_interfaces', 'XDG_CONFIG_DIRS': '/etc/xdg/xdg-ubuntu:/etc/xdg', 'XDG_DATA_DIRS': '/usr/share/ubuntu:/usr/share/gnome:/usr/local/share/:/usr/share/:/var/lib/snapd/desktop', 'PYTHONPATH': '/opt/ros/jazzy/lib/python3.12/site-packages', 'COLCON': '1', 'MEMORY_PRESSURE_WRITE': 'c29tZSAyMDAwMDAgMjAwMDAwMAA=', 'VTE_VERSION': '7600', 'CMAKE_PREFIX_PATH': '/opt/ros/jazzy/opt/sdformat_vendor:/opt/ros/jazzy/opt/gz_math_vendor:/opt/ros/jazzy/opt/gz_utils_vendor:/opt/ros/jazzy/opt/gz_tools_vendor:/opt/ros/jazzy/opt/gz_cmake_vendor:/opt/ros/jazzy'}), 'shell': False}
[0.064726] (printer_pkg) JobProgress: {'identifier': 'printer_pkg', 'progress': 'cmake'}
[0.065651] (printer_pkg) Command: {'cmd': ['/usr/local/bin/cmake', '/home/dredre/DevStuff/scrollDiary/speechToText/ros2Workspace/src/printer_pkg', '-DCMAKE_INSTALL_PREFIX=/home/dredre/DevStuff/scrollDiary/speechToText/ros2Workspace/install/printer_pkg'], 'cwd': '/home/dredre/DevStuff/scrollDiary/speechToText/ros2Workspace/build/printer_pkg', 'env': OrderedDict({'LESSOPEN': '| /usr/bin/lesspipe %s', 'USER': 'dredre', 'GZ_CONFIG_PATH': '/opt/ros/jazzy/opt/sdformat_vendor/share/gz', 'XDG_SESSION_TYPE': 'wayland', 'CLUTTER_DISABLE_MIPMAPPED_TEXT': '1', 'SHLVL': '1', 'LD_LIBRARY_PATH': '/opt/ros/jazzy/opt/sdformat_vendor/lib:/opt/ros/jazzy/opt/rviz_ogre_vendor/lib:/opt/ros/jazzy/lib/aarch64-linux-gnu:/opt/ros/jazzy/opt/gz_math_vendor/lib:/opt/ros/jazzy/opt/gz_utils_vendor/lib:/opt/ros/jazzy/opt/gz_tools_vendor/lib:/opt/ros/jazzy/opt/gz_cmake_vendor/lib:/opt/ros/jazzy/lib', 'HOME': '/home/dredre', 'OLDPWD': '/home/dredre/DevStuff/scrollDiary/speechToText', 'DESKTOP_SESSION': 'ubuntu', 'ROS_PYTHON_VERSION': '3', 'GNOME_SHELL_SESSION_MODE': 'ubuntu', 'GTK_MODULES': 'gail:atk-bridge', 'SYSTEMD_EXEC_PID': '2827', 'GSM_SKIP_SSH_AGENT_WORKAROUND': 'true', 'DBUS_SESSION_BUS_ADDRESS': 'unix:path=/run/user/1000/bus', 'COLORTERM': 'truecolor', 'DEBUGINFOD_URLS': 'https://debuginfod.ubuntu.com', 'IM_CONFIG_PHASE': '1', 'WAYLAND_DISPLAY': 'wayland-0', 'ROS_DISTRO': 'jazzy', 'LOGNAME': 'dredre', '_': '/usr/bin/colcon', 'ROS_VERSION': '2', 'MEMORY_PRESSURE_WATCH': '/sys/fs/cgroup/user.slice/user-1000.slice/user@1000.service/session.slice/org.gnome.Shell@wayland.service/memory.pressure', 'XDG_SESSION_CLASS': 'user', 'USERNAME': 'dredre', 'TERM': 'xterm-256color', 'GNOME_DESKTOP_SESSION_ID': 'this-is-deprecated', 'PATH': '/opt/ros/jazzy/opt/gz_tools_vendor/bin:/opt/ros/jazzy/bin:/home/dredre/.local/bin:/usr/local/sbin:/usr/local/bin:/usr/sbin:/usr/bin:/sbin:/bin:/usr/games:/usr/local/games:/snap/bin:/snap/bin:/home/dredre/.local/bin', 'SESSION_MANAGER': 'local/dredre-desktop:@/tmp/.ICE-unix/2793,unix/dredre-desktop:/tmp/.ICE-unix/2793', 'XDG_MENU_PREFIX': 'gnome-', 'GNOME_TERMINAL_SCREEN': '/org/gnome/Terminal/screen/1a4083bf_0e4f_4e70_995e_f598721eb114', 'GNOME_SETUP_DISPLAY': ':1', 'XDG_RUNTIME_DIR': '/run/user/1000', 'DISPLAY': ':0', 'LANG': 'C.UTF-8', 'XDG_CURRENT_DESKTOP': 'ubuntu:GNOME', 'XMODIFIERS': '@im=ibus', 'XDG_SESSION_DESKTOP': 'ubuntu', 'XAUTHORITY': '/run/user/1000/.mutter-Xwaylandauth.68LTO3', 'LS_COLORS': 'rs=0:di=01;34:ln=01;36:mh=00:pi=40;33:so=01;35:do=01;35:bd=40;33;01:cd=40;33;01:or=40;31;01:mi=00:su=37;41:sg=30;43:ca=00:tw=30;42:ow=34;42:st=37;44:ex=01;32:*.tar=01;31:*.tgz=01;31:*.arc=01;31:*.arj=01;31:*.taz=01;31:*.lha=01;31:*.lz4=01;31:*.lzh=01;31:*.lzma=01;31:*.tlz=01;31:*.txz=01;31:*.tzo=01;31:*.t7z=01;31:*.zip=01;31:*.z=01;31:*.dz=01;31:*.gz=01;31:*.lrz=01;31:*.lz=01;31:*.lzo=01;31:*.xz=01;31:*.zst=01;31:*.tzst=01;31:*.bz2=01;31:*.bz=01;31:*.tbz=01;31:*.tbz2=01;31:*.tz=01;31:*.deb=01;31:*.rpm=01;31:*.jar=01;31:*.war=01;31:*.ear=01;31:*.sar=01;31:*.rar=01;31:*.alz=01;31:*.ace=01;31:*.zoo=01;31:*.cpio=01;31:*.7z=01;31:*.rz=01;31:*.cab=01;31:*.wim=01;31:*.swm=01;31:*.dwm=01;31:*.esd=01;31:*.avif=01;35:*.jpg=01;35:*.jpeg=01;35:*.mjpg=01;35:*.mjpeg=01;35:*.gif=01;35:*.bmp=01;35:*.pbm=01;35:*.pgm=01;35:*.ppm=01;35:*.tga=01;35:*.xbm=01;35:*.xpm=01;35:*.tif=01;35:*.tiff=01;35:*.png=01;35:*.svg=01;35:*.svgz=01;35:*.mng=01;35:*.pcx=01;35:*.mov=01;35:*.mpg=01;35:*.mpeg=01;35:*.m2v=01;35:*.mkv=01;35:*.webm=01;35:*.webp=01;35:*.ogm=01;35:*.mp4=01;35:*.m4v=01;35:*.mp4v=01;35:*.vob=01;35:*.qt=01;35:*.nuv=01;35:*.wmv=01;35:*.asf=01;35:*.rm=01;35:*.rmvb=01;35:*.flc=01;35:*.avi=01;35:*.fli=01;35:*.flv=01;35:*.gl=01;35:*.dl=01;35:*.xcf=01;35:*.xwd=01;35:*.yuv=01;35:*.cgm=01;35:*.emf=01;35:*.ogv=01;35:*.ogx=01;35:*.aac=00;36:*.au=00;36:*.flac=00;36:*.m4a=00;36:*.mid=00;36:*.midi=00;36:*.mka=00;36:*.mp3=00;36:*.mpc=00;36:*.ogg=00;36:*.ra=00;36:*.wav=00;36:*.oga=00;36:*.opus=00;36:*.spx=00;36:*.xspf=00;36:*~=00;90:*#=00;90:*.bak=00;90:*.crdownload=00;90:*.dpkg-dist=00;90:*.dpkg-new=00;90:*.dpkg-old=00;90:*.dpkg-tmp=00;90:*.old=00;90:*.orig=00;90:*.part=00;90:*.rej=00;90:*.rpmnew=00;90:*.rpmorig=00;90:*.rpmsave=00;90:*.swp=00;90:*.tmp=00;90:*.ucf-dist=00;90:*.ucf-new=00;90:*.ucf-old=00;90:', 'GNOME_TERMINAL_SERVICE': ':1.103', 'SSH_AUTH_SOCK': '/run/user/1000/keyring/ssh', 'ROS_DOMAIN_ID': '1', 'AMENT_PREFIX_PATH': '/opt/ros/jazzy', 'SHELL': '/bin/bash', 'QT_ACCESSIBILITY': '1', 'GDMSESSION': 'ubuntu', 'LESSCLOSE': '/usr/bin/lesspipe %s %s', 'ROS_AUTOMATIC_DISCOVERY_RANGE': 'SUBNET', 'QT_IM_MODULE': 'ibus', 'PWD': '/home/dredre/DevStuff/scrollDiary/speechToText/ros2Workspace/build/printer_pkg', 'XDG_CONFIG_DIRS': '/etc/xdg/xdg-ubuntu:/etc/xdg', 'XDG_DATA_DIRS': '/usr/share/ubuntu:/usr/share/gnome:/usr/local/share/:/usr/share/:/var/lib/snapd/desktop', 'PYTHONPATH': '/opt/ros/jazzy/lib/python3.12/site-packages', 'COLCON': '1', 'MEMORY_PRESSURE_WRITE': 'c29tZSAyMDAwMDAgMjAwMDAwMAA=', 'VTE_VERSION': '7600', 'CMAKE_PREFIX_PATH': '/opt/ros/jazzy/opt/sdformat_vendor:/opt/ros/jazzy/opt/gz_math_vendor:/opt/ros/jazzy/opt/gz_utils_vendor:/opt/ros/jazzy/opt/gz_tools_vendor:/opt/ros/jazzy/opt/gz_cmake_vendor:/opt/ros/jazzy'}), 'shell': False}
[0.085294] (printer_pkg) StderrLine: {'line': b'\x1b[0mCMake Deprecation Warning at CMakeLists.txt:1 (cmake_minimum_required):\n'}
[0.085951] (printer_pkg) StderrLine: {'line': b'  Compatibility with CMake < 3.10 will be removed from a future version of\n'}
[0.086118] (printer_pkg) StderrLine: {'line': b'  CMake.\n'}
[0.086234] (printer_pkg) StderrLine: {'line': b'\n'}
[0.086337] (printer_pkg) StderrLine: {'line': b'  Update the VERSION argument <min> value.  Or, use the <min>...<max> syntax\n'}
[0.086480] (printer_pkg) StderrLine: {'line': b'  to tell CMake that the project requires at least <min> but has been updated\n'}
[0.086689] (printer_pkg) StderrLine: {'line': b'  to work with policies introduced by <max> or earlier.\n'}
[0.086826] (printer_pkg) StderrLine: {'line': b'\n'}
[0.086946] (printer_pkg) StderrLine: {'line': b'\x1b[0m\n'}
[0.101428] (-) TimerEvent: {}
[0.157492] (speech_to_text_interfaces) StdoutLine: {'line': b'[  2%] Built target speech_to_text_interfaces__rosidl_generator_type_description\n'}
[0.182316] (speech_to_text_interfaces) StdoutLine: {'line': b'[  2%] Built target ament_cmake_python_copy_speech_to_text_interfaces\n'}
[0.195489] (speech_to_text_interfaces) StdoutLine: {'line': b'[  5%] Built target speech_to_text_interfaces__cpp\n'}
[0.202500] (-) TimerEvent: {}
[0.212775] (speech_to_text_interfaces) StdoutLine: {'line': b'[ 20%] Built target speech_to_text_interfaces__rosidl_generator_c\n'}
[0.259162] (speech_to_text_interfaces) StdoutLine: {'line': b'[ 29%] Built target speech_to_text_interfaces__rosidl_typesupport_introspection_c\n'}
[0.261342] (speech_to_text_interfaces) StdoutLine: {'line': b'[ 38%] Built target speech_to_text_interfaces__rosidl_typesupport_fastrtps_cpp\n'}
[0.261540] (speech_to_text_interfaces) StdoutLine: {'line': b'[ 47%] Built target speech_to_text_interfaces__rosidl_typesupport_fastrtps_c\n'}
[0.304657] (-) TimerEvent: {}
[0.308370] (speech_to_text_interfaces) StdoutLine: {'line': b'[ 55%] Built target speech_to_text_interfaces__rosidl_typesupport_introspection_cpp\n'}
[0.319604] (speech_to_text_interfaces) StdoutLine: {'line': b'[ 64%] Built target speech_to_text_interfaces__rosidl_typesupport_cpp\n'}
[0.334701] (speech_to_text_interfaces) StdoutLine: {'line': b'[ 73%] Built target speech_to_text_interfaces__rosidl_typesupport_c\n'}
[0.378886] (speech_to_text_interfaces) StdoutLine: {'line': b'[ 73%] Built target speech_to_text_interfaces\n'}
[0.389682] (printer_pkg) StdoutLine: {'line': b'-- The C compiler identification is GNU 14.2.0\n'}
[0.405431] (-) TimerEvent: {}
[0.416401] (speech_to_text_interfaces) StdoutLine: {'line': b'[ 76%] Built target speech_to_text_interfaces__py\n'}
[0.464571] (speech_to_text_interfaces) StdoutLine: {'line': b'[ 82%] Built target speech_to_text_interfaces__rosidl_generator_py\n'}
[0.506790] (-) TimerEvent: {}
[0.540962] (speech_to_text_interfaces) StdoutLine: {'line': b'[ 88%] Built target speech_to_text_interfaces_s__rosidl_typesupport_c\n'}
[0.548621] (speech_to_text_interfaces) StdoutLine: {'line': b'[ 94%] Built target speech_to_text_interfaces_s__rosidl_typesupport_introspection_c\n'}
[0.552296] (speech_to_text_interfaces) StdoutLine: {'line': b'[100%] Built target speech_to_text_interfaces_s__rosidl_typesupport_fastrtps_c\n'}
[0.607514] (-) TimerEvent: {}
[0.709451] (-) TimerEvent: {}
[0.751884] (printer_pkg) StdoutLine: {'line': b'-- The CXX compiler identification is GNU 13.3.0\n'}
[0.786352] (printer_pkg) StdoutLine: {'line': b'-- Detecting C compiler ABI info\n'}
[0.809547] (-) TimerEvent: {}
[0.909974] (-) TimerEvent: {}
[0.973667] (printer_pkg) StdoutLine: {'line': b'-- Detecting C compiler ABI info - done\n'}
[0.987831] (speech_to_text_interfaces) StdoutLine: {'line': b'running egg_info\n'}
[1.005705] (printer_pkg) StdoutLine: {'line': b'-- Check for working C compiler: /usr/bin/cc - skipped\n'}
[1.006581] (printer_pkg) StdoutLine: {'line': b'-- Detecting C compile features\n'}
[1.008444] (printer_pkg) StdoutLine: {'line': b'-- Detecting C compile features - done\n'}
[1.010748] (-) TimerEvent: {}
[1.049952] (speech_to_text_interfaces) StdoutLine: {'line': b'writing speech_to_text_interfaces.egg-info/PKG-INFO\n'}
[1.050212] (speech_to_text_interfaces) StdoutLine: {'line': b'writing dependency_links to speech_to_text_interfaces.egg-info/dependency_links.txt\n'}
[1.050311] (speech_to_text_interfaces) StdoutLine: {'line': b'writing top-level names to speech_to_text_interfaces.egg-info/top_level.txt\n'}
[1.053215] (printer_pkg) StdoutLine: {'line': b'-- Detecting CXX compiler ABI info\n'}
[1.111526] (-) TimerEvent: {}
[1.217352] (-) TimerEvent: {}
[1.269230] (speech_to_text_interfaces) StdoutLine: {'line': b"reading manifest file 'speech_to_text_interfaces.egg-info/SOURCES.txt'\n"}
[1.274388] (speech_to_text_interfaces) StdoutLine: {'line': b"writing manifest file 'speech_to_text_interfaces.egg-info/SOURCES.txt'\n"}
[1.315567] (printer_pkg) StdoutLine: {'line': b'-- Detecting CXX compiler ABI info - done\n'}
[1.318255] (-) TimerEvent: {}
[1.395081] (printer_pkg) StdoutLine: {'line': b'-- Check for working CXX compiler: /usr/bin/c++ - skipped\n'}
[1.397722] (printer_pkg) StdoutLine: {'line': b'-- Detecting CXX compile features\n'}
[1.399674] (printer_pkg) StdoutLine: {'line': b'-- Detecting CXX compile features - done\n'}
[1.420519] (-) TimerEvent: {}
[1.433494] (speech_to_text_interfaces) StdoutLine: {'line': b'[100%] Built target ament_cmake_python_build_speech_to_text_interfaces_egg\n'}
[1.447384] (printer_pkg) StdoutLine: {'line': b'-- Found ament_cmake: 2.5.5 (/opt/ros/jazzy/share/ament_cmake/cmake)\n'}
[1.460694] (speech_to_text_interfaces) CommandEnded: {'returncode': 0}
[1.461505] (speech_to_text_interfaces) JobProgress: {'identifier': 'speech_to_text_interfaces', 'progress': 'install'}
[1.480812] (speech_to_text_interfaces) Command: {'cmd': ['/usr/local/bin/cmake', '--install', '/home/dredre/DevStuff/scrollDiary/speechToText/ros2Workspace/build/speech_to_text_interfaces'], 'cwd': '/home/dredre/DevStuff/scrollDiary/speechToText/ros2Workspace/build/speech_to_text_interfaces', 'env': OrderedDict({'LESSOPEN': '| /usr/bin/lesspipe %s', 'USER': 'dredre', 'GZ_CONFIG_PATH': '/opt/ros/jazzy/opt/sdformat_vendor/share/gz', 'XDG_SESSION_TYPE': 'wayland', 'CLUTTER_DISABLE_MIPMAPPED_TEXT': '1', 'SHLVL': '1', 'LD_LIBRARY_PATH': '/opt/ros/jazzy/opt/sdformat_vendor/lib:/opt/ros/jazzy/opt/rviz_ogre_vendor/lib:/opt/ros/jazzy/lib/aarch64-linux-gnu:/opt/ros/jazzy/opt/gz_math_vendor/lib:/opt/ros/jazzy/opt/gz_utils_vendor/lib:/opt/ros/jazzy/opt/gz_tools_vendor/lib:/opt/ros/jazzy/opt/gz_cmake_vendor/lib:/opt/ros/jazzy/lib', 'HOME': '/home/dredre', 'OLDPWD': '/home/dredre/DevStuff/scrollDiary/speechToText', 'DESKTOP_SESSION': 'ubuntu', 'ROS_PYTHON_VERSION': '3', 'GNOME_SHELL_SESSION_MODE': 'ubuntu', 'GTK_MODULES': 'gail:atk-bridge', 'SYSTEMD_EXEC_PID': '2827', 'GSM_SKIP_SSH_AGENT_WORKAROUND': 'true', 'DBUS_SESSION_BUS_ADDRESS': 'unix:path=/run/user/1000/bus', 'COLORTERM': 'truecolor', 'DEBUGINFOD_URLS': 'https://debuginfod.ubuntu.com', 'IM_CONFIG_PHASE': '1', 'WAYLAND_DISPLAY': 'wayland-0', 'ROS_DISTRO': 'jazzy', 'LOGNAME': 'dredre', '_': '/usr/bin/colcon', 'ROS_VERSION': '2', 'MEMORY_PRESSURE_WATCH': '/sys/fs/cgroup/user.slice/user-1000.slice/user@1000.service/session.slice/org.gnome.Shell@wayland.service/memory.pressure', 'XDG_SESSION_CLASS': 'user', 'USERNAME': 'dredre', 'TERM': 'xterm-256color', 'GNOME_DESKTOP_SESSION_ID': 'this-is-deprecated', 'PATH': '/opt/ros/jazzy/opt/gz_tools_vendor/bin:/opt/ros/jazzy/bin:/home/dredre/.local/bin:/usr/local/sbin:/usr/local/bin:/usr/sbin:/usr/bin:/sbin:/bin:/usr/games:/usr/local/games:/snap/bin:/snap/bin:/home/dredre/.local/bin', 'SESSION_MANAGER': 'local/dredre-desktop:@/tmp/.ICE-unix/2793,unix/dredre-desktop:/tmp/.ICE-unix/2793', 'XDG_MENU_PREFIX': 'gnome-', 'GNOME_TERMINAL_SCREEN': '/org/gnome/Terminal/screen/1a4083bf_0e4f_4e70_995e_f598721eb114', 'GNOME_SETUP_DISPLAY': ':1', 'XDG_RUNTIME_DIR': '/run/user/1000', 'DISPLAY': ':0', 'LANG': 'C.UTF-8', 'XDG_CURRENT_DESKTOP': 'ubuntu:GNOME', 'XMODIFIERS': '@im=ibus', 'XDG_SESSION_DESKTOP': 'ubuntu', 'XAUTHORITY': '/run/user/1000/.mutter-Xwaylandauth.68LTO3', 'LS_COLORS': 'rs=0:di=01;34:ln=01;36:mh=00:pi=40;33:so=01;35:do=01;35:bd=40;33;01:cd=40;33;01:or=40;31;01:mi=00:su=37;41:sg=30;43:ca=00:tw=30;42:ow=34;42:st=37;44:ex=01;32:*.tar=01;31:*.tgz=01;31:*.arc=01;31:*.arj=01;31:*.taz=01;31:*.lha=01;31:*.lz4=01;31:*.lzh=01;31:*.lzma=01;31:*.tlz=01;31:*.txz=01;31:*.tzo=01;31:*.t7z=01;31:*.zip=01;31:*.z=01;31:*.dz=01;31:*.gz=01;31:*.lrz=01;31:*.lz=01;31:*.lzo=01;31:*.xz=01;31:*.zst=01;31:*.tzst=01;31:*.bz2=01;31:*.bz=01;31:*.tbz=01;31:*.tbz2=01;31:*.tz=01;31:*.deb=01;31:*.rpm=01;31:*.jar=01;31:*.war=01;31:*.ear=01;31:*.sar=01;31:*.rar=01;31:*.alz=01;31:*.ace=01;31:*.zoo=01;31:*.cpio=01;31:*.7z=01;31:*.rz=01;31:*.cab=01;31:*.wim=01;31:*.swm=01;31:*.dwm=01;31:*.esd=01;31:*.avif=01;35:*.jpg=01;35:*.jpeg=01;35:*.mjpg=01;35:*.mjpeg=01;35:*.gif=01;35:*.bmp=01;35:*.pbm=01;35:*.pgm=01;35:*.ppm=01;35:*.tga=01;35:*.xbm=01;35:*.xpm=01;35:*.tif=01;35:*.tiff=01;35:*.png=01;35:*.svg=01;35:*.svgz=01;35:*.mng=01;35:*.pcx=01;35:*.mov=01;35:*.mpg=01;35:*.mpeg=01;35:*.m2v=01;35:*.mkv=01;35:*.webm=01;35:*.webp=01;35:*.ogm=01;35:*.mp4=01;35:*.m4v=01;35:*.mp4v=01;35:*.vob=01;35:*.qt=01;35:*.nuv=01;35:*.wmv=01;35:*.asf=01;35:*.rm=01;35:*.rmvb=01;35:*.flc=01;35:*.avi=01;35:*.fli=01;35:*.flv=01;35:*.gl=01;35:*.dl=01;35:*.xcf=01;35:*.xwd=01;35:*.yuv=01;35:*.cgm=01;35:*.emf=01;35:*.ogv=01;35:*.ogx=01;35:*.aac=00;36:*.au=00;36:*.flac=00;36:*.m4a=00;36:*.mid=00;36:*.midi=00;36:*.mka=00;36:*.mp3=00;36:*.mpc=00;36:*.ogg=00;36:*.ra=00;36:*.wav=00;36:*.oga=00;36:*.opus=00;36:*.spx=00;36:*.xspf=00;36:*~=00;90:*#=00;90:*.bak=00;90:*.crdownload=00;90:*.dpkg-dist=00;90:*.dpkg-new=00;90:*.dpkg-old=00;90:*.dpkg-tmp=00;90:*.old=00;90:*.orig=00;90:*.part=00;90:*.rej=00;90:*.rpmnew=00;90:*.rpmorig=00;90:*.rpmsave=00;90:*.swp=00;90:*.tmp=00;90:*.ucf-dist=00;90:*.ucf-new=00;90:*.ucf-old=00;90:', 'GNOME_TERMINAL_SERVICE': ':1.103', 'SSH_AUTH_SOCK': '/run/user/1000/keyring/ssh', 'ROS_DOMAIN_ID': '1', 'AMENT_PREFIX_PATH': '/opt/ros/jazzy', 'SHELL': '/bin/bash', 'QT_ACCESSIBILITY': '1', 'GDMSESSION': 'ubuntu', 'LESSCLOSE': '/usr/bin/lesspipe %s %s', 'ROS_AUTOMATIC_DISCOVERY_RANGE': 'SUBNET', 'QT_IM_MODULE': 'ibus', 'PWD': '/home/dredre/DevStuff/scrollDiary/speechToText/ros2Workspace/build/speech_to_text_interfaces', 'XDG_CONFIG_DIRS': '/etc/xdg/xdg-ubuntu:/etc/xdg', 'XDG_DATA_DIRS': '/usr/share/ubuntu:/usr/share/gnome:/usr/local/share/:/usr/share/:/var/lib/snapd/desktop', 'PYTHONPATH': '/opt/ros/jazzy/lib/python3.12/site-packages', 'COLCON': '1', 'MEMORY_PRESSURE_WRITE': 'c29tZSAyMDAwMDAgMjAwMDAwMAA=', 'VTE_VERSION': '7600', 'CMAKE_PREFIX_PATH': '/opt/ros/jazzy/opt/sdformat_vendor:/opt/ros/jazzy/opt/gz_math_vendor:/opt/ros/jazzy/opt/gz_utils_vendor:/opt/ros/jazzy/opt/gz_tools_vendor:/opt/ros/jazzy/opt/gz_cmake_vendor:/opt/ros/jazzy'}), 'shell': False}
[1.495533] (speech_to_text_interfaces) StdoutLine: {'line': b'-- Install configuration: ""\n'}
[1.495862] (speech_to_text_interfaces) StdoutLine: {'line': b'-- Up-to-date: /home/dredre/DevStuff/scrollDiary/speechToText/ros2Workspace/install/speech_to_text_interfaces/share/ament_index/resource_index/rosidl_interfaces/speech_to_text_interfaces\n'}
[1.496010] (speech_to_text_interfaces) StdoutLine: {'line': b'-- Up-to-date: /home/dredre/DevStuff/scrollDiary/speechToText/ros2Workspace/install/speech_to_text_interfaces/share/speech_to_text_interfaces/msg/AudioStamped.json\n'}
[1.496134] (speech_to_text_interfaces) StdoutLine: {'line': b'-- Up-to-date: /home/dredre/DevStuff/scrollDiary/speechToText/ros2Workspace/install/speech_to_text_interfaces/include/speech_to_text_interfaces/speech_to_text_interfaces\n'}
[1.496250] (speech_to_text_interfaces) StdoutLine: {'line': b'-- Up-to-date: /home/dredre/DevStuff/scrollDiary/speechToText/ros2Workspace/install/speech_to_text_interfaces/include/speech_to_text_interfaces/speech_to_text_interfaces/msg\n'}
[1.496351] (speech_to_text_interfaces) StdoutLine: {'line': b'-- Up-to-date: /home/dredre/DevStuff/scrollDiary/speechToText/ros2Workspace/install/speech_to_text_interfaces/include/speech_to_text_interfaces/speech_to_text_interfaces/msg/audio_stamped.h\n'}
[1.496480] (speech_to_text_interfaces) StdoutLine: {'line': b'-- Up-to-date: /home/dredre/DevStuff/scrollDiary/speechToText/ros2Workspace/install/speech_to_text_interfaces/include/speech_to_text_interfaces/speech_to_text_interfaces/msg/rosidl_generator_c__visibility_control.h\n'}
[1.500634] (speech_to_text_interfaces) StdoutLine: {'line': b'-- Up-to-date: /home/dredre/DevStuff/scrollDiary/speechToText/ros2Workspace/install/speech_to_text_interfaces/include/speech_to_text_interfaces/speech_to_text_interfaces/msg/detail\n'}
[1.501118] (speech_to_text_interfaces) StdoutLine: {'line': b'-- Up-to-date: /home/dredre/DevStuff/scrollDiary/speechToText/ros2Workspace/install/speech_to_text_interfaces/include/speech_to_text_interfaces/speech_to_text_interfaces/msg/detail/audio_stamped__struct.h\n'}
[1.501305] (speech_to_text_interfaces) StdoutLine: {'line': b'-- Up-to-date: /home/dredre/DevStuff/scrollDiary/speechToText/ros2Workspace/install/speech_to_text_interfaces/include/speech_to_text_interfaces/speech_to_text_interfaces/msg/detail/audio_stamped__description.c\n'}
[1.501519] (speech_to_text_interfaces) StdoutLine: {'line': b'-- Up-to-date: /home/dredre/DevStuff/scrollDiary/speechToText/ros2Workspace/install/speech_to_text_interfaces/include/speech_to_text_interfaces/speech_to_text_interfaces/msg/detail/audio_stamped__functions.c\n'}
[1.505504] (speech_to_text_interfaces) StdoutLine: {'line': b'-- Up-to-date: /home/dredre/DevStuff/scrollDiary/speechToText/ros2Workspace/install/speech_to_text_interfaces/include/speech_to_text_interfaces/speech_to_text_interfaces/msg/detail/audio_stamped__functions.h\n'}
[1.505992] (speech_to_text_interfaces) StdoutLine: {'line': b'-- Up-to-date: /home/dredre/DevStuff/scrollDiary/speechToText/ros2Workspace/install/speech_to_text_interfaces/include/speech_to_text_interfaces/speech_to_text_interfaces/msg/detail/audio_stamped__type_support.c\n'}
[1.506158] (speech_to_text_interfaces) StdoutLine: {'line': b'-- Up-to-date: /home/dredre/DevStuff/scrollDiary/speechToText/ros2Workspace/install/speech_to_text_interfaces/include/speech_to_text_interfaces/speech_to_text_interfaces/msg/detail/audio_stamped__type_support.h\n'}
[1.506352] (speech_to_text_interfaces) StdoutLine: {'line': b'-- Up-to-date: /home/dredre/DevStuff/scrollDiary/speechToText/ros2Workspace/install/speech_to_text_interfaces/share/speech_to_text_interfaces/environment/library_path.sh\n'}
[1.506513] (speech_to_text_interfaces) StdoutLine: {'line': b'-- Up-to-date: /home/dredre/DevStuff/scrollDiary/speechToText/ros2Workspace/install/speech_to_text_interfaces/share/speech_to_text_interfaces/environment/library_path.dsv\n'}
[1.506650] (speech_to_text_interfaces) StdoutLine: {'line': b'-- Up-to-date: /home/dredre/DevStuff/scrollDiary/speechToText/ros2Workspace/install/speech_to_text_interfaces/lib/libspeech_to_text_interfaces__rosidl_generator_c.so\n'}
[1.506817] (speech_to_text_interfaces) StdoutLine: {'line': b'-- Up-to-date: /home/dredre/DevStuff/scrollDiary/speechToText/ros2Workspace/install/speech_to_text_interfaces/include/speech_to_text_interfaces/speech_to_text_interfaces\n'}
[1.506933] (speech_to_text_interfaces) StdoutLine: {'line': b'-- Up-to-date: /home/dredre/DevStuff/scrollDiary/speechToText/ros2Workspace/install/speech_to_text_interfaces/include/speech_to_text_interfaces/speech_to_text_interfaces/msg\n'}
[1.507043] (speech_to_text_interfaces) StdoutLine: {'line': b'-- Up-to-date: /home/dredre/DevStuff/scrollDiary/speechToText/ros2Workspace/install/speech_to_text_interfaces/include/speech_to_text_interfaces/speech_to_text_interfaces/msg/rosidl_typesupport_fastrtps_c__visibility_control.h\n'}
[1.507186] (speech_to_text_interfaces) StdoutLine: {'line': b'-- Up-to-date: /home/dredre/DevStuff/scrollDiary/speechToText/ros2Workspace/install/speech_to_text_interfaces/include/speech_to_text_interfaces/speech_to_text_interfaces/msg/detail\n'}
[1.507294] (speech_to_text_interfaces) StdoutLine: {'line': b'-- Up-to-date: /home/dredre/DevStuff/scrollDiary/speechToText/ros2Workspace/install/speech_to_text_interfaces/include/speech_to_text_interfaces/speech_to_text_interfaces/msg/detail/audio_stamped__rosidl_typesupport_fastrtps_c.h\n'}
[1.507726] (speech_to_text_interfaces) StdoutLine: {'line': b'-- Up-to-date: /home/dredre/DevStuff/scrollDiary/speechToText/ros2Workspace/install/speech_to_text_interfaces/lib/libspeech_to_text_interfaces__rosidl_typesupport_fastrtps_c.so\n'}
[1.508281] (speech_to_text_interfaces) StdoutLine: {'line': b'-- Up-to-date: /home/dredre/DevStuff/scrollDiary/speechToText/ros2Workspace/install/speech_to_text_interfaces/include/speech_to_text_interfaces/speech_to_text_interfaces\n'}
[1.508987] (speech_to_text_interfaces) StdoutLine: {'line': b'-- Up-to-date: /home/dredre/DevStuff/scrollDiary/speechToText/ros2Workspace/install/speech_to_text_interfaces/include/speech_to_text_interfaces/speech_to_text_interfaces/msg\n'}
[1.509716] (speech_to_text_interfaces) StdoutLine: {'line': b'-- Up-to-date: /home/dredre/DevStuff/scrollDiary/speechToText/ros2Workspace/install/speech_to_text_interfaces/include/speech_to_text_interfaces/speech_to_text_interfaces/msg/rosidl_typesupport_introspection_c__visibility_control.h\n'}
[1.509910] (speech_to_text_interfaces) StdoutLine: {'line': b'-- Up-to-date: /home/dredre/DevStuff/scrollDiary/speechToText/ros2Workspace/install/speech_to_text_interfaces/include/speech_to_text_interfaces/speech_to_text_interfaces/msg/detail\n'}
[1.510045] (speech_to_text_interfaces) StdoutLine: {'line': b'-- Up-to-date: /home/dredre/DevStuff/scrollDiary/speechToText/ros2Workspace/install/speech_to_text_interfaces/include/speech_to_text_interfaces/speech_to_text_interfaces/msg/detail/audio_stamped__rosidl_typesupport_introspection_c.h\n'}
[1.510192] (speech_to_text_interfaces) StdoutLine: {'line': b'-- Up-to-date: /home/dredre/DevStuff/scrollDiary/speechToText/ros2Workspace/install/speech_to_text_interfaces/include/speech_to_text_interfaces/speech_to_text_interfaces/msg/detail/audio_stamped__type_support.c\n'}
[1.510349] (speech_to_text_interfaces) StdoutLine: {'line': b'-- Up-to-date: /home/dredre/DevStuff/scrollDiary/speechToText/ros2Workspace/install/speech_to_text_interfaces/lib/libspeech_to_text_interfaces__rosidl_typesupport_introspection_c.so\n'}
[1.511787] (speech_to_text_interfaces) StdoutLine: {'line': b'-- Up-to-date: /home/dredre/DevStuff/scrollDiary/speechToText/ros2Workspace/install/speech_to_text_interfaces/lib/libspeech_to_text_interfaces__rosidl_typesupport_c.so\n'}
[1.513088] (speech_to_text_interfaces) StdoutLine: {'line': b'-- Up-to-date: /home/dredre/DevStuff/scrollDiary/speechToText/ros2Workspace/install/speech_to_text_interfaces/include/speech_to_text_interfaces/speech_to_text_interfaces\n'}
[1.514800] (speech_to_text_interfaces) StdoutLine: {'line': b'-- Up-to-date: /home/dredre/DevStuff/scrollDiary/speechToText/ros2Workspace/install/speech_to_text_interfaces/include/speech_to_text_interfaces/speech_to_text_interfaces/msg\n'}
[1.514988] (speech_to_text_interfaces) StdoutLine: {'line': b'-- Up-to-date: /home/dredre/DevStuff/scrollDiary/speechToText/ros2Workspace/install/speech_to_text_interfaces/include/speech_to_text_interfaces/speech_to_text_interfaces/msg/rosidl_generator_cpp__visibility_control.hpp\n'}
[1.515156] (speech_to_text_interfaces) StdoutLine: {'line': b'-- Up-to-date: /home/dredre/DevStuff/scrollDiary/speechToText/ros2Workspace/install/speech_to_text_interfaces/include/speech_to_text_interfaces/speech_to_text_interfaces/msg/audio_stamped.hpp\n'}
[1.515294] (speech_to_text_interfaces) StdoutLine: {'line': b'-- Up-to-date: /home/dredre/DevStuff/scrollDiary/speechToText/ros2Workspace/install/speech_to_text_interfaces/include/speech_to_text_interfaces/speech_to_text_interfaces/msg/detail\n'}
[1.517739] (speech_to_text_interfaces) StdoutLine: {'line': b'-- Up-to-date: /home/dredre/DevStuff/scrollDiary/speechToText/ros2Workspace/install/speech_to_text_interfaces/include/speech_to_text_interfaces/speech_to_text_interfaces/msg/detail/audio_stamped__builder.hpp\n'}
[1.518031] (speech_to_text_interfaces) StdoutLine: {'line': b'-- Up-to-date: /home/dredre/DevStuff/scrollDiary/speechToText/ros2Workspace/install/speech_to_text_interfaces/include/speech_to_text_interfaces/speech_to_text_interfaces/msg/detail/audio_stamped__struct.hpp\n'}
[1.518182] (speech_to_text_interfaces) StdoutLine: {'line': b'-- Up-to-date: /home/dredre/DevStuff/scrollDiary/speechToText/ros2Workspace/install/speech_to_text_interfaces/include/speech_to_text_interfaces/speech_to_text_interfaces/msg/detail/audio_stamped__traits.hpp\n'}
[1.518288] (speech_to_text_interfaces) StdoutLine: {'line': b'-- Up-to-date: /home/dredre/DevStuff/scrollDiary/speechToText/ros2Workspace/install/speech_to_text_interfaces/include/speech_to_text_interfaces/speech_to_text_interfaces/msg/detail/audio_stamped__type_support.hpp\n'}
[1.518592] (speech_to_text_interfaces) StdoutLine: {'line': b'-- Up-to-date: /home/dredre/DevStuff/scrollDiary/speechToText/ros2Workspace/install/speech_to_text_interfaces/include/speech_to_text_interfaces/speech_to_text_interfaces\n'}
[1.518904] (speech_to_text_interfaces) StdoutLine: {'line': b'-- Up-to-date: /home/dredre/DevStuff/scrollDiary/speechToText/ros2Workspace/install/speech_to_text_interfaces/include/speech_to_text_interfaces/speech_to_text_interfaces/msg\n'}
[1.519668] (speech_to_text_interfaces) StdoutLine: {'line': b'-- Up-to-date: /home/dredre/DevStuff/scrollDiary/speechToText/ros2Workspace/install/speech_to_text_interfaces/include/speech_to_text_interfaces/speech_to_text_interfaces/msg/rosidl_typesupport_fastrtps_cpp__visibility_control.h\n'}
[1.519909] (speech_to_text_interfaces) StdoutLine: {'line': b'-- Up-to-date: /home/dredre/DevStuff/scrollDiary/speechToText/ros2Workspace/install/speech_to_text_interfaces/include/speech_to_text_interfaces/speech_to_text_interfaces/msg/detail\n'}
[1.520054] (speech_to_text_interfaces) StdoutLine: {'line': b'-- Up-to-date: /home/dredre/DevStuff/scrollDiary/speechToText/ros2Workspace/install/speech_to_text_interfaces/include/speech_to_text_interfaces/speech_to_text_interfaces/msg/detail/audio_stamped__rosidl_typesupport_fastrtps_cpp.hpp\n'}
[1.520216] (speech_to_text_interfaces) StdoutLine: {'line': b'-- Up-to-date: /home/dredre/DevStuff/scrollDiary/speechToText/ros2Workspace/install/speech_to_text_interfaces/include/speech_to_text_interfaces/speech_to_text_interfaces/msg/detail/dds_fastrtps\n'}
[1.520402] (speech_to_text_interfaces) StdoutLine: {'line': b'-- Up-to-date: /home/dredre/DevStuff/scrollDiary/speechToText/ros2Workspace/install/speech_to_text_interfaces/lib/libspeech_to_text_interfaces__rosidl_typesupport_fastrtps_cpp.so\n'}
[1.520620] (-) TimerEvent: {}
[1.525897] (speech_to_text_interfaces) StdoutLine: {'line': b'-- Up-to-date: /home/dredre/DevStuff/scrollDiary/speechToText/ros2Workspace/install/speech_to_text_interfaces/include/speech_to_text_interfaces/speech_to_text_interfaces\n'}
[1.526396] (speech_to_text_interfaces) StdoutLine: {'line': b'-- Up-to-date: /home/dredre/DevStuff/scrollDiary/speechToText/ros2Workspace/install/speech_to_text_interfaces/include/speech_to_text_interfaces/speech_to_text_interfaces/msg\n'}
[1.527937] (speech_to_text_interfaces) StdoutLine: {'line': b'-- Up-to-date: /home/dredre/DevStuff/scrollDiary/speechToText/ros2Workspace/install/speech_to_text_interfaces/include/speech_to_text_interfaces/speech_to_text_interfaces/msg/detail\n'}
[1.528119] (speech_to_text_interfaces) StdoutLine: {'line': b'-- Up-to-date: /home/dredre/DevStuff/scrollDiary/speechToText/ros2Workspace/install/speech_to_text_interfaces/include/speech_to_text_interfaces/speech_to_text_interfaces/msg/detail/audio_stamped__rosidl_typesupport_introspection_cpp.hpp\n'}
[1.528250] (speech_to_text_interfaces) StdoutLine: {'line': b'-- Up-to-date: /home/dredre/DevStuff/scrollDiary/speechToText/ros2Workspace/install/speech_to_text_interfaces/include/speech_to_text_interfaces/speech_to_text_interfaces/msg/detail/audio_stamped__type_support.cpp\n'}
[1.528360] (speech_to_text_interfaces) StdoutLine: {'line': b'-- Up-to-date: /home/dredre/DevStuff/scrollDiary/speechToText/ros2Workspace/install/speech_to_text_interfaces/lib/libspeech_to_text_interfaces__rosidl_typesupport_introspection_cpp.so\n'}
[1.528521] (speech_to_text_interfaces) StdoutLine: {'line': b'-- Up-to-date: /home/dredre/DevStuff/scrollDiary/speechToText/ros2Workspace/install/speech_to_text_interfaces/lib/libspeech_to_text_interfaces__rosidl_typesupport_cpp.so\n'}
[1.528671] (speech_to_text_interfaces) StdoutLine: {'line': b'-- Up-to-date: /home/dredre/DevStuff/scrollDiary/speechToText/ros2Workspace/install/speech_to_text_interfaces/share/speech_to_text_interfaces/environment/pythonpath.sh\n'}
[1.532090] (speech_to_text_interfaces) StdoutLine: {'line': b'-- Up-to-date: /home/dredre/DevStuff/scrollDiary/speechToText/ros2Workspace/install/speech_to_text_interfaces/share/speech_to_text_interfaces/environment/pythonpath.dsv\n'}
[1.532276] (speech_to_text_interfaces) StdoutLine: {'line': b'-- Up-to-date: /home/dredre/DevStuff/scrollDiary/speechToText/ros2Workspace/install/speech_to_text_interfaces/lib/python3.12/site-packages/speech_to_text_interfaces-0.0.0-py3.12.egg-info\n'}
[1.532682] (speech_to_text_interfaces) StdoutLine: {'line': b'-- Installing: /home/dredre/DevStuff/scrollDiary/speechToText/ros2Workspace/install/speech_to_text_interfaces/lib/python3.12/site-packages/speech_to_text_interfaces-0.0.0-py3.12.egg-info/dependency_links.txt\n'}
[1.532824] (speech_to_text_interfaces) StdoutLine: {'line': b'-- Installing: /home/dredre/DevStuff/scrollDiary/speechToText/ros2Workspace/install/speech_to_text_interfaces/lib/python3.12/site-packages/speech_to_text_interfaces-0.0.0-py3.12.egg-info/top_level.txt\n'}
[1.532936] (speech_to_text_interfaces) StdoutLine: {'line': b'-- Installing: /home/dredre/DevStuff/scrollDiary/speechToText/ros2Workspace/install/speech_to_text_interfaces/lib/python3.12/site-packages/speech_to_text_interfaces-0.0.0-py3.12.egg-info/SOURCES.txt\n'}
[1.533027] (speech_to_text_interfaces) StdoutLine: {'line': b'-- Installing: /home/dredre/DevStuff/scrollDiary/speechToText/ros2Workspace/install/speech_to_text_interfaces/lib/python3.12/site-packages/speech_to_text_interfaces-0.0.0-py3.12.egg-info/PKG-INFO\n'}
[1.533141] (speech_to_text_interfaces) StdoutLine: {'line': b'-- Up-to-date: /home/dredre/DevStuff/scrollDiary/speechToText/ros2Workspace/install/speech_to_text_interfaces/lib/python3.12/site-packages/speech_to_text_interfaces\n'}
[1.533308] (speech_to_text_interfaces) StdoutLine: {'line': b'-- Up-to-date: /home/dredre/DevStuff/scrollDiary/speechToText/ros2Workspace/install/speech_to_text_interfaces/lib/python3.12/site-packages/speech_to_text_interfaces/_speech_to_text_interfaces_s.ep.rosidl_typesupport_fastrtps_c.c\n'}
[1.536056] (speech_to_text_interfaces) StdoutLine: {'line': b'-- Up-to-date: /home/dredre/DevStuff/scrollDiary/speechToText/ros2Workspace/install/speech_to_text_interfaces/lib/python3.12/site-packages/speech_to_text_interfaces/_speech_to_text_interfaces_s.ep.rosidl_typesupport_introspection_c.c\n'}
[1.537082] (speech_to_text_interfaces) StdoutLine: {'line': b'-- Up-to-date: /home/dredre/DevStuff/scrollDiary/speechToText/ros2Workspace/install/speech_to_text_interfaces/lib/python3.12/site-packages/speech_to_text_interfaces/speech_to_text_interfaces_s__rosidl_typesupport_c.so\n'}
[1.540912] (speech_to_text_interfaces) StdoutLine: {'line': b'-- Up-to-date: /home/dredre/DevStuff/scrollDiary/speechToText/ros2Workspace/install/speech_to_text_interfaces/lib/python3.12/site-packages/speech_to_text_interfaces/msg\n'}
[1.541314] (speech_to_text_interfaces) StdoutLine: {'line': b'-- Up-to-date: /home/dredre/DevStuff/scrollDiary/speechToText/ros2Workspace/install/speech_to_text_interfaces/lib/python3.12/site-packages/speech_to_text_interfaces/msg/_audio_stamped_s.c\n'}
[1.541803] (speech_to_text_interfaces) StdoutLine: {'line': b'-- Up-to-date: /home/dredre/DevStuff/scrollDiary/speechToText/ros2Workspace/install/speech_to_text_interfaces/lib/python3.12/site-packages/speech_to_text_interfaces/msg/__init__.py\n'}
[1.542146] (speech_to_text_interfaces) StdoutLine: {'line': b'-- Up-to-date: /home/dredre/DevStuff/scrollDiary/speechToText/ros2Workspace/install/speech_to_text_interfaces/lib/python3.12/site-packages/speech_to_text_interfaces/msg/_audio_stamped.py\n'}
[1.542477] (speech_to_text_interfaces) StdoutLine: {'line': b'-- Up-to-date: /home/dredre/DevStuff/scrollDiary/speechToText/ros2Workspace/install/speech_to_text_interfaces/lib/python3.12/site-packages/speech_to_text_interfaces/__init__.py\n'}
[1.542741] (speech_to_text_interfaces) StdoutLine: {'line': b'-- Up-to-date: /home/dredre/DevStuff/scrollDiary/speechToText/ros2Workspace/install/speech_to_text_interfaces/lib/python3.12/site-packages/speech_to_text_interfaces/speech_to_text_interfaces_s__rosidl_typesupport_introspection_c.so\n'}
[1.542988] (speech_to_text_interfaces) StdoutLine: {'line': b'-- Up-to-date: /home/dredre/DevStuff/scrollDiary/speechToText/ros2Workspace/install/speech_to_text_interfaces/lib/python3.12/site-packages/speech_to_text_interfaces/speech_to_text_interfaces_s__rosidl_typesupport_fastrtps_c.so\n'}
[1.543212] (speech_to_text_interfaces) StdoutLine: {'line': b'-- Up-to-date: /home/dredre/DevStuff/scrollDiary/speechToText/ros2Workspace/install/speech_to_text_interfaces/lib/python3.12/site-packages/speech_to_text_interfaces/_speech_to_text_interfaces_s.ep.rosidl_typesupport_c.c\n'}
[1.621286] (-) TimerEvent: {}
[1.674136] (speech_to_text_interfaces) StdoutLine: {'line': b"Listing '/home/dredre/DevStuff/scrollDiary/speechToText/ros2Workspace/install/speech_to_text_interfaces/lib/python3.12/site-packages/speech_to_text_interfaces'...\n"}
[1.675625] (speech_to_text_interfaces) StdoutLine: {'line': b"Listing '/home/dredre/DevStuff/scrollDiary/speechToText/ros2Workspace/install/speech_to_text_interfaces/lib/python3.12/site-packages/speech_to_text_interfaces/msg'...\n"}
[1.723573] (speech_to_text_interfaces) StdoutLine: {'line': b'-- Up-to-date: /home/dredre/DevStuff/scrollDiary/speechToText/ros2Workspace/install/speech_to_text_interfaces/lib/python3.12/site-packages/speech_to_text_interfaces/speech_to_text_interfaces_s__rosidl_typesupport_fastrtps_c.so\n'}
[1.724293] (-) TimerEvent: {}
[1.726844] (speech_to_text_interfaces) StdoutLine: {'line': b'-- Up-to-date: /home/dredre/DevStuff/scrollDiary/speechToText/ros2Workspace/install/speech_to_text_interfaces/lib/python3.12/site-packages/speech_to_text_interfaces/speech_to_text_interfaces_s__rosidl_typesupport_introspection_c.so\n'}
[1.727988] (speech_to_text_interfaces) StdoutLine: {'line': b'-- Up-to-date: /home/dredre/DevStuff/scrollDiary/speechToText/ros2Workspace/install/speech_to_text_interfaces/lib/python3.12/site-packages/speech_to_text_interfaces/speech_to_text_interfaces_s__rosidl_typesupport_c.so\n'}
[1.728272] (speech_to_text_interfaces) StdoutLine: {'line': b'-- Up-to-date: /home/dredre/DevStuff/scrollDiary/speechToText/ros2Workspace/install/speech_to_text_interfaces/lib/libspeech_to_text_interfaces__rosidl_generator_py.so\n'}
[1.731555] (speech_to_text_interfaces) StdoutLine: {'line': b'-- Up-to-date: /home/dredre/DevStuff/scrollDiary/speechToText/ros2Workspace/install/speech_to_text_interfaces/share/speech_to_text_interfaces/msg/AudioStamped.idl\n'}
[1.732087] (speech_to_text_interfaces) StdoutLine: {'line': b'-- Up-to-date: /home/dredre/DevStuff/scrollDiary/speechToText/ros2Workspace/install/speech_to_text_interfaces/share/speech_to_text_interfaces/msg/AudioStamped.msg\n'}
[1.732220] (speech_to_text_interfaces) StdoutLine: {'line': b'-- Up-to-date: /home/dredre/DevStuff/scrollDiary/speechToText/ros2Workspace/install/speech_to_text_interfaces/share/ament_index/resource_index/package_run_dependencies/speech_to_text_interfaces\n'}
[1.732348] (speech_to_text_interfaces) StdoutLine: {'line': b'-- Up-to-date: /home/dredre/DevStuff/scrollDiary/speechToText/ros2Workspace/install/speech_to_text_interfaces/share/ament_index/resource_index/parent_prefix_path/speech_to_text_interfaces\n'}
[1.732518] (speech_to_text_interfaces) StdoutLine: {'line': b'-- Up-to-date: /home/dredre/DevStuff/scrollDiary/speechToText/ros2Workspace/install/speech_to_text_interfaces/share/speech_to_text_interfaces/environment/ament_prefix_path.sh\n'}
[1.732630] (speech_to_text_interfaces) StdoutLine: {'line': b'-- Up-to-date: /home/dredre/DevStuff/scrollDiary/speechToText/ros2Workspace/install/speech_to_text_interfaces/share/speech_to_text_interfaces/environment/ament_prefix_path.dsv\n'}
[1.734595] (speech_to_text_interfaces) StdoutLine: {'line': b'-- Up-to-date: /home/dredre/DevStuff/scrollDiary/speechToText/ros2Workspace/install/speech_to_text_interfaces/share/speech_to_text_interfaces/environment/path.sh\n'}
[1.734825] (speech_to_text_interfaces) StdoutLine: {'line': b'-- Up-to-date: /home/dredre/DevStuff/scrollDiary/speechToText/ros2Workspace/install/speech_to_text_interfaces/share/speech_to_text_interfaces/environment/path.dsv\n'}
[1.734922] (speech_to_text_interfaces) StdoutLine: {'line': b'-- Up-to-date: /home/dredre/DevStuff/scrollDiary/speechToText/ros2Workspace/install/speech_to_text_interfaces/share/speech_to_text_interfaces/local_setup.bash\n'}
[1.735009] (speech_to_text_interfaces) StdoutLine: {'line': b'-- Up-to-date: /home/dredre/DevStuff/scrollDiary/speechToText/ros2Workspace/install/speech_to_text_interfaces/share/speech_to_text_interfaces/local_setup.sh\n'}
[1.735130] (speech_to_text_interfaces) StdoutLine: {'line': b'-- Up-to-date: /home/dredre/DevStuff/scrollDiary/speechToText/ros2Workspace/install/speech_to_text_interfaces/share/speech_to_text_interfaces/local_setup.zsh\n'}
[1.735219] (speech_to_text_interfaces) StdoutLine: {'line': b'-- Up-to-date: /home/dredre/DevStuff/scrollDiary/speechToText/ros2Workspace/install/speech_to_text_interfaces/share/speech_to_text_interfaces/local_setup.dsv\n'}
[1.735306] (speech_to_text_interfaces) StdoutLine: {'line': b'-- Installing: /home/dredre/DevStuff/scrollDiary/speechToText/ros2Workspace/install/speech_to_text_interfaces/share/speech_to_text_interfaces/package.dsv\n'}
[1.735391] (speech_to_text_interfaces) StdoutLine: {'line': b'-- Up-to-date: /home/dredre/DevStuff/scrollDiary/speechToText/ros2Workspace/install/speech_to_text_interfaces/share/ament_index/resource_index/packages/speech_to_text_interfaces\n'}
[1.736304] (speech_to_text_interfaces) StdoutLine: {'line': b'-- Up-to-date: /home/dredre/DevStuff/scrollDiary/speechToText/ros2Workspace/install/speech_to_text_interfaces/share/speech_to_text_interfaces/cmake/export_speech_to_text_interfaces__rosidl_generator_cExport.cmake\n'}
[1.736934] (speech_to_text_interfaces) StdoutLine: {'line': b'-- Up-to-date: /home/dredre/DevStuff/scrollDiary/speechToText/ros2Workspace/install/speech_to_text_interfaces/share/speech_to_text_interfaces/cmake/export_speech_to_text_interfaces__rosidl_generator_cExport-noconfig.cmake\n'}
[1.737647] (speech_to_text_interfaces) StdoutLine: {'line': b'-- Up-to-date: /home/dredre/DevStuff/scrollDiary/speechToText/ros2Workspace/install/speech_to_text_interfaces/share/speech_to_text_interfaces/cmake/export_speech_to_text_interfaces__rosidl_typesupport_fastrtps_cExport.cmake\n'}
[1.739468] (speech_to_text_interfaces) StdoutLine: {'line': b'-- Up-to-date: /home/dredre/DevStuff/scrollDiary/speechToText/ros2Workspace/install/speech_to_text_interfaces/share/speech_to_text_interfaces/cmake/export_speech_to_text_interfaces__rosidl_typesupport_fastrtps_cExport-noconfig.cmake\n'}
[1.740743] (speech_to_text_interfaces) StdoutLine: {'line': b'-- Up-to-date: /home/dredre/DevStuff/scrollDiary/speechToText/ros2Workspace/install/speech_to_text_interfaces/share/speech_to_text_interfaces/cmake/speech_to_text_interfaces__rosidl_typesupport_introspection_cExport.cmake\n'}
[1.741443] (speech_to_text_interfaces) StdoutLine: {'line': b'-- Up-to-date: /home/dredre/DevStuff/scrollDiary/speechToText/ros2Workspace/install/speech_to_text_interfaces/share/speech_to_text_interfaces/cmake/speech_to_text_interfaces__rosidl_typesupport_introspection_cExport-noconfig.cmake\n'}
[1.742065] (speech_to_text_interfaces) StdoutLine: {'line': b'-- Up-to-date: /home/dredre/DevStuff/scrollDiary/speechToText/ros2Workspace/install/speech_to_text_interfaces/share/speech_to_text_interfaces/cmake/speech_to_text_interfaces__rosidl_typesupport_cExport.cmake\n'}
[1.745179] (speech_to_text_interfaces) StdoutLine: {'line': b'-- Up-to-date: /home/dredre/DevStuff/scrollDiary/speechToText/ros2Workspace/install/speech_to_text_interfaces/share/speech_to_text_interfaces/cmake/speech_to_text_interfaces__rosidl_typesupport_cExport-noconfig.cmake\n'}
[1.745666] (speech_to_text_interfaces) StdoutLine: {'line': b'-- Up-to-date: /home/dredre/DevStuff/scrollDiary/speechToText/ros2Workspace/install/speech_to_text_interfaces/share/speech_to_text_interfaces/cmake/export_speech_to_text_interfaces__rosidl_generator_cppExport.cmake\n'}
[1.746904] (speech_to_text_interfaces) StdoutLine: {'line': b'-- Up-to-date: /home/dredre/DevStuff/scrollDiary/speechToText/ros2Workspace/install/speech_to_text_interfaces/share/speech_to_text_interfaces/cmake/export_speech_to_text_interfaces__rosidl_typesupport_fastrtps_cppExport.cmake\n'}
[1.747173] (speech_to_text_interfaces) StdoutLine: {'line': b'-- Up-to-date: /home/dredre/DevStuff/scrollDiary/speechToText/ros2Workspace/install/speech_to_text_interfaces/share/speech_to_text_interfaces/cmake/export_speech_to_text_interfaces__rosidl_typesupport_fastrtps_cppExport-noconfig.cmake\n'}
[1.747614] (speech_to_text_interfaces) StdoutLine: {'line': b'-- Up-to-date: /home/dredre/DevStuff/scrollDiary/speechToText/ros2Workspace/install/speech_to_text_interfaces/share/speech_to_text_interfaces/cmake/speech_to_text_interfaces__rosidl_typesupport_introspection_cppExport.cmake\n'}
[1.747872] (speech_to_text_interfaces) StdoutLine: {'line': b'-- Up-to-date: /home/dredre/DevStuff/scrollDiary/speechToText/ros2Workspace/install/speech_to_text_interfaces/share/speech_to_text_interfaces/cmake/speech_to_text_interfaces__rosidl_typesupport_introspection_cppExport-noconfig.cmake\n'}
[1.748075] (speech_to_text_interfaces) StdoutLine: {'line': b'-- Up-to-date: /home/dredre/DevStuff/scrollDiary/speechToText/ros2Workspace/install/speech_to_text_interfaces/share/speech_to_text_interfaces/cmake/speech_to_text_interfaces__rosidl_typesupport_cppExport.cmake\n'}
[1.748303] (speech_to_text_interfaces) StdoutLine: {'line': b'-- Up-to-date: /home/dredre/DevStuff/scrollDiary/speechToText/ros2Workspace/install/speech_to_text_interfaces/share/speech_to_text_interfaces/cmake/speech_to_text_interfaces__rosidl_typesupport_cppExport-noconfig.cmake\n'}
[1.751884] (speech_to_text_interfaces) StdoutLine: {'line': b'-- Up-to-date: /home/dredre/DevStuff/scrollDiary/speechToText/ros2Workspace/install/speech_to_text_interfaces/share/speech_to_text_interfaces/cmake/export_speech_to_text_interfaces__rosidl_generator_pyExport.cmake\n'}
[1.752194] (speech_to_text_interfaces) StdoutLine: {'line': b'-- Up-to-date: /home/dredre/DevStuff/scrollDiary/speechToText/ros2Workspace/install/speech_to_text_interfaces/share/speech_to_text_interfaces/cmake/export_speech_to_text_interfaces__rosidl_generator_pyExport-noconfig.cmake\n'}
[1.752495] (speech_to_text_interfaces) StdoutLine: {'line': b'-- Up-to-date: /home/dredre/DevStuff/scrollDiary/speechToText/ros2Workspace/install/speech_to_text_interfaces/share/speech_to_text_interfaces/cmake/rosidl_cmake-extras.cmake\n'}
[1.752687] (speech_to_text_interfaces) StdoutLine: {'line': b'-- Up-to-date: /home/dredre/DevStuff/scrollDiary/speechToText/ros2Workspace/install/speech_to_text_interfaces/share/speech_to_text_interfaces/cmake/ament_cmake_export_include_directories-extras.cmake\n'}
[1.753773] (speech_to_text_interfaces) StdoutLine: {'line': b'-- Up-to-date: /home/dredre/DevStuff/scrollDiary/speechToText/ros2Workspace/install/speech_to_text_interfaces/share/speech_to_text_interfaces/cmake/ament_cmake_export_libraries-extras.cmake\n'}
[1.753970] (speech_to_text_interfaces) StdoutLine: {'line': b'-- Up-to-date: /home/dredre/DevStuff/scrollDiary/speechToText/ros2Workspace/install/speech_to_text_interfaces/share/speech_to_text_interfaces/cmake/ament_cmake_export_targets-extras.cmake\n'}
[1.754095] (speech_to_text_interfaces) StdoutLine: {'line': b'-- Up-to-date: /home/dredre/DevStuff/scrollDiary/speechToText/ros2Workspace/install/speech_to_text_interfaces/share/speech_to_text_interfaces/cmake/rosidl_cmake_export_typesupport_targets-extras.cmake\n'}
[1.754194] (speech_to_text_interfaces) StdoutLine: {'line': b'-- Up-to-date: /home/dredre/DevStuff/scrollDiary/speechToText/ros2Workspace/install/speech_to_text_interfaces/share/speech_to_text_interfaces/cmake/ament_cmake_export_dependencies-extras.cmake\n'}
[1.754298] (speech_to_text_interfaces) StdoutLine: {'line': b'-- Up-to-date: /home/dredre/DevStuff/scrollDiary/speechToText/ros2Workspace/install/speech_to_text_interfaces/share/speech_to_text_interfaces/cmake/rosidl_cmake_export_typesupport_libraries-extras.cmake\n'}
[1.754401] (speech_to_text_interfaces) StdoutLine: {'line': b'-- Up-to-date: /home/dredre/DevStuff/scrollDiary/speechToText/ros2Workspace/install/speech_to_text_interfaces/share/speech_to_text_interfaces/cmake/speech_to_text_interfacesConfig.cmake\n'}
[1.754550] (speech_to_text_interfaces) StdoutLine: {'line': b'-- Up-to-date: /home/dredre/DevStuff/scrollDiary/speechToText/ros2Workspace/install/speech_to_text_interfaces/share/speech_to_text_interfaces/cmake/speech_to_text_interfacesConfig-version.cmake\n'}
[1.754783] (speech_to_text_interfaces) StdoutLine: {'line': b'-- Up-to-date: /home/dredre/DevStuff/scrollDiary/speechToText/ros2Workspace/install/speech_to_text_interfaces/share/speech_to_text_interfaces/package.xml\n'}
[1.756046] (speech_to_text_interfaces) CommandEnded: {'returncode': 0}
[1.813907] (speech_to_text_interfaces) JobEnded: {'identifier': 'speech_to_text_interfaces', 'rc': 0}
[1.822690] (speech_to_text_pkg) JobStarted: {'identifier': 'speech_to_text_pkg'}
[1.824832] (-) TimerEvent: {}
[1.864622] (speech_to_text_pkg) JobProgress: {'identifier': 'speech_to_text_pkg', 'progress': 'cmake'}
[1.867228] (speech_to_text_pkg) JobProgress: {'identifier': 'speech_to_text_pkg', 'progress': 'build'}
[1.867988] (speech_to_text_pkg) Command: {'cmd': ['/usr/local/bin/cmake', '--build', '/home/dredre/DevStuff/scrollDiary/speechToText/ros2Workspace/build/speech_to_text_pkg', '--', '-j4', '-l4'], 'cwd': '/home/dredre/DevStuff/scrollDiary/speechToText/ros2Workspace/build/speech_to_text_pkg', 'env': OrderedDict({'LESSOPEN': '| /usr/bin/lesspipe %s', 'USER': 'dredre', 'GZ_CONFIG_PATH': '/opt/ros/jazzy/opt/sdformat_vendor/share/gz', 'XDG_SESSION_TYPE': 'wayland', 'CLUTTER_DISABLE_MIPMAPPED_TEXT': '1', 'SHLVL': '1', 'LD_LIBRARY_PATH': '/home/dredre/DevStuff/scrollDiary/speechToText/ros2Workspace/install/speech_to_text_interfaces/lib:/opt/ros/jazzy/opt/sdformat_vendor/lib:/opt/ros/jazzy/opt/rviz_ogre_vendor/lib:/opt/ros/jazzy/lib/aarch64-linux-gnu:/opt/ros/jazzy/opt/gz_math_vendor/lib:/opt/ros/jazzy/opt/gz_utils_vendor/lib:/opt/ros/jazzy/opt/gz_tools_vendor/lib:/opt/ros/jazzy/opt/gz_cmake_vendor/lib:/opt/ros/jazzy/lib', 'HOME': '/home/dredre', 'OLDPWD': '/home/dredre/DevStuff/scrollDiary/speechToText', 'DESKTOP_SESSION': 'ubuntu', 'ROS_PYTHON_VERSION': '3', 'GNOME_SHELL_SESSION_MODE': 'ubuntu', 'GTK_MODULES': 'gail:atk-bridge', 'SYSTEMD_EXEC_PID': '2827', 'GSM_SKIP_SSH_AGENT_WORKAROUND': 'true', 'DBUS_SESSION_BUS_ADDRESS': 'unix:path=/run/user/1000/bus', 'COLORTERM': 'truecolor', 'DEBUGINFOD_URLS': 'https://debuginfod.ubuntu.com', 'IM_CONFIG_PHASE': '1', 'WAYLAND_DISPLAY': 'wayland-0', 'ROS_DISTRO': 'jazzy', 'LOGNAME': 'dredre', '_': '/usr/bin/colcon', 'ROS_VERSION': '2', 'MEMORY_PRESSURE_WATCH': '/sys/fs/cgroup/user.slice/user-1000.slice/user@1000.service/session.slice/org.gnome.Shell@wayland.service/memory.pressure', 'XDG_SESSION_CLASS': 'user', 'USERNAME': 'dredre', 'TERM': 'xterm-256color', 'GNOME_DESKTOP_SESSION_ID': 'this-is-deprecated', 'PATH': '/opt/ros/jazzy/opt/gz_tools_vendor/bin:/opt/ros/jazzy/bin:/home/dredre/.local/bin:/usr/local/sbin:/usr/local/bin:/usr/sbin:/usr/bin:/sbin:/bin:/usr/games:/usr/local/games:/snap/bin:/snap/bin:/home/dredre/.local/bin', 'SESSION_MANAGER': 'local/dredre-desktop:@/tmp/.ICE-unix/2793,unix/dredre-desktop:/tmp/.ICE-unix/2793', 'XDG_MENU_PREFIX': 'gnome-', 'GNOME_TERMINAL_SCREEN': '/org/gnome/Terminal/screen/1a4083bf_0e4f_4e70_995e_f598721eb114', 'GNOME_SETUP_DISPLAY': ':1', 'XDG_RUNTIME_DIR': '/run/user/1000', 'DISPLAY': ':0', 'LANG': 'C.UTF-8', 'XDG_CURRENT_DESKTOP': 'ubuntu:GNOME', 'XMODIFIERS': '@im=ibus', 'XDG_SESSION_DESKTOP': 'ubuntu', 'XAUTHORITY': '/run/user/1000/.mutter-Xwaylandauth.68LTO3', 'LS_COLORS': 'rs=0:di=01;34:ln=01;36:mh=00:pi=40;33:so=01;35:do=01;35:bd=40;33;01:cd=40;33;01:or=40;31;01:mi=00:su=37;41:sg=30;43:ca=00:tw=30;42:ow=34;42:st=37;44:ex=01;32:*.tar=01;31:*.tgz=01;31:*.arc=01;31:*.arj=01;31:*.taz=01;31:*.lha=01;31:*.lz4=01;31:*.lzh=01;31:*.lzma=01;31:*.tlz=01;31:*.txz=01;31:*.tzo=01;31:*.t7z=01;31:*.zip=01;31:*.z=01;31:*.dz=01;31:*.gz=01;31:*.lrz=01;31:*.lz=01;31:*.lzo=01;31:*.xz=01;31:*.zst=01;31:*.tzst=01;31:*.bz2=01;31:*.bz=01;31:*.tbz=01;31:*.tbz2=01;31:*.tz=01;31:*.deb=01;31:*.rpm=01;31:*.jar=01;31:*.war=01;31:*.ear=01;31:*.sar=01;31:*.rar=01;31:*.alz=01;31:*.ace=01;31:*.zoo=01;31:*.cpio=01;31:*.7z=01;31:*.rz=01;31:*.cab=01;31:*.wim=01;31:*.swm=01;31:*.dwm=01;31:*.esd=01;31:*.avif=01;35:*.jpg=01;35:*.jpeg=01;35:*.mjpg=01;35:*.mjpeg=01;35:*.gif=01;35:*.bmp=01;35:*.pbm=01;35:*.pgm=01;35:*.ppm=01;35:*.tga=01;35:*.xbm=01;35:*.xpm=01;35:*.tif=01;35:*.tiff=01;35:*.png=01;35:*.svg=01;35:*.svgz=01;35:*.mng=01;35:*.pcx=01;35:*.mov=01;35:*.mpg=01;35:*.mpeg=01;35:*.m2v=01;35:*.mkv=01;35:*.webm=01;35:*.webp=01;35:*.ogm=01;35:*.mp4=01;35:*.m4v=01;35:*.mp4v=01;35:*.vob=01;35:*.qt=01;35:*.nuv=01;35:*.wmv=01;35:*.asf=01;35:*.rm=01;35:*.rmvb=01;35:*.flc=01;35:*.avi=01;35:*.fli=01;35:*.flv=01;35:*.gl=01;35:*.dl=01;35:*.xcf=01;35:*.xwd=01;35:*.yuv=01;35:*.cgm=01;35:*.emf=01;35:*.ogv=01;35:*.ogx=01;35:*.aac=00;36:*.au=00;36:*.flac=00;36:*.m4a=00;36:*.mid=00;36:*.midi=00;36:*.mka=00;36:*.mp3=00;36:*.mpc=00;36:*.ogg=00;36:*.ra=00;36:*.wav=00;36:*.oga=00;36:*.opus=00;36:*.spx=00;36:*.xspf=00;36:*~=00;90:*#=00;90:*.bak=00;90:*.crdownload=00;90:*.dpkg-dist=00;90:*.dpkg-new=00;90:*.dpkg-old=00;90:*.dpkg-tmp=00;90:*.old=00;90:*.orig=00;90:*.part=00;90:*.rej=00;90:*.rpmnew=00;90:*.rpmorig=00;90:*.rpmsave=00;90:*.swp=00;90:*.tmp=00;90:*.ucf-dist=00;90:*.ucf-new=00;90:*.ucf-old=00;90:', 'GNOME_TERMINAL_SERVICE': ':1.103', 'SSH_AUTH_SOCK': '/run/user/1000/keyring/ssh', 'ROS_DOMAIN_ID': '1', 'AMENT_PREFIX_PATH': '/home/dredre/DevStuff/scrollDiary/speechToText/ros2Workspace/install/speech_to_text_interfaces:/opt/ros/jazzy', 'SHELL': '/bin/bash', 'QT_ACCESSIBILITY': '1', 'GDMSESSION': 'ubuntu', 'LESSCLOSE': '/usr/bin/lesspipe %s %s', 'ROS_AUTOMATIC_DISCOVERY_RANGE': 'SUBNET', 'QT_IM_MODULE': 'ibus', 'PWD': '/home/dredre/DevStuff/scrollDiary/speechToText/ros2Workspace/build/speech_to_text_pkg', 'XDG_CONFIG_DIRS': '/etc/xdg/xdg-ubuntu:/etc/xdg', 'XDG_DATA_DIRS': '/usr/share/ubuntu:/usr/share/gnome:/usr/local/share/:/usr/share/:/var/lib/snapd/desktop', 'PYTHONPATH': '/home/dredre/DevStuff/scrollDiary/speechToText/ros2Workspace/install/speech_to_text_interfaces/lib/python3.12/site-packages:/opt/ros/jazzy/lib/python3.12/site-packages', 'COLCON': '1', 'MEMORY_PRESSURE_WRITE': 'c29tZSAyMDAwMDAgMjAwMDAwMAA=', 'VTE_VERSION': '7600', 'CMAKE_PREFIX_PATH': '/home/dredre/DevStuff/scrollDiary/speechToText/ros2Workspace/install/speech_to_text_interfaces:/opt/ros/jazzy/opt/sdformat_vendor:/opt/ros/jazzy/opt/gz_math_vendor:/opt/ros/jazzy/opt/gz_utils_vendor:/opt/ros/jazzy/opt/gz_tools_vendor:/opt/ros/jazzy/opt/gz_cmake_vendor:/opt/ros/jazzy'}), 'shell': False}
[1.929509] (-) TimerEvent: {}
[2.022883] (speech_to_text_pkg) StdoutLine: {'line': b'[  8%] Built target audio_capture_node\n'}
[2.031340] (speech_to_text_pkg) StdoutLine: {'line': b'[ 34%] Built target ggml-base\n'}
[2.034026] (-) TimerEvent: {}
[2.042671] (speech_to_text_pkg) StdoutLine: {'line': b'[ 40%] Built target transcription_pre_process_node\n'}
[2.093785] (speech_to_text_pkg) StdoutLine: {'line': b'[ 82%] Built target ggml-cpu\n'}
[2.115127] (printer_pkg) StdoutLine: {'line': b'-- Found Python3: /usr/bin/python3 (found version "3.12.3") found components: Interpreter\n'}
[2.134664] (speech_to_text_pkg) StdoutLine: {'line': b'[ 88%] Built target ggml\n'}
[2.135018] (-) TimerEvent: {}
[2.171004] (speech_to_text_pkg) StdoutLine: {'line': b'[ 94%] Built target whisper\n'}
[2.219509] (speech_to_text_pkg) StdoutLine: {'line': b'[100%] Built target whisper_transcription_node\n'}
[2.237602] (-) TimerEvent: {}
[2.265185] (speech_to_text_pkg) CommandEnded: {'returncode': 0}
[2.266510] (speech_to_text_pkg) JobProgress: {'identifier': 'speech_to_text_pkg', 'progress': 'install'}
[2.266582] (speech_to_text_pkg) Command: {'cmd': ['/usr/local/bin/cmake', '--install', '/home/dredre/DevStuff/scrollDiary/speechToText/ros2Workspace/build/speech_to_text_pkg'], 'cwd': '/home/dredre/DevStuff/scrollDiary/speechToText/ros2Workspace/build/speech_to_text_pkg', 'env': OrderedDict({'LESSOPEN': '| /usr/bin/lesspipe %s', 'USER': 'dredre', 'GZ_CONFIG_PATH': '/opt/ros/jazzy/opt/sdformat_vendor/share/gz', 'XDG_SESSION_TYPE': 'wayland', 'CLUTTER_DISABLE_MIPMAPPED_TEXT': '1', 'SHLVL': '1', 'LD_LIBRARY_PATH': '/home/dredre/DevStuff/scrollDiary/speechToText/ros2Workspace/install/speech_to_text_interfaces/lib:/opt/ros/jazzy/opt/sdformat_vendor/lib:/opt/ros/jazzy/opt/rviz_ogre_vendor/lib:/opt/ros/jazzy/lib/aarch64-linux-gnu:/opt/ros/jazzy/opt/gz_math_vendor/lib:/opt/ros/jazzy/opt/gz_utils_vendor/lib:/opt/ros/jazzy/opt/gz_tools_vendor/lib:/opt/ros/jazzy/opt/gz_cmake_vendor/lib:/opt/ros/jazzy/lib', 'HOME': '/home/dredre', 'OLDPWD': '/home/dredre/DevStuff/scrollDiary/speechToText', 'DESKTOP_SESSION': 'ubuntu', 'ROS_PYTHON_VERSION': '3', 'GNOME_SHELL_SESSION_MODE': 'ubuntu', 'GTK_MODULES': 'gail:atk-bridge', 'SYSTEMD_EXEC_PID': '2827', 'GSM_SKIP_SSH_AGENT_WORKAROUND': 'true', 'DBUS_SESSION_BUS_ADDRESS': 'unix:path=/run/user/1000/bus', 'COLORTERM': 'truecolor', 'DEBUGINFOD_URLS': 'https://debuginfod.ubuntu.com', 'IM_CONFIG_PHASE': '1', 'WAYLAND_DISPLAY': 'wayland-0', 'ROS_DISTRO': 'jazzy', 'LOGNAME': 'dredre', '_': '/usr/bin/colcon', 'ROS_VERSION': '2', 'MEMORY_PRESSURE_WATCH': '/sys/fs/cgroup/user.slice/user-1000.slice/user@1000.service/session.slice/org.gnome.Shell@wayland.service/memory.pressure', 'XDG_SESSION_CLASS': 'user', 'USERNAME': 'dredre', 'TERM': 'xterm-256color', 'GNOME_DESKTOP_SESSION_ID': 'this-is-deprecated', 'PATH': '/opt/ros/jazzy/opt/gz_tools_vendor/bin:/opt/ros/jazzy/bin:/home/dredre/.local/bin:/usr/local/sbin:/usr/local/bin:/usr/sbin:/usr/bin:/sbin:/bin:/usr/games:/usr/local/games:/snap/bin:/snap/bin:/home/dredre/.local/bin', 'SESSION_MANAGER': 'local/dredre-desktop:@/tmp/.ICE-unix/2793,unix/dredre-desktop:/tmp/.ICE-unix/2793', 'XDG_MENU_PREFIX': 'gnome-', 'GNOME_TERMINAL_SCREEN': '/org/gnome/Terminal/screen/1a4083bf_0e4f_4e70_995e_f598721eb114', 'GNOME_SETUP_DISPLAY': ':1', 'XDG_RUNTIME_DIR': '/run/user/1000', 'DISPLAY': ':0', 'LANG': 'C.UTF-8', 'XDG_CURRENT_DESKTOP': 'ubuntu:GNOME', 'XMODIFIERS': '@im=ibus', 'XDG_SESSION_DESKTOP': 'ubuntu', 'XAUTHORITY': '/run/user/1000/.mutter-Xwaylandauth.68LTO3', 'LS_COLORS': 'rs=0:di=01;34:ln=01;36:mh=00:pi=40;33:so=01;35:do=01;35:bd=40;33;01:cd=40;33;01:or=40;31;01:mi=00:su=37;41:sg=30;43:ca=00:tw=30;42:ow=34;42:st=37;44:ex=01;32:*.tar=01;31:*.tgz=01;31:*.arc=01;31:*.arj=01;31:*.taz=01;31:*.lha=01;31:*.lz4=01;31:*.lzh=01;31:*.lzma=01;31:*.tlz=01;31:*.txz=01;31:*.tzo=01;31:*.t7z=01;31:*.zip=01;31:*.z=01;31:*.dz=01;31:*.gz=01;31:*.lrz=01;31:*.lz=01;31:*.lzo=01;31:*.xz=01;31:*.zst=01;31:*.tzst=01;31:*.bz2=01;31:*.bz=01;31:*.tbz=01;31:*.tbz2=01;31:*.tz=01;31:*.deb=01;31:*.rpm=01;31:*.jar=01;31:*.war=01;31:*.ear=01;31:*.sar=01;31:*.rar=01;31:*.alz=01;31:*.ace=01;31:*.zoo=01;31:*.cpio=01;31:*.7z=01;31:*.rz=01;31:*.cab=01;31:*.wim=01;31:*.swm=01;31:*.dwm=01;31:*.esd=01;31:*.avif=01;35:*.jpg=01;35:*.jpeg=01;35:*.mjpg=01;35:*.mjpeg=01;35:*.gif=01;35:*.bmp=01;35:*.pbm=01;35:*.pgm=01;35:*.ppm=01;35:*.tga=01;35:*.xbm=01;35:*.xpm=01;35:*.tif=01;35:*.tiff=01;35:*.png=01;35:*.svg=01;35:*.svgz=01;35:*.mng=01;35:*.pcx=01;35:*.mov=01;35:*.mpg=01;35:*.mpeg=01;35:*.m2v=01;35:*.mkv=01;35:*.webm=01;35:*.webp=01;35:*.ogm=01;35:*.mp4=01;35:*.m4v=01;35:*.mp4v=01;35:*.vob=01;35:*.qt=01;35:*.nuv=01;35:*.wmv=01;35:*.asf=01;35:*.rm=01;35:*.rmvb=01;35:*.flc=01;35:*.avi=01;35:*.fli=01;35:*.flv=01;35:*.gl=01;35:*.dl=01;35:*.xcf=01;35:*.xwd=01;35:*.yuv=01;35:*.cgm=01;35:*.emf=01;35:*.ogv=01;35:*.ogx=01;35:*.aac=00;36:*.au=00;36:*.flac=00;36:*.m4a=00;36:*.mid=00;36:*.midi=00;36:*.mka=00;36:*.mp3=00;36:*.mpc=00;36:*.ogg=00;36:*.ra=00;36:*.wav=00;36:*.oga=00;36:*.opus=00;36:*.spx=00;36:*.xspf=00;36:*~=00;90:*#=00;90:*.bak=00;90:*.crdownload=00;90:*.dpkg-dist=00;90:*.dpkg-new=00;90:*.dpkg-old=00;90:*.dpkg-tmp=00;90:*.old=00;90:*.orig=00;90:*.part=00;90:*.rej=00;90:*.rpmnew=00;90:*.rpmorig=00;90:*.rpmsave=00;90:*.swp=00;90:*.tmp=00;90:*.ucf-dist=00;90:*.ucf-new=00;90:*.ucf-old=00;90:', 'GNOME_TERMINAL_SERVICE': ':1.103', 'SSH_AUTH_SOCK': '/run/user/1000/keyring/ssh', 'ROS_DOMAIN_ID': '1', 'AMENT_PREFIX_PATH': '/home/dredre/DevStuff/scrollDiary/speechToText/ros2Workspace/install/speech_to_text_interfaces:/opt/ros/jazzy', 'SHELL': '/bin/bash', 'QT_ACCESSIBILITY': '1', 'GDMSESSION': 'ubuntu', 'LESSCLOSE': '/usr/bin/lesspipe %s %s', 'ROS_AUTOMATIC_DISCOVERY_RANGE': 'SUBNET', 'QT_IM_MODULE': 'ibus', 'PWD': '/home/dredre/DevStuff/scrollDiary/speechToText/ros2Workspace/build/speech_to_text_pkg', 'XDG_CONFIG_DIRS': '/etc/xdg/xdg-ubuntu:/etc/xdg', 'XDG_DATA_DIRS': '/usr/share/ubuntu:/usr/share/gnome:/usr/local/share/:/usr/share/:/var/lib/snapd/desktop', 'PYTHONPATH': '/home/dredre/DevStuff/scrollDiary/speechToText/ros2Workspace/install/speech_to_text_interfaces/lib/python3.12/site-packages:/opt/ros/jazzy/lib/python3.12/site-packages', 'COLCON': '1', 'MEMORY_PRESSURE_WRITE': 'c29tZSAyMDAwMDAgMjAwMDAwMAA=', 'VTE_VERSION': '7600', 'CMAKE_PREFIX_PATH': '/home/dredre/DevStuff/scrollDiary/speechToText/ros2Workspace/install/speech_to_text_interfaces:/opt/ros/jazzy/opt/sdformat_vendor:/opt/ros/jazzy/opt/gz_math_vendor:/opt/ros/jazzy/opt/gz_utils_vendor:/opt/ros/jazzy/opt/gz_tools_vendor:/opt/ros/jazzy/opt/gz_cmake_vendor:/opt/ros/jazzy'}), 'shell': False}
[2.299186] (speech_to_text_pkg) StdoutLine: {'line': b'-- Install configuration: "Release"\n'}
[2.299901] (speech_to_text_pkg) StdoutLine: {'line': b'-- Up-to-date: /home/dredre/DevStuff/scrollDiary/speechToText/ros2Workspace/install/speech_to_text_pkg/lib/speech_to_text_pkg/transcription_pre_process_node\n'}
[2.300214] (speech_to_text_pkg) StdoutLine: {'line': b'-- Up-to-date: /home/dredre/DevStuff/scrollDiary/speechToText/ros2Workspace/install/speech_to_text_pkg/lib/speech_to_text_pkg/audio_capture_node\n'}
[2.303549] (speech_to_text_pkg) StdoutLine: {'line': b'-- Up-to-date: /home/dredre/DevStuff/scrollDiary/speechToText/ros2Workspace/install/speech_to_text_pkg/lib/speech_to_text_pkg/whisper_transcription_node\n'}
[2.304283] (speech_to_text_pkg) StdoutLine: {'line': b'-- Up-to-date: /home/dredre/DevStuff/scrollDiary/speechToText/ros2Workspace/install/speech_to_text_pkg/lib/speech_to_text_pkg/wakeWordNode.py\n'}
[2.304611] (speech_to_text_pkg) StdoutLine: {'line': b'-- Up-to-date: /home/dredre/DevStuff/scrollDiary/speechToText/ros2Workspace/install/speech_to_text_pkg/share/ament_index/resource_index/package_run_dependencies/speech_to_text_pkg\n'}
[2.304793] (speech_to_text_pkg) StdoutLine: {'line': b'-- Up-to-date: /home/dredre/DevStuff/scrollDiary/speechToText/ros2Workspace/install/speech_to_text_pkg/share/ament_index/resource_index/parent_prefix_path/speech_to_text_pkg\n'}
[2.309504] (speech_to_text_pkg) StdoutLine: {'line': b'-- Up-to-date: /home/dredre/DevStuff/scrollDiary/speechToText/ros2Workspace/install/speech_to_text_pkg/share/speech_to_text_pkg/environment/ament_prefix_path.sh\n'}
[2.310044] (speech_to_text_pkg) StdoutLine: {'line': b'-- Up-to-date: /home/dredre/DevStuff/scrollDiary/speechToText/ros2Workspace/install/speech_to_text_pkg/share/speech_to_text_pkg/environment/ament_prefix_path.dsv\n'}
[2.310228] (speech_to_text_pkg) StdoutLine: {'line': b'-- Up-to-date: /home/dredre/DevStuff/scrollDiary/speechToText/ros2Workspace/install/speech_to_text_pkg/share/speech_to_text_pkg/environment/path.sh\n'}
[2.310392] (speech_to_text_pkg) StdoutLine: {'line': b'-- Up-to-date: /home/dredre/DevStuff/scrollDiary/speechToText/ros2Workspace/install/speech_to_text_pkg/share/speech_to_text_pkg/environment/path.dsv\n'}
[2.310625] (speech_to_text_pkg) StdoutLine: {'line': b'-- Up-to-date: /home/dredre/DevStuff/scrollDiary/speechToText/ros2Workspace/install/speech_to_text_pkg/share/speech_to_text_pkg/local_setup.bash\n'}
[2.311505] (speech_to_text_pkg) StdoutLine: {'line': b'-- Up-to-date: /home/dredre/DevStuff/scrollDiary/speechToText/ros2Workspace/install/speech_to_text_pkg/share/speech_to_text_pkg/local_setup.sh\n'}
[2.311886] (speech_to_text_pkg) StdoutLine: {'line': b'-- Up-to-date: /home/dredre/DevStuff/scrollDiary/speechToText/ros2Workspace/install/speech_to_text_pkg/share/speech_to_text_pkg/local_setup.zsh\n'}
[2.312090] (speech_to_text_pkg) StdoutLine: {'line': b'-- Up-to-date: /home/dredre/DevStuff/scrollDiary/speechToText/ros2Workspace/install/speech_to_text_pkg/share/speech_to_text_pkg/local_setup.dsv\n'}
[2.312247] (speech_to_text_pkg) StdoutLine: {'line': b'-- Installing: /home/dredre/DevStuff/scrollDiary/speechToText/ros2Workspace/install/speech_to_text_pkg/share/speech_to_text_pkg/package.dsv\n'}
[2.312385] (speech_to_text_pkg) StdoutLine: {'line': b'-- Up-to-date: /home/dredre/DevStuff/scrollDiary/speechToText/ros2Workspace/install/speech_to_text_pkg/share/ament_index/resource_index/packages/speech_to_text_pkg\n'}
[2.316623] (speech_to_text_pkg) StdoutLine: {'line': b'-- Up-to-date: /home/dredre/DevStuff/scrollDiary/speechToText/ros2Workspace/install/speech_to_text_pkg/share/speech_to_text_pkg/cmake/speech_to_text_pkgConfig.cmake\n'}
[2.316874] (speech_to_text_pkg) StdoutLine: {'line': b'-- Up-to-date: /home/dredre/DevStuff/scrollDiary/speechToText/ros2Workspace/install/speech_to_text_pkg/share/speech_to_text_pkg/cmake/speech_to_text_pkgConfig-version.cmake\n'}
[2.317031] (speech_to_text_pkg) StdoutLine: {'line': b'-- Up-to-date: /home/dredre/DevStuff/scrollDiary/speechToText/ros2Workspace/install/speech_to_text_pkg/share/speech_to_text_pkg/package.xml\n'}
[2.317157] (speech_to_text_pkg) StdoutLine: {'line': b'-- Up-to-date: /home/dredre/DevStuff/scrollDiary/speechToText/ros2Workspace/install/speech_to_text_pkg/lib/libwhisper.so.1.8.3\n'}
[2.317319] (speech_to_text_pkg) StdoutLine: {'line': b'-- Up-to-date: /home/dredre/DevStuff/scrollDiary/speechToText/ros2Workspace/install/speech_to_text_pkg/lib/libwhisper.so.1\n'}
[2.317524] (speech_to_text_pkg) StdoutLine: {'line': b'-- Up-to-date: /home/dredre/DevStuff/scrollDiary/speechToText/ros2Workspace/install/speech_to_text_pkg/lib/libwhisper.so\n'}
[2.317714] (speech_to_text_pkg) StdoutLine: {'line': b'-- Up-to-date: /home/dredre/DevStuff/scrollDiary/speechToText/ros2Workspace/install/speech_to_text_pkg/include/whisper.h\n'}
[2.320826] (speech_to_text_pkg) StdoutLine: {'line': b'-- Up-to-date: /home/dredre/DevStuff/scrollDiary/speechToText/ros2Workspace/install/speech_to_text_pkg/lib/cmake/whisper/whisper-config.cmake\n'}
[2.321309] (speech_to_text_pkg) StdoutLine: {'line': b'-- Up-to-date: /home/dredre/DevStuff/scrollDiary/speechToText/ros2Workspace/install/speech_to_text_pkg/lib/cmake/whisper/whisper-version.cmake\n'}
[2.321550] (speech_to_text_pkg) StdoutLine: {'line': b'-- Up-to-date: /home/dredre/DevStuff/scrollDiary/speechToText/ros2Workspace/install/speech_to_text_pkg/lib/pkgconfig/whisper.pc\n'}
[2.321795] (speech_to_text_pkg) StdoutLine: {'line': b'-- Up-to-date: /home/dredre/DevStuff/scrollDiary/speechToText/ros2Workspace/install/speech_to_text_pkg/lib/libggml-cpu.so.0.9.5\n'}
[2.323469] (speech_to_text_pkg) StdoutLine: {'line': b'-- Up-to-date: /home/dredre/DevStuff/scrollDiary/speechToText/ros2Workspace/install/speech_to_text_pkg/lib/libggml-cpu.so.0\n'}
[2.323952] (speech_to_text_pkg) StdoutLine: {'line': b'-- Up-to-date: /home/dredre/DevStuff/scrollDiary/speechToText/ros2Workspace/install/speech_to_text_pkg/lib/libggml-cpu.so\n'}
[2.327157] (speech_to_text_pkg) StdoutLine: {'line': b'-- Up-to-date: /home/dredre/DevStuff/scrollDiary/speechToText/ros2Workspace/install/speech_to_text_pkg/lib/libggml.so.0.9.5\n'}
[2.327446] (speech_to_text_pkg) StdoutLine: {'line': b'-- Up-to-date: /home/dredre/DevStuff/scrollDiary/speechToText/ros2Workspace/install/speech_to_text_pkg/lib/libggml.so.0\n'}
[2.327719] (speech_to_text_pkg) StdoutLine: {'line': b'-- Up-to-date: /home/dredre/DevStuff/scrollDiary/speechToText/ros2Workspace/install/speech_to_text_pkg/lib/libggml.so\n'}
[2.327962] (speech_to_text_pkg) StdoutLine: {'line': b'-- Up-to-date: /home/dredre/DevStuff/scrollDiary/speechToText/ros2Workspace/install/speech_to_text_pkg/include/ggml.h\n'}
[2.328148] (speech_to_text_pkg) StdoutLine: {'line': b'-- Up-to-date: /home/dredre/DevStuff/scrollDiary/speechToText/ros2Workspace/install/speech_to_text_pkg/include/ggml-cpu.h\n'}
[2.328322] (speech_to_text_pkg) StdoutLine: {'line': b'-- Up-to-date: /home/dredre/DevStuff/scrollDiary/speechToText/ros2Workspace/install/speech_to_text_pkg/include/ggml-alloc.h\n'}
[2.337139] (speech_to_text_pkg) StdoutLine: {'line': b'-- Up-to-date: /home/dredre/DevStuff/scrollDiary/speechToText/ros2Workspace/install/speech_to_text_pkg/include/ggml-backend.h\n'}
[2.337382] (speech_to_text_pkg) StdoutLine: {'line': b'-- Up-to-date: /home/dredre/DevStuff/scrollDiary/speechToText/ros2Workspace/install/speech_to_text_pkg/include/ggml-blas.h\n'}
[2.337591] (-) TimerEvent: {}
[2.337957] (speech_to_text_pkg) StdoutLine: {'line': b'-- Up-to-date: /home/dredre/DevStuff/scrollDiary/speechToText/ros2Workspace/install/speech_to_text_pkg/include/ggml-cann.h\n'}
[2.338119] (speech_to_text_pkg) StdoutLine: {'line': b'-- Up-to-date: /home/dredre/DevStuff/scrollDiary/speechToText/ros2Workspace/install/speech_to_text_pkg/include/ggml-cpp.h\n'}
[2.338242] (speech_to_text_pkg) StdoutLine: {'line': b'-- Up-to-date: /home/dredre/DevStuff/scrollDiary/speechToText/ros2Workspace/install/speech_to_text_pkg/include/ggml-cuda.h\n'}
[2.338356] (speech_to_text_pkg) StdoutLine: {'line': b'-- Up-to-date: /home/dredre/DevStuff/scrollDiary/speechToText/ros2Workspace/install/speech_to_text_pkg/include/ggml-opt.h\n'}
[2.338514] (speech_to_text_pkg) StdoutLine: {'line': b'-- Up-to-date: /home/dredre/DevStuff/scrollDiary/speechToText/ros2Workspace/install/speech_to_text_pkg/include/ggml-metal.h\n'}
[2.338633] (speech_to_text_pkg) StdoutLine: {'line': b'-- Up-to-date: /home/dredre/DevStuff/scrollDiary/speechToText/ros2Workspace/install/speech_to_text_pkg/include/ggml-rpc.h\n'}
[2.338739] (speech_to_text_pkg) StdoutLine: {'line': b'-- Up-to-date: /home/dredre/DevStuff/scrollDiary/speechToText/ros2Workspace/install/speech_to_text_pkg/include/ggml-sycl.h\n'}
[2.338836] (speech_to_text_pkg) StdoutLine: {'line': b'-- Up-to-date: /home/dredre/DevStuff/scrollDiary/speechToText/ros2Workspace/install/speech_to_text_pkg/include/ggml-vulkan.h\n'}
[2.338932] (speech_to_text_pkg) StdoutLine: {'line': b'-- Up-to-date: /home/dredre/DevStuff/scrollDiary/speechToText/ros2Workspace/install/speech_to_text_pkg/include/ggml-webgpu.h\n'}
[2.339035] (speech_to_text_pkg) StdoutLine: {'line': b'-- Up-to-date: /home/dredre/DevStuff/scrollDiary/speechToText/ros2Workspace/install/speech_to_text_pkg/include/ggml-zendnn.h\n'}
[2.339134] (speech_to_text_pkg) StdoutLine: {'line': b'-- Up-to-date: /home/dredre/DevStuff/scrollDiary/speechToText/ros2Workspace/install/speech_to_text_pkg/include/gguf.h\n'}
[2.339226] (speech_to_text_pkg) StdoutLine: {'line': b'-- Up-to-date: /home/dredre/DevStuff/scrollDiary/speechToText/ros2Workspace/install/speech_to_text_pkg/lib/libggml-base.so.0.9.5\n'}
[2.339325] (speech_to_text_pkg) StdoutLine: {'line': b'-- Up-to-date: /home/dredre/DevStuff/scrollDiary/speechToText/ros2Workspace/install/speech_to_text_pkg/lib/libggml-base.so.0\n'}
[2.343216] (speech_to_text_pkg) StdoutLine: {'line': b'-- Up-to-date: /home/dredre/DevStuff/scrollDiary/speechToText/ros2Workspace/install/speech_to_text_pkg/lib/libggml-base.so\n'}
[2.343676] (speech_to_text_pkg) StdoutLine: {'line': b'-- Up-to-date: /home/dredre/DevStuff/scrollDiary/speechToText/ros2Workspace/install/speech_to_text_pkg/lib/cmake/ggml/ggml-config.cmake\n'}
[2.343828] (speech_to_text_pkg) StdoutLine: {'line': b'-- Up-to-date: /home/dredre/DevStuff/scrollDiary/speechToText/ros2Workspace/install/speech_to_text_pkg/lib/cmake/ggml/ggml-version.cmake\n'}
[2.343940] (speech_to_text_pkg) CommandEnded: {'returncode': 0}
[2.402209] (speech_to_text_pkg) JobEnded: {'identifier': 'speech_to_text_pkg', 'rc': 0}
[2.437824] (-) TimerEvent: {}
[2.503549] (printer_pkg) StdoutLine: {'line': b'-- Found rclcpp: 28.1.16 (/opt/ros/jazzy/share/rclcpp/cmake)\n'}
[2.537920] (-) TimerEvent: {}
[2.593208] (printer_pkg) StdoutLine: {'line': b'-- Found rosidl_generator_c: 4.6.7 (/opt/ros/jazzy/share/rosidl_generator_c/cmake)\n'}
[2.620317] (printer_pkg) StdoutLine: {'line': b'-- Found rosidl_generator_cpp: 4.6.7 (/opt/ros/jazzy/share/rosidl_generator_cpp/cmake)\n'}
[2.638044] (-) TimerEvent: {}
[2.656857] (printer_pkg) StdoutLine: {'line': b'-- Using all available rosidl_typesupport_c: rosidl_typesupport_fastrtps_c;rosidl_typesupport_introspection_c\n'}
[2.695099] (printer_pkg) StdoutLine: {'line': b'-- Using all available rosidl_typesupport_cpp: rosidl_typesupport_fastrtps_cpp;rosidl_typesupport_introspection_cpp\n'}
[2.738173] (-) TimerEvent: {}
[2.839696] (-) TimerEvent: {}
[2.840667] (printer_pkg) StdoutLine: {'line': b'-- Found rmw_implementation_cmake: 7.3.3 (/opt/ros/jazzy/share/rmw_implementation_cmake/cmake)\n'}
[2.848983] (printer_pkg) StdoutLine: {'line': b'-- Found rmw_fastrtps_cpp: 8.4.3 (/opt/ros/jazzy/share/rmw_fastrtps_cpp/cmake)\n'}
[2.943374] (-) TimerEvent: {}
[3.043868] (printer_pkg) StdoutLine: {'line': b'-- Found OpenSSL: /usr/lib/aarch64-linux-gnu/libcrypto.so (found version "3.0.13")\n'}
[3.044190] (-) TimerEvent: {}
[3.083061] (printer_pkg) StdoutLine: {'line': b'-- Found FastRTPS: /opt/ros/jazzy/include (Required is at least version "2.13")\n'}
[3.129271] (printer_pkg) StdoutLine: {'line': b"-- Using RMW implementation 'rmw_fastrtps_cpp' as default\n"}
[3.145564] (-) TimerEvent: {}
[3.247074] (-) TimerEvent: {}
[3.278600] (printer_pkg) StdoutLine: {'line': b'-- Found std_msgs: 5.3.6 (/opt/ros/jazzy/share/std_msgs/cmake)\n'}
[3.347228] (-) TimerEvent: {}
[3.447698] (-) TimerEvent: {}
[3.548148] (-) TimerEvent: {}
[3.607513] (printer_pkg) StdoutLine: {'line': b'-- Configuring done (3.5s)\n'}
[3.639936] (printer_pkg) StdoutLine: {'line': b'-- Generating done (0.0s)\n'}
[3.644772] (printer_pkg) StdoutLine: {'line': b'-- Build files have been written to: /home/dredre/DevStuff/scrollDiary/speechToText/ros2Workspace/build/printer_pkg\n'}
[3.648264] (-) TimerEvent: {}
[3.674512] (printer_pkg) CommandEnded: {'returncode': 0}
[3.679376] (printer_pkg) JobProgress: {'identifier': 'printer_pkg', 'progress': 'build'}
[3.679523] (printer_pkg) Command: {'cmd': ['/usr/local/bin/cmake', '--build', '/home/dredre/DevStuff/scrollDiary/speechToText/ros2Workspace/build/printer_pkg', '--', '-j4', '-l4'], 'cwd': '/home/dredre/DevStuff/scrollDiary/speechToText/ros2Workspace/build/printer_pkg', 'env': OrderedDict({'LESSOPEN': '| /usr/bin/lesspipe %s', 'USER': 'dredre', 'GZ_CONFIG_PATH': '/opt/ros/jazzy/opt/sdformat_vendor/share/gz', 'XDG_SESSION_TYPE': 'wayland', 'CLUTTER_DISABLE_MIPMAPPED_TEXT': '1', 'SHLVL': '1', 'LD_LIBRARY_PATH': '/opt/ros/jazzy/opt/sdformat_vendor/lib:/opt/ros/jazzy/opt/rviz_ogre_vendor/lib:/opt/ros/jazzy/lib/aarch64-linux-gnu:/opt/ros/jazzy/opt/gz_math_vendor/lib:/opt/ros/jazzy/opt/gz_utils_vendor/lib:/opt/ros/jazzy/opt/gz_tools_vendor/lib:/opt/ros/jazzy/opt/gz_cmake_vendor/lib:/opt/ros/jazzy/lib', 'HOME': '/home/dredre', 'OLDPWD': '/home/dredre/DevStuff/scrollDiary/speechToText', 'DESKTOP_SESSION': 'ubuntu', 'ROS_PYTHON_VERSION': '3', 'GNOME_SHELL_SESSION_MODE': 'ubuntu', 'GTK_MODULES': 'gail:atk-bridge', 'SYSTEMD_EXEC_PID': '2827', 'GSM_SKIP_SSH_AGENT_WORKAROUND': 'true', 'DBUS_SESSION_BUS_ADDRESS': 'unix:path=/run/user/1000/bus', 'COLORTERM': 'truecolor', 'DEBUGINFOD_URLS': 'https://debuginfod.ubuntu.com', 'IM_CONFIG_PHASE': '1', 'WAYLAND_DISPLAY': 'wayland-0', 'ROS_DISTRO': 'jazzy', 'LOGNAME': 'dredre', '_': '/usr/bin/colcon', 'ROS_VERSION': '2', 'MEMORY_PRESSURE_WATCH': '/sys/fs/cgroup/user.slice/user-1000.slice/user@1000.service/session.slice/org.gnome.Shell@wayland.service/memory.pressure', 'XDG_SESSION_CLASS': 'user', 'USERNAME': 'dredre', 'TERM': 'xterm-256color', 'GNOME_DESKTOP_SESSION_ID': 'this-is-deprecated', 'PATH': '/opt/ros/jazzy/opt/gz_tools_vendor/bin:/opt/ros/jazzy/bin:/home/dredre/.local/bin:/usr/local/sbin:/usr/local/bin:/usr/sbin:/usr/bin:/sbin:/bin:/usr/games:/usr/local/games:/snap/bin:/snap/bin:/home/dredre/.local/bin', 'SESSION_MANAGER': 'local/dredre-desktop:@/tmp/.ICE-unix/2793,unix/dredre-desktop:/tmp/.ICE-unix/2793', 'XDG_MENU_PREFIX': 'gnome-', 'GNOME_TERMINAL_SCREEN': '/org/gnome/Terminal/screen/1a4083bf_0e4f_4e70_995e_f598721eb114', 'GNOME_SETUP_DISPLAY': ':1', 'XDG_RUNTIME_DIR': '/run/user/1000', 'DISPLAY': ':0', 'LANG': 'C.UTF-8', 'XDG_CURRENT_DESKTOP': 'ubuntu:GNOME', 'XMODIFIERS': '@im=ibus', 'XDG_SESSION_DESKTOP': 'ubuntu', 'XAUTHORITY': '/run/user/1000/.mutter-Xwaylandauth.68LTO3', 'LS_COLORS': 'rs=0:di=01;34:ln=01;36:mh=00:pi=40;33:so=01;35:do=01;35:bd=40;33;01:cd=40;33;01:or=40;31;01:mi=00:su=37;41:sg=30;43:ca=00:tw=30;42:ow=34;42:st=37;44:ex=01;32:*.tar=01;31:*.tgz=01;31:*.arc=01;31:*.arj=01;31:*.taz=01;31:*.lha=01;31:*.lz4=01;31:*.lzh=01;31:*.lzma=01;31:*.tlz=01;31:*.txz=01;31:*.tzo=01;31:*.t7z=01;31:*.zip=01;31:*.z=01;31:*.dz=01;31:*.gz=01;31:*.lrz=01;31:*.lz=01;31:*.lzo=01;31:*.xz=01;31:*.zst=01;31:*.tzst=01;31:*.bz2=01;31:*.bz=01;31:*.tbz=01;31:*.tbz2=01;31:*.tz=01;31:*.deb=01;31:*.rpm=01;31:*.jar=01;31:*.war=01;31:*.ear=01;31:*.sar=01;31:*.rar=01;31:*.alz=01;31:*.ace=01;31:*.zoo=01;31:*.cpio=01;31:*.7z=01;31:*.rz=01;31:*.cab=01;31:*.wim=01;31:*.swm=01;31:*.dwm=01;31:*.esd=01;31:*.avif=01;35:*.jpg=01;35:*.jpeg=01;35:*.mjpg=01;35:*.mjpeg=01;35:*.gif=01;35:*.bmp=01;35:*.pbm=01;35:*.pgm=01;35:*.ppm=01;35:*.tga=01;35:*.xbm=01;35:*.xpm=01;35:*.tif=01;35:*.tiff=01;35:*.png=01;35:*.svg=01;35:*.svgz=01;35:*.mng=01;35:*.pcx=01;35:*.mov=01;35:*.mpg=01;35:*.mpeg=01;35:*.m2v=01;35:*.mkv=01;35:*.webm=01;35:*.webp=01;35:*.ogm=01;35:*.mp4=01;35:*.m4v=01;35:*.mp4v=01;35:*.vob=01;35:*.qt=01;35:*.nuv=01;35:*.wmv=01;35:*.asf=01;35:*.rm=01;35:*.rmvb=01;35:*.flc=01;35:*.avi=01;35:*.fli=01;35:*.flv=01;35:*.gl=01;35:*.dl=01;35:*.xcf=01;35:*.xwd=01;35:*.yuv=01;35:*.cgm=01;35:*.emf=01;35:*.ogv=01;35:*.ogx=01;35:*.aac=00;36:*.au=00;36:*.flac=00;36:*.m4a=00;36:*.mid=00;36:*.midi=00;36:*.mka=00;36:*.mp3=00;36:*.mpc=00;36:*.ogg=00;36:*.ra=00;36:*.wav=00;36:*.oga=00;36:*.opus=00;36:*.spx=00;36:*.xspf=00;36:*~=00;90:*#=00;90:*.bak=00;90:*.crdownload=00;90:*.dpkg-dist=00;90:*.dpkg-new=00;90:*.dpkg-old=00;90:*.dpkg-tmp=00;90:*.old=00;90:*.orig=00;90:*.part=00;90:*.rej=00;90:*.rpmnew=00;90:*.rpmorig=00;90:*.rpmsave=00;90:*.swp=00;90:*.tmp=00;90:*.ucf-dist=00;90:*.ucf-new=00;90:*.ucf-old=00;90:', 'GNOME_TERMINAL_SERVICE': ':1.103', 'SSH_AUTH_SOCK': '/run/user/1000/keyring/ssh', 'ROS_DOMAIN_ID': '1', 'AMENT_PREFIX_PATH': '/opt/ros/jazzy', 'SHELL': '/bin/bash', 'QT_ACCESSIBILITY': '1', 'GDMSESSION': 'ubuntu', 'LESSCLOSE': '/usr/bin/lesspipe %s %s', 'ROS_AUTOMATIC_DISCOVERY_RANGE': 'SUBNET', 'QT_IM_MODULE': 'ibus', 'PWD': '/home/dredre/DevStuff/scrollDiary/speechToText/ros2Workspace/build/printer_pkg', 'XDG_CONFIG_DIRS': '/etc/xdg/xdg-ubuntu:/etc/xdg', 'XDG_DATA_DIRS': '/usr/share/ubuntu:/usr/share/gnome:/usr/local/share/:/usr/share/:/var/lib/snapd/desktop', 'PYTHONPATH': '/opt/ros/jazzy/lib/python3.12/site-packages', 'COLCON': '1', 'MEMORY_PRESSURE_WRITE': 'c29tZSAyMDAwMDAgMjAwMDAwMAA=', 'VTE_VERSION': '7600', 'CMAKE_PREFIX_PATH': '/opt/ros/jazzy/opt/sdformat_vendor:/opt/ros/jazzy/opt/gz_math_vendor:/opt/ros/jazzy/opt/gz_utils_vendor:/opt/ros/jazzy/opt/gz_tools_vendor:/opt/ros/jazzy/opt/gz_cmake_vendor:/opt/ros/jazzy'}), 'shell': False}
[3.734195] (printer_pkg) StdoutLine: {'line': b'[ 50%] \x1b[32mBuilding CXX object CMakeFiles/printing_node.dir/src/printingNode.cpp.o\x1b[0m\n'}
[3.748489] (-) TimerEvent: {}
[3.849358] (-) TimerEvent: {}
[3.949959] (-) TimerEvent: {}
[4.050534] (-) TimerEvent: {}
[4.151161] (-) TimerEvent: {}
[4.251932] (-) TimerEvent: {}
[4.354590] (-) TimerEvent: {}
[4.455446] (-) TimerEvent: {}
[4.556045] (-) TimerEvent: {}
[4.658379] (-) TimerEvent: {}
[4.759027] (-) TimerEvent: {}
[4.860926] (-) TimerEvent: {}
[4.961650] (-) TimerEvent: {}
[5.065663] (-) TimerEvent: {}
[5.168863] (-) TimerEvent: {}
[5.270493] (-) TimerEvent: {}
[5.370977] (-) TimerEvent: {}
[5.472272] (-) TimerEvent: {}
[5.573324] (-) TimerEvent: {}
[5.676045] (-) TimerEvent: {}
[5.776921] (-) TimerEvent: {}
[5.877334] (-) TimerEvent: {}
[5.977779] (-) TimerEvent: {}
[6.078152] (-) TimerEvent: {}
[6.178531] (-) TimerEvent: {}
[6.278906] (-) TimerEvent: {}
[6.379278] (-) TimerEvent: {}
[6.479679] (-) TimerEvent: {}
[6.580071] (-) TimerEvent: {}
[6.680472] (-) TimerEvent: {}
[6.780871] (-) TimerEvent: {}
[6.881252] (-) TimerEvent: {}
[6.981670] (-) TimerEvent: {}
[7.082532] (-) TimerEvent: {}
[7.182932] (-) TimerEvent: {}
[7.283294] (-) TimerEvent: {}
[7.383778] (-) TimerEvent: {}
[7.484317] (-) TimerEvent: {}
[7.584714] (-) TimerEvent: {}
[7.685082] (-) TimerEvent: {}
[7.785452] (-) TimerEvent: {}
[7.885809] (-) TimerEvent: {}
[7.986168] (-) TimerEvent: {}
[8.086544] (-) TimerEvent: {}
[8.186906] (-) TimerEvent: {}
[8.287278] (-) TimerEvent: {}
[8.387700] (-) TimerEvent: {}
[8.488152] (-) TimerEvent: {}
[8.496832] (printer_pkg) StderrLine: {'line': b'In file included from \x1b[01m\x1b[K/opt/ros/jazzy/include/rclcpp/rclcpp/utilities.hpp:19\x1b[m\x1b[K,\n'}
[8.497282] (printer_pkg) StderrLine: {'line': b'                 from \x1b[01m\x1b[K/opt/ros/jazzy/include/rclcpp/rclcpp/logging.hpp:25\x1b[m\x1b[K,\n'}
[8.497381] (printer_pkg) StderrLine: {'line': b'                 from \x1b[01m\x1b[K/opt/ros/jazzy/include/rclcpp/rclcpp/copy_all_parameter_values.hpp:27\x1b[m\x1b[K,\n'}
[8.497575] (printer_pkg) StderrLine: {'line': b'                 from \x1b[01m\x1b[K/opt/ros/jazzy/include/rclcpp/rclcpp/rclcpp.hpp:171\x1b[m\x1b[K,\n'}
[8.497693] (printer_pkg) StderrLine: {'line': b'                 from \x1b[01m\x1b[K/home/dredre/DevStuff/scrollDiary/speechToText/ros2Workspace/src/printer_pkg/include/printer_pkg/printingNode.hpp:7\x1b[m\x1b[K,\n'}
[8.497784] (printer_pkg) StderrLine: {'line': b'                 from \x1b[01m\x1b[K/home/dredre/DevStuff/scrollDiary/speechToText/ros2Workspace/src/printer_pkg/src/printingNode.cpp:1\x1b[m\x1b[K:\n'}
[8.497865] (printer_pkg) StderrLine: {'line': b'/usr/include/c++/13/functional: In instantiation of \xe2\x80\x98\x1b[01m\x1b[Kstruct std::_Bind_check_arity<void (printingNode::*)(), printingNode*, const std::_Placeholder<1>&>\x1b[m\x1b[K\xe2\x80\x99:\n'}
[8.497950] (printer_pkg) StderrLine: {'line': b'\x1b[01m\x1b[K/usr/include/c++/13/functional:859:12:\x1b[m\x1b[K   required from \xe2\x80\x98\x1b[01m\x1b[Kstruct std::_Bind_helper<false, void (printingNode::*)(), printingNode*, const std::_Placeholder<1>&>\x1b[m\x1b[K\xe2\x80\x99\n'}
[8.498036] (printer_pkg) StderrLine: {'line': b'\x1b[01m\x1b[K/usr/include/c++/13/functional:881:5:\x1b[m\x1b[K   required by substitution of \xe2\x80\x98\x1b[01m\x1b[Ktemplate<class _Func, class ... _BoundArgs> typename std::_Bind_helper<std::__is_socketlike<_Func>::value, _Func, _BoundArgs ...>::type std::\x1b[01;32m\x1b[Kbind\x1b[m\x1b[K(_Func&&, _BoundArgs&& ...) \x1b[35m\x1b[K[with _Func = void (printingNode::*)(); _BoundArgs = {printingNode*, const std::_Placeholder<1>&}]\x1b[m\x1b[K\x1b[m\x1b[K\xe2\x80\x99\n'}
[8.498129] (printer_pkg) StderrLine: {'line': b'\x1b[01m\x1b[K/home/dredre/DevStuff/scrollDiary/speechToText/ros2Workspace/src/printer_pkg/src/printingNode.cpp:15:40:\x1b[m\x1b[K   required from here\n'}
[8.498211] (printer_pkg) StderrLine: {'line': b'\x1b[01m\x1b[K/usr/include/c++/13/functional:847:21:\x1b[m\x1b[K \x1b[01;31m\x1b[Kerror: \x1b[m\x1b[Kstatic assertion failed: Wrong number of arguments for pointer-to-member\n'}
[8.498290] (printer_pkg) StderrLine: {'line': b'  846 |       static_assert(_Varargs::\x1b[01;31m\x1b[Kvalue\x1b[m\x1b[K\n'}
[8.498370] (printer_pkg) StderrLine: {'line': b'      |                               \x1b[01;31m\x1b[K~~~~~\x1b[m\x1b[K\n'}
[8.498465] (printer_pkg) StderrLine: {'line': b'  847 | \x1b[01;31m\x1b[K                    ? sizeof...(_BoundArgs) >= _Arity::value + 1\x1b[m\x1b[K\n'}
[8.498571] (printer_pkg) StderrLine: {'line': b'      |                     \x1b[01;31m\x1b[K^~~~~~~~~~~~~~~~~~~~~~~~~~~~~~~~~~~~~~~~~~~~\x1b[m\x1b[K\n'}
[8.498653] (printer_pkg) StderrLine: {'line': b'  848 | \x1b[01;31m\x1b[K                    : sizeof...(_BoundArgs) == _Arity::value + 1\x1b[m\x1b[K,\n'}
[8.498730] (printer_pkg) StderrLine: {'line': b'      |                     \x1b[01;31m\x1b[K~~~~~~~~~~~~~~~~~~~~~~~~~~~~~~~~~~~~~~~~~~~~\x1b[m\x1b[K\n'}
[8.499046] (printer_pkg) StderrLine: {'line': b'\x1b[01m\x1b[K/usr/include/c++/13/functional:847:21:\x1b[m\x1b[K \x1b[01;36m\x1b[Knote: \x1b[m\x1b[K\xe2\x80\x98\x1b[01m\x1b[K(false ? (2 >= (((long unsigned int)std::integral_constant<long unsigned int, 0>::value) + 1)) : (2 == (((long unsigned int)std::integral_constant<long unsigned int, 0>::value) + 1)))\x1b[m\x1b[K\xe2\x80\x99 evaluates to false\n'}
[8.512461] (printer_pkg) StderrLine: {'line': b'\x1b[01m\x1b[K/home/dredre/DevStuff/scrollDiary/speechToText/ros2Workspace/src/printer_pkg/src/printingNode.cpp:\x1b[m\x1b[K In destructor \xe2\x80\x98\x1b[01m\x1b[Kvirtual printingNode::\x1b[01;32m\x1b[K~printingNode\x1b[m\x1b[K()\x1b[m\x1b[K\xe2\x80\x99:\n'}
[8.512847] (printer_pkg) StderrLine: {'line': b'\x1b[01m\x1b[K/home/dredre/DevStuff/scrollDiary/speechToText/ros2Workspace/src/printer_pkg/src/printingNode.cpp:26:19:\x1b[m\x1b[K \x1b[01;31m\x1b[Kerror: \x1b[m\x1b[Kexpected \xe2\x80\x98\x1b[01m\x1b[K;\x1b[m\x1b[K\xe2\x80\x99 before \xe2\x80\x98\x1b[01m\x1b[K}\x1b[m\x1b[K\xe2\x80\x99 token\n'}
[8.513009] (printer_pkg) StderrLine: {'line': b'   26 |         close(fd_)\n'}
[8.513105] (printer_pkg) StderrLine: {'line': b'      |                   \x1b[01;31m\x1b[K^\x1b[m\x1b[K\n'}
[8.513193] (printer_pkg) StderrLine: {'line': b'      |                   \x1b[32m\x1b[K;\x1b[m\x1b[K\n'}
[8.513279] (printer_pkg) StderrLine: {'line': b'   27 |     \x1b[32m\x1b[K}\x1b[m\x1b[K\n'}
[8.513364] (printer_pkg) StderrLine: {'line': b'      |     \x1b[32m\x1b[K~\x1b[m\x1b[K              \n'}
[8.513475] (printer_pkg) StderrLine: {'line': b'\x1b[01m\x1b[K/home/dredre/DevStuff/scrollDiary/speechToText/ros2Workspace/src/printer_pkg/src/printingNode.cpp:\x1b[m\x1b[K In member function \xe2\x80\x98\x1b[01m\x1b[Kbool printingNode::\x1b[01;32m\x1b[KinitPrinter\x1b[m\x1b[K()\x1b[m\x1b[K\xe2\x80\x99:\n'}
[8.513572] (printer_pkg) StderrLine: {'line': b'\x1b[01m\x1b[K/home/dredre/DevStuff/scrollDiary/speechToText/ros2Workspace/src/printer_pkg/src/printingNode.cpp:31:16:\x1b[m\x1b[K \x1b[01;31m\x1b[Kerror: \x1b[m\x1b[Kcannot convert \xe2\x80\x98\x1b[01m\x1b[Kstd::string\x1b[m\x1b[K\xe2\x80\x99 {aka \xe2\x80\x98\x1b[01m\x1b[Kstd::__cxx11::basic_string<char>\x1b[m\x1b[K\xe2\x80\x99} to \xe2\x80\x98\x1b[01m\x1b[Kconst char*\x1b[m\x1b[K\xe2\x80\x99\n'}
[8.513664] (printer_pkg) StderrLine: {'line': b'   31 |     fd_ = open(\x1b[01;31m\x1b[KprinterDevice_\x1b[m\x1b[K, O_WRONLY);\n'}
[8.513751] (printer_pkg) StderrLine: {'line': b'      |                \x1b[01;31m\x1b[K^~~~~~~~~~~~~~\x1b[m\x1b[K\n'}
[8.513837] (printer_pkg) StderrLine: {'line': b'      |                \x1b[01;31m\x1b[K|\x1b[m\x1b[K\n'}
[8.513951] (printer_pkg) StderrLine: {'line': b'      |                \x1b[01;31m\x1b[Kstd::string {aka std::__cxx11::basic_string<char>}\x1b[m\x1b[K\n'}
[8.514199] (printer_pkg) StderrLine: {'line': b'In file included from \x1b[01m\x1b[K/home/dredre/DevStuff/scrollDiary/speechToText/ros2Workspace/src/printer_pkg/include/printer_pkg/printingNode.hpp:4\x1b[m\x1b[K:\n'}
[8.514315] (printer_pkg) StderrLine: {'line': b'\x1b[01m\x1b[K/usr/include/fcntl.h:209:30:\x1b[m\x1b[K \x1b[01;36m\x1b[Knote: \x1b[m\x1b[K  initializing argument 1 of \xe2\x80\x98\x1b[01m\x1b[Kint\x1b[01;32m\x1b[K open\x1b[m\x1b[K(const char*, int, ...)\x1b[m\x1b[K\xe2\x80\x99\n'}
[8.514403] (printer_pkg) StderrLine: {'line': b'  209 | extern int open (\x1b[01;36m\x1b[Kconst char *__file\x1b[m\x1b[K, int __oflag, ...) __nonnull ((1));\n'}
[8.514535] (printer_pkg) StderrLine: {'line': b'      |                  \x1b[01;36m\x1b[K~~~~~~~~~~~~^~~~~~\x1b[m\x1b[K\n'}
[8.514625] (printer_pkg) StderrLine: {'line': b'\x1b[01m\x1b[K/home/dredre/DevStuff/scrollDiary/speechToText/ros2Workspace/src/printer_pkg/src/printingNode.cpp:\x1b[m\x1b[K At global scope:\n'}
[8.514723] (printer_pkg) StderrLine: {'line': b'\x1b[01m\x1b[K/home/dredre/DevStuff/scrollDiary/speechToText/ros2Workspace/src/printer_pkg/src/printingNode.cpp:39:6:\x1b[m\x1b[K \x1b[01;31m\x1b[Kerror: \x1b[m\x1b[Kno declaration matches \xe2\x80\x98\x1b[01m\x1b[Kvoid printingNode::\x1b[01;32m\x1b[KtranscriptionCallback\x1b[m\x1b[K(std_msgs::msg::String_<std::allocator<void> >::SharedPtr)\x1b[m\x1b[K\xe2\x80\x99\n'}
[8.514813] (printer_pkg) StderrLine: {'line': b'   39 | void \x1b[01;31m\x1b[KprintingNode\x1b[m\x1b[K::transcriptionCallback(const std_msgs::msg::String::SharedPtr msg) {\n'}
[8.514897] (printer_pkg) StderrLine: {'line': b'      |      \x1b[01;31m\x1b[K^~~~~~~~~~~~\x1b[m\x1b[K\n'}
[8.514981] (printer_pkg) StderrLine: {'line': b'\x1b[01m\x1b[K/home/dredre/DevStuff/scrollDiary/speechToText/ros2Workspace/src/printer_pkg/include/printer_pkg/printingNode.hpp:20:14:\x1b[m\x1b[K \x1b[01;36m\x1b[Knote: \x1b[m\x1b[Kcandidate is: \xe2\x80\x98\x1b[01m\x1b[Kvoid printingNode::\x1b[01;32m\x1b[KtranscriptionCallback\x1b[m\x1b[K()\x1b[m\x1b[K\xe2\x80\x99\n'}
[8.515069] (printer_pkg) StderrLine: {'line': b'   20 |         void \x1b[01;36m\x1b[KtranscriptionCallback\x1b[m\x1b[K();\n'}
[8.515168] (printer_pkg) StderrLine: {'line': b'      |              \x1b[01;36m\x1b[K^~~~~~~~~~~~~~~~~~~~~\x1b[m\x1b[K\n'}
[8.515248] (printer_pkg) StderrLine: {'line': b'\x1b[01m\x1b[K/home/dredre/DevStuff/scrollDiary/speechToText/ros2Workspace/src/printer_pkg/include/printer_pkg/printingNode.hpp:12:7:\x1b[m\x1b[K \x1b[01;36m\x1b[Knote: \x1b[m\x1b[K\xe2\x80\x98\x1b[01m\x1b[Kclass printingNode\x1b[m\x1b[K\xe2\x80\x99 defined here\n'}
[8.515330] (printer_pkg) StderrLine: {'line': b'   12 | class \x1b[01;36m\x1b[KprintingNode\x1b[m\x1b[K : public rclcpp::Node {\n'}
[8.515419] (printer_pkg) StderrLine: {'line': b'      |       \x1b[01;36m\x1b[K^~~~~~~~~~~~\x1b[m\x1b[K\n'}
[8.515515] (printer_pkg) StderrLine: {'line': b'\x1b[01m\x1b[K/home/dredre/DevStuff/scrollDiary/speechToText/ros2Workspace/src/printer_pkg/src/printingNode.cpp:44:6:\x1b[m\x1b[K \x1b[01;31m\x1b[Kerror: \x1b[m\x1b[Kno declaration matches \xe2\x80\x98\x1b[01m\x1b[Kvoid printingNode::\x1b[01;32m\x1b[KtranscriptionStateCallback\x1b[m\x1b[K(std_msgs::msg::Bool_<std::allocator<void> >::SharedPtr)\x1b[m\x1b[K\xe2\x80\x99\n'}
[8.515600] (printer_pkg) StderrLine: {'line': b'   44 | void \x1b[01;31m\x1b[KprintingNode\x1b[m\x1b[K::transcriptionStateCallback(const std_msgs::msg::Bool::SharedPtr state) {\n'}
[8.515696] (printer_pkg) StderrLine: {'line': b'      |      \x1b[01;31m\x1b[K^~~~~~~~~~~~\x1b[m\x1b[K\n'}
[8.515779] (printer_pkg) StderrLine: {'line': b'\x1b[01m\x1b[K/home/dredre/DevStuff/scrollDiary/speechToText/ros2Workspace/src/printer_pkg/include/printer_pkg/printingNode.hpp:21:14:\x1b[m\x1b[K \x1b[01;36m\x1b[Knote: \x1b[m\x1b[Kcandidate is: \xe2\x80\x98\x1b[01m\x1b[Kvoid printingNode::\x1b[01;32m\x1b[KtranscriptionStateCallback\x1b[m\x1b[K()\x1b[m\x1b[K\xe2\x80\x99\n'}
[8.515863] (printer_pkg) StderrLine: {'line': b'   21 |         void \x1b[01;36m\x1b[KtranscriptionStateCallback\x1b[m\x1b[K();\n'}
[8.515943] (printer_pkg) StderrLine: {'line': b'      |              \x1b[01;36m\x1b[K^~~~~~~~~~~~~~~~~~~~~~~~~~\x1b[m\x1b[K\n'}
[8.516023] (printer_pkg) StderrLine: {'line': b'\x1b[01m\x1b[K/home/dredre/DevStuff/scrollDiary/speechToText/ros2Workspace/src/printer_pkg/include/printer_pkg/printingNode.hpp:12:7:\x1b[m\x1b[K \x1b[01;36m\x1b[Knote: \x1b[m\x1b[K\xe2\x80\x98\x1b[01m\x1b[Kclass printingNode\x1b[m\x1b[K\xe2\x80\x99 defined here\n'}
[8.516109] (printer_pkg) StderrLine: {'line': b'   12 | class \x1b[01;36m\x1b[KprintingNode\x1b[m\x1b[K : public rclcpp::Node {\n'}
[8.516195] (printer_pkg) StderrLine: {'line': b'      |       \x1b[01;36m\x1b[K^~~~~~~~~~~~\x1b[m\x1b[K\n'}
[8.526938] (printer_pkg) StderrLine: {'line': b'\x1b[01m\x1b[K/home/dredre/DevStuff/scrollDiary/speechToText/ros2Workspace/src/printer_pkg/src/printingNode.cpp:\x1b[m\x1b[K In member function \xe2\x80\x98\x1b[01m\x1b[Kvoid printingNode::\x1b[01;32m\x1b[KprintTranscription\x1b[m\x1b[K()\x1b[m\x1b[K\xe2\x80\x99:\n'}
[8.527209] (printer_pkg) StderrLine: {'line': b'\x1b[01m\x1b[K/home/dredre/DevStuff/scrollDiary/speechToText/ros2Workspace/src/printer_pkg/src/printingNode.cpp:59:52:\x1b[m\x1b[K \x1b[01;31m\x1b[Kerror: \x1b[m\x1b[K\xe2\x80\x98\x1b[01m\x1b[KfullTranscription\x1b[m\x1b[K\xe2\x80\x99 was not declared in this scope; did you mean \xe2\x80\x98\x1b[01m\x1b[KfullTranscription_\x1b[m\x1b[K\xe2\x80\x99?\n'}
[8.527311] (printer_pkg) StderrLine: {'line': b'   59 |             write(fd_, fullTranscription_.c_str(), \x1b[01;31m\x1b[KfullTranscription\x1b[m\x1b[K.size());\n'}
[8.527397] (printer_pkg) StderrLine: {'line': b'      |                                                    \x1b[01;31m\x1b[K^~~~~~~~~~~~~~~~~\x1b[m\x1b[K\n'}
[8.527507] (printer_pkg) StderrLine: {'line': b'      |                                                    \x1b[32m\x1b[KfullTranscription_\x1b[m\x1b[K\n'}
[8.588269] (-) TimerEvent: {}
[8.688682] (-) TimerEvent: {}
[8.789078] (-) TimerEvent: {}
[8.889480] (-) TimerEvent: {}
[8.989890] (-) TimerEvent: {}
[9.090299] (-) TimerEvent: {}
[9.190761] (-) TimerEvent: {}
[9.291187] (-) TimerEvent: {}
[9.391647] (-) TimerEvent: {}
[9.457667] (printer_pkg) StderrLine: {'line': b'In file included from \x1b[01m\x1b[K/opt/ros/jazzy/include/rclcpp/rclcpp/subscription_base.hpp:32\x1b[m\x1b[K,\n'}
[9.457981] (printer_pkg) StderrLine: {'line': b'                 from \x1b[01m\x1b[K/opt/ros/jazzy/include/rclcpp/rclcpp/callback_group.hpp:29\x1b[m\x1b[K,\n'}
[9.458102] (printer_pkg) StderrLine: {'line': b'                 from \x1b[01m\x1b[K/opt/ros/jazzy/include/rclcpp/rclcpp/any_executable.hpp:20\x1b[m\x1b[K,\n'}
[9.458231] (printer_pkg) StderrLine: {'line': b'                 from \x1b[01m\x1b[K/opt/ros/jazzy/include/rclcpp/rclcpp/memory_strategy.hpp:25\x1b[m\x1b[K,\n'}
[9.458343] (printer_pkg) StderrLine: {'line': b'                 from \x1b[01m\x1b[K/opt/ros/jazzy/include/rclcpp/rclcpp/memory_strategies.hpp:18\x1b[m\x1b[K,\n'}
[9.461587] (printer_pkg) StderrLine: {'line': b'                 from \x1b[01m\x1b[K/opt/ros/jazzy/include/rclcpp/rclcpp/executor_options.hpp:22\x1b[m\x1b[K,\n'}
[9.461875] (printer_pkg) StderrLine: {'line': b'                 from \x1b[01m\x1b[K/opt/ros/jazzy/include/rclcpp/rclcpp/executor.hpp:38\x1b[m\x1b[K,\n'}
[9.462019] (printer_pkg) StderrLine: {'line': b'                 from \x1b[01m\x1b[K/opt/ros/jazzy/include/rclcpp/rclcpp/executors/multi_threaded_executor.hpp:25\x1b[m\x1b[K,\n'}
[9.462142] (printer_pkg) StderrLine: {'line': b'                 from \x1b[01m\x1b[K/opt/ros/jazzy/include/rclcpp/rclcpp/executors.hpp:21\x1b[m\x1b[K,\n'}
[9.462257] (printer_pkg) StderrLine: {'line': b'                 from \x1b[01m\x1b[K/opt/ros/jazzy/include/rclcpp/rclcpp/rclcpp.hpp:172\x1b[m\x1b[K:\n'}
[9.462367] (printer_pkg) StderrLine: {'line': b'/opt/ros/jazzy/include/rclcpp/rclcpp/any_subscription_callback.hpp: In instantiation of \xe2\x80\x98\x1b[01m\x1b[Krclcpp::AnySubscriptionCallback<MessageT, AllocatorT> rclcpp::AnySubscriptionCallback<MessageT, AllocatorT>::\x1b[01;32m\x1b[Kset\x1b[m\x1b[K(CallbackT) \x1b[35m\x1b[K[with CallbackT = std::_Bind<void (printingNode::*(printingNode*, std::_Placeholder<1>))()>; MessageT = std_msgs::msg::String_<std::allocator<void> >; AllocatorT = std::allocator<void>]\x1b[m\x1b[K\x1b[m\x1b[K\xe2\x80\x99:\n'}
[9.462544] (printer_pkg) StderrLine: {'line': b'\x1b[01m\x1b[K/opt/ros/jazzy/include/rclcpp/rclcpp/subscription_factory.hpp:93:32:\x1b[m\x1b[K   required from \xe2\x80\x98\x1b[01m\x1b[Krclcpp::SubscriptionFactory rclcpp::\x1b[01;32m\x1b[Kcreate_subscription_factory\x1b[m\x1b[K(CallbackT&&, const SubscriptionOptionsWithAllocator<AllocatorT>&, typename MessageMemoryStrategyT::SharedPtr, std::shared_ptr<topic_statistics::SubscriptionTopicStatistics>) \x1b[35m\x1b[K[with MessageT = std_msgs::msg::String_<std::allocator<void> >; CallbackT = std::_Bind<void (printingNode::*(printingNode*, std::_Placeholder<1>))()>; AllocatorT = std::allocator<void>; SubscriptionT = Subscription<std_msgs::msg::String_<std::allocator<void> > >; MessageMemoryStrategyT = message_memory_strategy::MessageMemoryStrategy<std_msgs::msg::String_<std::allocator<void> >, std::allocator<void> >; typename MessageMemoryStrategyT::SharedPtr = std::shared_ptr<message_memory_strategy::MessageMemoryStrategy<std_msgs::msg::String_<std::allocator<void> >, std::allocator<void> > >]\x1b[m\x1b[K\x1b[m\x1b[K\xe2\x80\x99\n'}
[9.462678] (printer_pkg) StderrLine: {'line': b'\x1b[01m\x1b[K/opt/ros/jazzy/include/rclcpp/rclcpp/create_subscription.hpp:121:63:\x1b[m\x1b[K   required from \xe2\x80\x98\x1b[01m\x1b[Kstd::shared_ptr<ROSMessageT> rclcpp::detail::\x1b[01;32m\x1b[Kcreate_subscription\x1b[m\x1b[K(NodeParametersT&, NodeTopicsT&, const std::string&, const rclcpp::QoS&, CallbackT&&, const rclcpp::SubscriptionOptionsWithAllocator<AllocatorT>&, typename MessageMemoryStrategyT::SharedPtr) \x1b[35m\x1b[K[with MessageT = std_msgs::msg::String_<std::allocator<void> >; CallbackT = std::_Bind<void (printingNode::*(printingNode*, std::_Placeholder<1>))()>; AllocatorT = std::allocator<void>; SubscriptionT = rclcpp::Subscription<std_msgs::msg::String_<std::allocator<void> > >; MessageMemoryStrategyT = rclcpp::message_memory_strategy::MessageMemoryStrategy<std_msgs::msg::String_<std::allocator<void> >, std::allocator<void> >; NodeParametersT = rclcpp::Node; NodeTopicsT = rclcpp::Node; std::string = std::__cxx11::basic_string<char>; typename MessageMemoryStrategyT::SharedPtr = std::shared_ptr<rclcpp::message_memory_strategy::MessageMemoryStrategy<std_msgs::msg::String_<std::allocator<void> >, std::allocator<void> > >]\x1b[m\x1b[K\x1b[m\x1b[K\xe2\x80\x99\n'}
[9.462879] (printer_pkg) StderrLine: {'line': b'\x1b[01m\x1b[K/opt/ros/jazzy/include/rclcpp/rclcpp/create_subscription.hpp:190:76:\x1b[m\x1b[K   required from \xe2\x80\x98\x1b[01m\x1b[Kstd::shared_ptr<ROSMessageT> rclcpp::\x1b[01;32m\x1b[Kcreate_subscription\x1b[m\x1b[K(NodeT&, const std::string&, const QoS&, CallbackT&&, const SubscriptionOptionsWithAllocator<AllocatorT>&, typename MessageMemoryStrategyT::SharedPtr) \x1b[35m\x1b[K[with MessageT = std_msgs::msg::String_<std::allocator<void> >; CallbackT = std::_Bind<void (printingNode::*(printingNode*, std::_Placeholder<1>))()>; AllocatorT = std::allocator<void>; SubscriptionT = Subscription<std_msgs::msg::String_<std::allocator<void> > >; MessageMemoryStrategyT = message_memory_strategy::MessageMemoryStrategy<std_msgs::msg::String_<std::allocator<void> >, std::allocator<void> >; NodeT = Node; std::string = std::__cxx11::basic_string<char>; typename MessageMemoryStrategyT::SharedPtr = std::shared_ptr<message_memory_strategy::MessageMemoryStrategy<std_msgs::msg::String_<std::allocator<void> >, std::allocator<void> > >]\x1b[m\x1b[K\x1b[m\x1b[K\xe2\x80\x99\n'}
[9.463049] (printer_pkg) StderrLine: {'line': b'\x1b[01m\x1b[K/opt/ros/jazzy/include/rclcpp/rclcpp/node_impl.hpp:99:47:\x1b[m\x1b[K   required from \xe2\x80\x98\x1b[01m\x1b[Kstd::shared_ptr<ROSMessageT> rclcpp::Node::\x1b[01;32m\x1b[Kcreate_subscription\x1b[m\x1b[K(const std::string&, const rclcpp::QoS&, CallbackT&&, const rclcpp::SubscriptionOptionsWithAllocator<AllocatorT>&, typename MessageMemoryStrategyT::SharedPtr) \x1b[35m\x1b[K[with MessageT = std_msgs::msg::String_<std::allocator<void> >; CallbackT = std::_Bind<void (printingNode::*(printingNode*, std::_Placeholder<1>))()>; AllocatorT = std::allocator<void>; SubscriptionT = rclcpp::Subscription<std_msgs::msg::String_<std::allocator<void> > >; MessageMemoryStrategyT = rclcpp::message_memory_strategy::MessageMemoryStrategy<std_msgs::msg::String_<std::allocator<void> >, std::allocator<void> >; std::string = std::__cxx11::basic_string<char>; typename MessageMemoryStrategyT::SharedPtr = std::shared_ptr<rclcpp::message_memory_strategy::MessageMemoryStrategy<std_msgs::msg::String_<std::allocator<void> >, std::allocator<void> > >]\x1b[m\x1b[K\x1b[m\x1b[K\xe2\x80\x99\n'}
[9.463187] (printer_pkg) StderrLine: {'line': b'\x1b[01m\x1b[K/home/dredre/DevStuff/scrollDiary/speechToText/ros2Workspace/src/printer_pkg/src/printingNode.cpp:14:76:\x1b[m\x1b[K   required from here\n'}
[9.468828] (printer_pkg) StderrLine: {'line': b'\x1b[01m\x1b[K/opt/ros/jazzy/include/rclcpp/rclcpp/any_subscription_callback.hpp:396:25:\x1b[m\x1b[K \x1b[01;31m\x1b[Kerror: \x1b[m\x1b[Kno matching function for call to \xe2\x80\x98\x1b[01m\x1b[Kstd::function<void()>::function(std::_Bind<void (printingNode::*(printingNode*, std::_Placeholder<1>))()>&)\x1b[m\x1b[K\xe2\x80\x99\n'}
[9.468976] (printer_pkg) StderrLine: {'line': b'  396 |     callback_variant_ = \x1b[01;31m\x1b[Kstatic_cast<typename scbth::callback_type>(callback)\x1b[m\x1b[K;\n'}
[9.469088] (printer_pkg) StderrLine: {'line': b'      |                         \x1b[01;31m\x1b[K^~~~~~~~~~~~~~~~~~~~~~~~~~~~~~~~~~~~~~~~~~~~~~~~~~~~\x1b[m\x1b[K\n'}
[9.469200] (printer_pkg) StderrLine: {'line': b'In file included from \x1b[01m\x1b[K/usr/include/c++/13/functional:59\x1b[m\x1b[K:\n'}
[9.469315] (printer_pkg) StderrLine: {'line': b'\x1b[01m\x1b[K/usr/include/c++/13/bits/std_function.h:435:9:\x1b[m\x1b[K \x1b[01;36m\x1b[Knote: \x1b[m\x1b[Kcandidate: \xe2\x80\x98\x1b[01m\x1b[Ktemplate<class _Functor, class _Constraints> std::function<_Res(_ArgTypes ...)>::\x1b[01;32m\x1b[Kfunction\x1b[m\x1b[K(_Functor&&) \x1b[35m\x1b[K[with _Constraints = _Functor; _Res = void; _ArgTypes = {}]\x1b[m\x1b[K\x1b[m\x1b[K\xe2\x80\x99\n'}
[9.469701] (printer_pkg) StderrLine: {'line': b'  435 |         \x1b[01;36m\x1b[Kfunction\x1b[m\x1b[K(_Functor&& __f)\n'}
[9.469834] (printer_pkg) StderrLine: {'line': b'      |         \x1b[01;36m\x1b[K^~~~~~~~\x1b[m\x1b[K\n'}
[9.469989] (printer_pkg) StderrLine: {'line': b'\x1b[01m\x1b[K/usr/include/c++/13/bits/std_function.h:435:9:\x1b[m\x1b[K \x1b[01;36m\x1b[Knote: \x1b[m\x1b[K  template argument deduction/substitution failed:\n'}
[9.472774] (printer_pkg) StderrLine: {'line': b'In file included from \x1b[01m\x1b[K/usr/include/c++/13/bits/move.h:37\x1b[m\x1b[K,\n'}
[9.472947] (printer_pkg) StderrLine: {'line': b'                 from \x1b[01m\x1b[K/usr/include/c++/13/bits/atomic_base.h:39\x1b[m\x1b[K,\n'}
[9.473107] (printer_pkg) StderrLine: {'line': b'                 from \x1b[01m\x1b[K/usr/include/c++/13/atomic:41\x1b[m\x1b[K,\n'}
[9.473229] (printer_pkg) StderrLine: {'line': b'                 from \x1b[01m\x1b[K/home/dredre/DevStuff/scrollDiary/speechToText/ros2Workspace/src/printer_pkg/include/printer_pkg/printingNode.hpp:6\x1b[m\x1b[K:\n'}
[9.473379] (printer_pkg) StderrLine: {'line': b'/usr/include/c++/13/type_traits: In substitution of \xe2\x80\x98\x1b[01m\x1b[Ktemplate<bool _Cond, class _Tp> using std::__enable_if_t = typename std::enable_if::type \x1b[35m\x1b[K[with bool _Cond = false; _Tp = void]\x1b[m\x1b[K\x1b[m\x1b[K\xe2\x80\x99:\n'}
[9.473579] (printer_pkg) StderrLine: {'line': b'\x1b[01m\x1b[K/usr/include/c++/13/bits/std_function.h:353:8:\x1b[m\x1b[K   required by substitution of \xe2\x80\x98\x1b[01m\x1b[Ktemplate<class _Res, class ... _ArgTypes> template<class _Cond, class _Tp> using std::function<_Res(_ArgTypes ...)>::_Requires = std::__enable_if_t<_Cond::value, _Tp> \x1b[35m\x1b[K[with _Cond = std::function<void()>::_Callable<std::_Bind<void (printingNode::*(printingNode*, std::_Placeholder<1>))()>&, std::_Bind<void (printingNode::*(printingNode*, std::_Placeholder<1>))()>, std::__invoke_result<std::_Bind<void (printingNode::*(printingNode*, std::_Placeholder<1>))()>&> >; _Tp = void; _Res = void; _ArgTypes = {}]\x1b[m\x1b[K\x1b[m\x1b[K\xe2\x80\x99\n'}
[9.473739] (printer_pkg) StderrLine: {'line': b'\x1b[01m\x1b[K/usr/include/c++/13/bits/std_function.h:434:9:\x1b[m\x1b[K   required from \xe2\x80\x98\x1b[01m\x1b[Krclcpp::AnySubscriptionCallback<MessageT, AllocatorT> rclcpp::AnySubscriptionCallback<MessageT, AllocatorT>::\x1b[01;32m\x1b[Kset\x1b[m\x1b[K(CallbackT) \x1b[35m\x1b[K[with CallbackT = std::_Bind<void (printingNode::*(printingNode*, std::_Placeholder<1>))()>; MessageT = std_msgs::msg::String_<std::allocator<void> >; AllocatorT = std::allocator<void>]\x1b[m\x1b[K\x1b[m\x1b[K\xe2\x80\x99\n'}
[9.473914] (printer_pkg) StderrLine: {'line': b'\x1b[01m\x1b[K/opt/ros/jazzy/include/rclcpp/rclcpp/subscription_factory.hpp:93:32:\x1b[m\x1b[K   required from \xe2\x80\x98\x1b[01m\x1b[Krclcpp::SubscriptionFactory rclcpp::\x1b[01;32m\x1b[Kcreate_subscription_factory\x1b[m\x1b[K(CallbackT&&, const SubscriptionOptionsWithAllocator<AllocatorT>&, typename MessageMemoryStrategyT::SharedPtr, std::shared_ptr<topic_statistics::SubscriptionTopicStatistics>) \x1b[35m\x1b[K[with MessageT = std_msgs::msg::String_<std::allocator<void> >; CallbackT = std::_Bind<void (printingNode::*(printingNode*, std::_Placeholder<1>))()>; AllocatorT = std::allocator<void>; SubscriptionT = Subscription<std_msgs::msg::String_<std::allocator<void> > >; MessageMemoryStrategyT = message_memory_strategy::MessageMemoryStrategy<std_msgs::msg::String_<std::allocator<void> >, std::allocator<void> >; typename MessageMemoryStrategyT::SharedPtr = std::shared_ptr<message_memory_strategy::MessageMemoryStrategy<std_msgs::msg::String_<std::allocator<void> >, std::allocator<void> > >]\x1b[m\x1b[K\x1b[m\x1b[K\xe2\x80\x99\n'}
[9.474096] (printer_pkg) StderrLine: {'line': b'\x1b[01m\x1b[K/opt/ros/jazzy/include/rclcpp/rclcpp/create_subscription.hpp:121:63:\x1b[m\x1b[K   required from \xe2\x80\x98\x1b[01m\x1b[Kstd::shared_ptr<ROSMessageT> rclcpp::detail::\x1b[01;32m\x1b[Kcreate_subscription\x1b[m\x1b[K(NodeParametersT&, NodeTopicsT&, const std::string&, const rclcpp::QoS&, CallbackT&&, const rclcpp::SubscriptionOptionsWithAllocator<AllocatorT>&, typename MessageMemoryStrategyT::SharedPtr) \x1b[35m\x1b[K[with MessageT = std_msgs::msg::String_<std::allocator<void> >; CallbackT = std::_Bind<void (printingNode::*(printingNode*, std::_Placeholder<1>))()>; AllocatorT = std::allocator<void>; SubscriptionT = rclcpp::Subscription<std_msgs::msg::String_<std::allocator<void> > >; MessageMemoryStrategyT = rclcpp::message_memory_strategy::MessageMemoryStrategy<std_msgs::msg::String_<std::allocator<void> >, std::allocator<void> >; NodeParametersT = rclcpp::Node; NodeTopicsT = rclcpp::Node; std::string = std::__cxx11::basic_string<char>; typename MessageMemoryStrategyT::SharedPtr = std::shared_ptr<rclcpp::message_memory_strategy::MessageMemoryStrategy<std_msgs::msg::String_<std::allocator<void> >, std::allocator<void> > >]\x1b[m\x1b[K\x1b[m\x1b[K\xe2\x80\x99\n'}
[9.474279] (printer_pkg) StderrLine: {'line': b'\x1b[01m\x1b[K/opt/ros/jazzy/include/rclcpp/rclcpp/create_subscription.hpp:190:76:\x1b[m\x1b[K   required from \xe2\x80\x98\x1b[01m\x1b[Kstd::shared_ptr<ROSMessageT> rclcpp::\x1b[01;32m\x1b[Kcreate_subscription\x1b[m\x1b[K(NodeT&, const std::string&, const QoS&, CallbackT&&, const SubscriptionOptionsWithAllocator<AllocatorT>&, typename MessageMemoryStrategyT::SharedPtr) \x1b[35m\x1b[K[with MessageT = std_msgs::msg::String_<std::allocator<void> >; CallbackT = std::_Bind<void (printingNode::*(printingNode*, std::_Placeholder<1>))()>; AllocatorT = std::allocator<void>; SubscriptionT = Subscription<std_msgs::msg::String_<std::allocator<void> > >; MessageMemoryStrategyT = message_memory_strategy::MessageMemoryStrategy<std_msgs::msg::String_<std::allocator<void> >, std::allocator<void> >; NodeT = Node; std::string = std::__cxx11::basic_string<char>; typename MessageMemoryStrategyT::SharedPtr = std::shared_ptr<message_memory_strategy::MessageMemoryStrategy<std_msgs::msg::String_<std::allocator<void> >, std::allocator<void> > >]\x1b[m\x1b[K\x1b[m\x1b[K\xe2\x80\x99\n'}
[9.474450] (printer_pkg) StderrLine: {'line': b'\x1b[01m\x1b[K/opt/ros/jazzy/include/rclcpp/rclcpp/node_impl.hpp:99:47:\x1b[m\x1b[K   required from \xe2\x80\x98\x1b[01m\x1b[Kstd::shared_ptr<ROSMessageT> rclcpp::Node::\x1b[01;32m\x1b[Kcreate_subscription\x1b[m\x1b[K(const std::string&, const rclcpp::QoS&, CallbackT&&, const rclcpp::SubscriptionOptionsWithAllocator<AllocatorT>&, typename MessageMemoryStrategyT::SharedPtr) \x1b[35m\x1b[K[with MessageT = std_msgs::msg::String_<std::allocator<void> >; CallbackT = std::_Bind<void (printingNode::*(printingNode*, std::_Placeholder<1>))()>; AllocatorT = std::allocator<void>; SubscriptionT = rclcpp::Subscription<std_msgs::msg::String_<std::allocator<void> > >; MessageMemoryStrategyT = rclcpp::message_memory_strategy::MessageMemoryStrategy<std_msgs::msg::String_<std::allocator<void> >, std::allocator<void> >; std::string = std::__cxx11::basic_string<char>; typename MessageMemoryStrategyT::SharedPtr = std::shared_ptr<rclcpp::message_memory_strategy::MessageMemoryStrategy<std_msgs::msg::String_<std::allocator<void> >, std::allocator<void> > >]\x1b[m\x1b[K\x1b[m\x1b[K\xe2\x80\x99\n'}
[9.474676] (printer_pkg) StderrLine: {'line': b'\x1b[01m\x1b[K/home/dredre/DevStuff/scrollDiary/speechToText/ros2Workspace/src/printer_pkg/src/printingNode.cpp:14:76:\x1b[m\x1b[K   required from here\n'}
[9.474804] (printer_pkg) StderrLine: {'line': b'\x1b[01m\x1b[K/usr/include/c++/13/type_traits:116:11:\x1b[m\x1b[K \x1b[01;31m\x1b[Kerror: \x1b[m\x1b[Kno type named \xe2\x80\x98\x1b[01m\x1b[Ktype\x1b[m\x1b[K\xe2\x80\x99 in \xe2\x80\x98\x1b[01m\x1b[Kstruct std::enable_if<false, void>\x1b[m\x1b[K\xe2\x80\x99\n'}
[9.474942] (printer_pkg) StderrLine: {'line': b'  116 |     using \x1b[01;31m\x1b[K__enable_if_t\x1b[m\x1b[K = typename enable_if<_Cond, _Tp>::type;\n'}
[9.475081] (printer_pkg) StderrLine: {'line': b'      |           \x1b[01;31m\x1b[K^~~~~~~~~~~~~\x1b[m\x1b[K\n'}
[9.475206] (printer_pkg) StderrLine: {'line': b'/opt/ros/jazzy/include/rclcpp/rclcpp/any_subscription_callback.hpp: In instantiation of \xe2\x80\x98\x1b[01m\x1b[Krclcpp::AnySubscriptionCallback<MessageT, AllocatorT> rclcpp::AnySubscriptionCallback<MessageT, AllocatorT>::\x1b[01;32m\x1b[Kset\x1b[m\x1b[K(CallbackT) \x1b[35m\x1b[K[with CallbackT = std::_Bind<void (printingNode::*(printingNode*, std::_Placeholder<1>))()>; MessageT = std_msgs::msg::String_<std::allocator<void> >; AllocatorT = std::allocator<void>]\x1b[m\x1b[K\x1b[m\x1b[K\xe2\x80\x99:\n'}
[9.481694] (printer_pkg) StderrLine: {'line': b'\x1b[01m\x1b[K/opt/ros/jazzy/include/rclcpp/rclcpp/subscription_factory.hpp:93:32:\x1b[m\x1b[K   required from \xe2\x80\x98\x1b[01m\x1b[Krclcpp::SubscriptionFactory rclcpp::\x1b[01;32m\x1b[Kcreate_subscription_factory\x1b[m\x1b[K(CallbackT&&, const SubscriptionOptionsWithAllocator<AllocatorT>&, typename MessageMemoryStrategyT::SharedPtr, std::shared_ptr<topic_statistics::SubscriptionTopicStatistics>) \x1b[35m\x1b[K[with MessageT = std_msgs::msg::String_<std::allocator<void> >; CallbackT = std::_Bind<void (printingNode::*(printingNode*, std::_Placeholder<1>))()>; AllocatorT = std::allocator<void>; SubscriptionT = Subscription<std_msgs::msg::String_<std::allocator<void> > >; MessageMemoryStrategyT = message_memory_strategy::MessageMemoryStrategy<std_msgs::msg::String_<std::allocator<void> >, std::allocator<void> >; typename MessageMemoryStrategyT::SharedPtr = std::shared_ptr<message_memory_strategy::MessageMemoryStrategy<std_msgs::msg::String_<std::allocator<void> >, std::allocator<void> > >]\x1b[m\x1b[K\x1b[m\x1b[K\xe2\x80\x99\n'}
[9.481866] (printer_pkg) StderrLine: {'line': b'\x1b[01m\x1b[K/opt/ros/jazzy/include/rclcpp/rclcpp/create_subscription.hpp:121:63:\x1b[m\x1b[K   required from \xe2\x80\x98\x1b[01m\x1b[Kstd::shared_ptr<ROSMessageT> rclcpp::detail::\x1b[01;32m\x1b[Kcreate_subscription\x1b[m\x1b[K(NodeParametersT&, NodeTopicsT&, const std::string&, const rclcpp::QoS&, CallbackT&&, const rclcpp::SubscriptionOptionsWithAllocator<AllocatorT>&, typename MessageMemoryStrategyT::SharedPtr) \x1b[35m\x1b[K[with MessageT = std_msgs::msg::String_<std::allocator<void> >; CallbackT = std::_Bind<void (printingNode::*(printingNode*, std::_Placeholder<1>))()>; AllocatorT = std::allocator<void>; SubscriptionT = rclcpp::Subscription<std_msgs::msg::String_<std::allocator<void> > >; MessageMemoryStrategyT = rclcpp::message_memory_strategy::MessageMemoryStrategy<std_msgs::msg::String_<std::allocator<void> >, std::allocator<void> >; NodeParametersT = rclcpp::Node; NodeTopicsT = rclcpp::Node; std::string = std::__cxx11::basic_string<char>; typename MessageMemoryStrategyT::SharedPtr = std::shared_ptr<rclcpp::message_memory_strategy::MessageMemoryStrategy<std_msgs::msg::String_<std::allocator<void> >, std::allocator<void> > >]\x1b[m\x1b[K\x1b[m\x1b[K\xe2\x80\x99\n'}
[9.482017] (printer_pkg) StderrLine: {'line': b'\x1b[01m\x1b[K/opt/ros/jazzy/include/rclcpp/rclcpp/create_subscription.hpp:190:76:\x1b[m\x1b[K   required from \xe2\x80\x98\x1b[01m\x1b[Kstd::shared_ptr<ROSMessageT> rclcpp::\x1b[01;32m\x1b[Kcreate_subscription\x1b[m\x1b[K(NodeT&, const std::string&, const QoS&, CallbackT&&, const SubscriptionOptionsWithAllocator<AllocatorT>&, typename MessageMemoryStrategyT::SharedPtr) \x1b[35m\x1b[K[with MessageT = std_msgs::msg::String_<std::allocator<void> >; CallbackT = std::_Bind<void (printingNode::*(printingNode*, std::_Placeholder<1>))()>; AllocatorT = std::allocator<void>; SubscriptionT = Subscription<std_msgs::msg::String_<std::allocator<void> > >; MessageMemoryStrategyT = message_memory_strategy::MessageMemoryStrategy<std_msgs::msg::String_<std::allocator<void> >, std::allocator<void> >; NodeT = Node; std::string = std::__cxx11::basic_string<char>; typename MessageMemoryStrategyT::SharedPtr = std::shared_ptr<message_memory_strategy::MessageMemoryStrategy<std_msgs::msg::String_<std::allocator<void> >, std::allocator<void> > >]\x1b[m\x1b[K\x1b[m\x1b[K\xe2\x80\x99\n'}
[9.482154] (printer_pkg) StderrLine: {'line': b'\x1b[01m\x1b[K/opt/ros/jazzy/include/rclcpp/rclcpp/node_impl.hpp:99:47:\x1b[m\x1b[K   required from \xe2\x80\x98\x1b[01m\x1b[Kstd::shared_ptr<ROSMessageT> rclcpp::Node::\x1b[01;32m\x1b[Kcreate_subscription\x1b[m\x1b[K(const std::string&, const rclcpp::QoS&, CallbackT&&, const rclcpp::SubscriptionOptionsWithAllocator<AllocatorT>&, typename MessageMemoryStrategyT::SharedPtr) \x1b[35m\x1b[K[with MessageT = std_msgs::msg::String_<std::allocator<void> >; CallbackT = std::_Bind<void (printingNode::*(printingNode*, std::_Placeholder<1>))()>; AllocatorT = std::allocator<void>; SubscriptionT = rclcpp::Subscription<std_msgs::msg::String_<std::allocator<void> > >; MessageMemoryStrategyT = rclcpp::message_memory_strategy::MessageMemoryStrategy<std_msgs::msg::String_<std::allocator<void> >, std::allocator<void> >; std::string = std::__cxx11::basic_string<char>; typename MessageMemoryStrategyT::SharedPtr = std::shared_ptr<rclcpp::message_memory_strategy::MessageMemoryStrategy<std_msgs::msg::String_<std::allocator<void> >, std::allocator<void> > >]\x1b[m\x1b[K\x1b[m\x1b[K\xe2\x80\x99\n'}
[9.482303] (printer_pkg) StderrLine: {'line': b'\x1b[01m\x1b[K/home/dredre/DevStuff/scrollDiary/speechToText/ros2Workspace/src/printer_pkg/src/printingNode.cpp:14:76:\x1b[m\x1b[K   required from here\n'}
[9.482428] (printer_pkg) StderrLine: {'line': b'\x1b[01m\x1b[K/usr/include/c++/13/bits/std_function.h:404:7:\x1b[m\x1b[K \x1b[01;36m\x1b[Knote: \x1b[m\x1b[Kcandidate: \xe2\x80\x98\x1b[01m\x1b[Kstd::function<_Res(_ArgTypes ...)>::\x1b[01;32m\x1b[Kfunction\x1b[m\x1b[K(std::function<_Res(_ArgTypes ...)>&&) \x1b[35m\x1b[K[with _Res = void; _ArgTypes = {}]\x1b[m\x1b[K\x1b[m\x1b[K\xe2\x80\x99\n'}
[9.482558] (printer_pkg) StderrLine: {'line': b'  404 |       \x1b[01;36m\x1b[Kfunction\x1b[m\x1b[K(function&& __x) noexcept\n'}
[9.482653] (printer_pkg) StderrLine: {'line': b'      |       \x1b[01;36m\x1b[K^~~~~~~~\x1b[m\x1b[K\n'}
[9.482746] (printer_pkg) StderrLine: {'line': b'\x1b[01m\x1b[K/usr/include/c++/13/bits/std_function.h:404:27:\x1b[m\x1b[K \x1b[01;36m\x1b[Knote: \x1b[m\x1b[K  no known conversion for argument 1 from \xe2\x80\x98\x1b[01m\x1b[Kstd::_Bind<void (printingNode::*(printingNode*, std::_Placeholder<1>))()>\x1b[m\x1b[K\xe2\x80\x99 to \xe2\x80\x98\x1b[01m\x1b[Kstd::function<void()>&&\x1b[m\x1b[K\xe2\x80\x99\n'}
[9.482844] (printer_pkg) StderrLine: {'line': b'  404 |       function(\x1b[01;36m\x1b[Kfunction&& __x\x1b[m\x1b[K) noexcept\n'}
[9.482935] (printer_pkg) StderrLine: {'line': b'      |                \x1b[01;36m\x1b[K~~~~~~~~~~~^~~\x1b[m\x1b[K\n'}
[9.483033] (printer_pkg) StderrLine: {'line': b'\x1b[01m\x1b[K/usr/include/c++/13/bits/std_function.h:386:7:\x1b[m\x1b[K \x1b[01;36m\x1b[Knote: \x1b[m\x1b[Kcandidate: \xe2\x80\x98\x1b[01m\x1b[Kstd::function<_Res(_ArgTypes ...)>::\x1b[01;32m\x1b[Kfunction\x1b[m\x1b[K(const std::function<_Res(_ArgTypes ...)>&) \x1b[35m\x1b[K[with _Res = void; _ArgTypes = {}]\x1b[m\x1b[K\x1b[m\x1b[K\xe2\x80\x99\n'}
[9.483128] (printer_pkg) StderrLine: {'line': b'  386 |       \x1b[01;36m\x1b[Kfunction\x1b[m\x1b[K(const function& __x)\n'}
[9.483224] (printer_pkg) StderrLine: {'line': b'      |       \x1b[01;36m\x1b[K^~~~~~~~\x1b[m\x1b[K\n'}
[9.483319] (printer_pkg) StderrLine: {'line': b'\x1b[01m\x1b[K/usr/include/c++/13/bits/std_function.h:386:32:\x1b[m\x1b[K \x1b[01;36m\x1b[Knote: \x1b[m\x1b[K  no known conversion for argument 1 from \xe2\x80\x98\x1b[01m\x1b[Kstd::_Bind<void (printingNode::*(printingNode*, std::_Placeholder<1>))()>\x1b[m\x1b[K\xe2\x80\x99 to \xe2\x80\x98\x1b[01m\x1b[Kconst std::function<void()>&\x1b[m\x1b[K\xe2\x80\x99\n'}
[9.483487] (printer_pkg) StderrLine: {'line': b'  386 |       function(\x1b[01;36m\x1b[Kconst function& __x\x1b[m\x1b[K)\n'}
[9.483596] (printer_pkg) StderrLine: {'line': b'      |                \x1b[01;36m\x1b[K~~~~~~~~~~~~~~~~^~~\x1b[m\x1b[K\n'}
[9.483687] (printer_pkg) StderrLine: {'line': b'\x1b[01m\x1b[K/usr/include/c++/13/bits/std_function.h:375:7:\x1b[m\x1b[K \x1b[01;36m\x1b[Knote: \x1b[m\x1b[Kcandidate: \xe2\x80\x98\x1b[01m\x1b[Kstd::function<_Res(_ArgTypes ...)>::\x1b[01;32m\x1b[Kfunction\x1b[m\x1b[K(std::nullptr_t) \x1b[35m\x1b[K[with _Res = void; _ArgTypes = {}; std::nullptr_t = std::nullptr_t]\x1b[m\x1b[K\x1b[m\x1b[K\xe2\x80\x99\n'}
[9.483801] (printer_pkg) StderrLine: {'line': b'  375 |       \x1b[01;36m\x1b[Kfunction\x1b[m\x1b[K(nullptr_t) noexcept\n'}
[9.483888] (printer_pkg) StderrLine: {'line': b'      |       \x1b[01;36m\x1b[K^~~~~~~~\x1b[m\x1b[K\n'}
[9.483981] (printer_pkg) StderrLine: {'line': b'\x1b[01m\x1b[K/usr/include/c++/13/bits/std_function.h:375:16:\x1b[m\x1b[K \x1b[01;36m\x1b[Knote: \x1b[m\x1b[K  no known conversion for argument 1 from \xe2\x80\x98\x1b[01m\x1b[Kstd::_Bind<void (printingNode::*(printingNode*, std::_Placeholder<1>))()>\x1b[m\x1b[K\xe2\x80\x99 to \xe2\x80\x98\x1b[01m\x1b[Kstd::nullptr_t\x1b[m\x1b[K\xe2\x80\x99\n'}
[9.484074] (printer_pkg) StderrLine: {'line': b'  375 |       function(\x1b[01;36m\x1b[Knullptr_t\x1b[m\x1b[K) noexcept\n'}
[9.484163] (printer_pkg) StderrLine: {'line': b'      |                \x1b[01;36m\x1b[K^~~~~~~~~\x1b[m\x1b[K\n'}
[9.484246] (printer_pkg) StderrLine: {'line': b'\x1b[01m\x1b[K/usr/include/c++/13/bits/std_function.h:368:7:\x1b[m\x1b[K \x1b[01;36m\x1b[Knote: \x1b[m\x1b[Kcandidate: \xe2\x80\x98\x1b[01m\x1b[Kstd::function<_Res(_ArgTypes ...)>::\x1b[01;32m\x1b[Kfunction\x1b[m\x1b[K() \x1b[35m\x1b[K[with _Res = void; _ArgTypes = {}]\x1b[m\x1b[K\x1b[m\x1b[K\xe2\x80\x99\n'}
[9.484343] (printer_pkg) StderrLine: {'line': b'  368 |       \x1b[01;36m\x1b[Kfunction\x1b[m\x1b[K() noexcept\n'}
[9.484473] (printer_pkg) StderrLine: {'line': b'      |       \x1b[01;36m\x1b[K^~~~~~~~\x1b[m\x1b[K\n'}
[9.484598] (printer_pkg) StderrLine: {'line': b'\x1b[01m\x1b[K/usr/include/c++/13/bits/std_function.h:368:7:\x1b[m\x1b[K \x1b[01;36m\x1b[Knote: \x1b[m\x1b[K  candidate expects 0 arguments, 1 provided\n'}
[9.500507] (-) TimerEvent: {}
[9.518613] (printer_pkg) StderrLine: {'line': b'/opt/ros/jazzy/include/rclcpp/rclcpp/any_subscription_callback.hpp: In instantiation of \xe2\x80\x98\x1b[01m\x1b[Krclcpp::AnySubscriptionCallback<MessageT, AllocatorT> rclcpp::AnySubscriptionCallback<MessageT, AllocatorT>::\x1b[01;32m\x1b[Kset\x1b[m\x1b[K(CallbackT) \x1b[35m\x1b[K[with CallbackT = std::_Bind<void (printingNode::*(printingNode*, std::_Placeholder<1>))()>; MessageT = std_msgs::msg::Bool_<std::allocator<void> >; AllocatorT = std::allocator<void>]\x1b[m\x1b[K\x1b[m\x1b[K\xe2\x80\x99:\n'}
[9.519119] (printer_pkg) StderrLine: {'line': b'\x1b[01m\x1b[K/opt/ros/jazzy/include/rclcpp/rclcpp/subscription_factory.hpp:93:32:\x1b[m\x1b[K   required from \xe2\x80\x98\x1b[01m\x1b[Krclcpp::SubscriptionFactory rclcpp::\x1b[01;32m\x1b[Kcreate_subscription_factory\x1b[m\x1b[K(CallbackT&&, const SubscriptionOptionsWithAllocator<AllocatorT>&, typename MessageMemoryStrategyT::SharedPtr, std::shared_ptr<topic_statistics::SubscriptionTopicStatistics>) \x1b[35m\x1b[K[with MessageT = std_msgs::msg::Bool_<std::allocator<void> >; CallbackT = std::_Bind<void (printingNode::*(printingNode*, std::_Placeholder<1>))()>; AllocatorT = std::allocator<void>; SubscriptionT = Subscription<std_msgs::msg::Bool_<std::allocator<void> > >; MessageMemoryStrategyT = message_memory_strategy::MessageMemoryStrategy<std_msgs::msg::Bool_<std::allocator<void> >, std::allocator<void> >; typename MessageMemoryStrategyT::SharedPtr = std::shared_ptr<message_memory_strategy::MessageMemoryStrategy<std_msgs::msg::Bool_<std::allocator<void> >, std::allocator<void> > >]\x1b[m\x1b[K\x1b[m\x1b[K\xe2\x80\x99\n'}
[9.519276] (printer_pkg) StderrLine: {'line': b'\x1b[01m\x1b[K/opt/ros/jazzy/include/rclcpp/rclcpp/create_subscription.hpp:121:63:\x1b[m\x1b[K   required from \xe2\x80\x98\x1b[01m\x1b[Kstd::shared_ptr<ROSMessageT> rclcpp::detail::\x1b[01;32m\x1b[Kcreate_subscription\x1b[m\x1b[K(NodeParametersT&, NodeTopicsT&, const std::string&, const rclcpp::QoS&, CallbackT&&, const rclcpp::SubscriptionOptionsWithAllocator<AllocatorT>&, typename MessageMemoryStrategyT::SharedPtr) \x1b[35m\x1b[K[with MessageT = std_msgs::msg::Bool_<std::allocator<void> >; CallbackT = std::_Bind<void (printingNode::*(printingNode*, std::_Placeholder<1>))()>; AllocatorT = std::allocator<void>; SubscriptionT = rclcpp::Subscription<std_msgs::msg::Bool_<std::allocator<void> > >; MessageMemoryStrategyT = rclcpp::message_memory_strategy::MessageMemoryStrategy<std_msgs::msg::Bool_<std::allocator<void> >, std::allocator<void> >; NodeParametersT = rclcpp::Node; NodeTopicsT = rclcpp::Node; std::string = std::__cxx11::basic_string<char>; typename MessageMemoryStrategyT::SharedPtr = std::shared_ptr<rclcpp::message_memory_strategy::MessageMemoryStrategy<std_msgs::msg::Bool_<std::allocator<void> >, std::allocator<void> > >]\x1b[m\x1b[K\x1b[m\x1b[K\xe2\x80\x99\n'}
[9.519511] (printer_pkg) StderrLine: {'line': b'\x1b[01m\x1b[K/opt/ros/jazzy/include/rclcpp/rclcpp/create_subscription.hpp:190:76:\x1b[m\x1b[K   required from \xe2\x80\x98\x1b[01m\x1b[Kstd::shared_ptr<ROSMessageT> rclcpp::\x1b[01;32m\x1b[Kcreate_subscription\x1b[m\x1b[K(NodeT&, const std::string&, const QoS&, CallbackT&&, const SubscriptionOptionsWithAllocator<AllocatorT>&, typename MessageMemoryStrategyT::SharedPtr) \x1b[35m\x1b[K[with MessageT = std_msgs::msg::Bool_<std::allocator<void> >; CallbackT = std::_Bind<void (printingNode::*(printingNode*, std::_Placeholder<1>))()>; AllocatorT = std::allocator<void>; SubscriptionT = Subscription<std_msgs::msg::Bool_<std::allocator<void> > >; MessageMemoryStrategyT = message_memory_strategy::MessageMemoryStrategy<std_msgs::msg::Bool_<std::allocator<void> >, std::allocator<void> >; NodeT = Node; std::string = std::__cxx11::basic_string<char>; typename MessageMemoryStrategyT::SharedPtr = std::shared_ptr<message_memory_strategy::MessageMemoryStrategy<std_msgs::msg::Bool_<std::allocator<void> >, std::allocator<void> > >]\x1b[m\x1b[K\x1b[m\x1b[K\xe2\x80\x99\n'}
[9.519705] (printer_pkg) StderrLine: {'line': b'\x1b[01m\x1b[K/opt/ros/jazzy/include/rclcpp/rclcpp/node_impl.hpp:99:47:\x1b[m\x1b[K   required from \xe2\x80\x98\x1b[01m\x1b[Kstd::shared_ptr<ROSMessageT> rclcpp::Node::\x1b[01;32m\x1b[Kcreate_subscription\x1b[m\x1b[K(const std::string&, const rclcpp::QoS&, CallbackT&&, const rclcpp::SubscriptionOptionsWithAllocator<AllocatorT>&, typename MessageMemoryStrategyT::SharedPtr) \x1b[35m\x1b[K[with MessageT = std_msgs::msg::Bool_<std::allocator<void> >; CallbackT = std::_Bind<void (printingNode::*(printingNode*, std::_Placeholder<1>))()>; AllocatorT = std::allocator<void>; SubscriptionT = rclcpp::Subscription<std_msgs::msg::Bool_<std::allocator<void> > >; MessageMemoryStrategyT = rclcpp::message_memory_strategy::MessageMemoryStrategy<std_msgs::msg::Bool_<std::allocator<void> >, std::allocator<void> >; std::string = std::__cxx11::basic_string<char>; typename MessageMemoryStrategyT::SharedPtr = std::shared_ptr<rclcpp::message_memory_strategy::MessageMemoryStrategy<std_msgs::msg::Bool_<std::allocator<void> >, std::allocator<void> > >]\x1b[m\x1b[K\x1b[m\x1b[K\xe2\x80\x99\n'}
[9.519882] (printer_pkg) StderrLine: {'line': b'\x1b[01m\x1b[K/home/dredre/DevStuff/scrollDiary/speechToText/ros2Workspace/src/printer_pkg/src/printingNode.cpp:18:5:\x1b[m\x1b[K   required from here\n'}
[9.520005] (printer_pkg) StderrLine: {'line': b'\x1b[01m\x1b[K/opt/ros/jazzy/include/rclcpp/rclcpp/any_subscription_callback.hpp:396:25:\x1b[m\x1b[K \x1b[01;31m\x1b[Kerror: \x1b[m\x1b[Kno matching function for call to \xe2\x80\x98\x1b[01m\x1b[Kstd::function<void()>::function(std::_Bind<void (printingNode::*(printingNode*, std::_Placeholder<1>))()>&)\x1b[m\x1b[K\xe2\x80\x99\n'}
[9.520138] (printer_pkg) StderrLine: {'line': b'  396 |     callback_variant_ = \x1b[01;31m\x1b[Kstatic_cast<typename scbth::callback_type>(callback)\x1b[m\x1b[K;\n'}
[9.520255] (printer_pkg) StderrLine: {'line': b'      |                         \x1b[01;31m\x1b[K^~~~~~~~~~~~~~~~~~~~~~~~~~~~~~~~~~~~~~~~~~~~~~~~~~~~\x1b[m\x1b[K\n'}
[9.520365] (printer_pkg) StderrLine: {'line': b'\x1b[01m\x1b[K/usr/include/c++/13/bits/std_function.h:435:9:\x1b[m\x1b[K \x1b[01;36m\x1b[Knote: \x1b[m\x1b[Kcandidate: \xe2\x80\x98\x1b[01m\x1b[Ktemplate<class _Functor, class _Constraints> std::function<_Res(_ArgTypes ...)>::\x1b[01;32m\x1b[Kfunction\x1b[m\x1b[K(_Functor&&) \x1b[35m\x1b[K[with _Constraints = _Functor; _Res = void; _ArgTypes = {}]\x1b[m\x1b[K\x1b[m\x1b[K\xe2\x80\x99\n'}
[9.520574] (printer_pkg) StderrLine: {'line': b'  435 |         \x1b[01;36m\x1b[Kfunction\x1b[m\x1b[K(_Functor&& __f)\n'}
[9.520718] (printer_pkg) StderrLine: {'line': b'      |         \x1b[01;36m\x1b[K^~~~~~~~\x1b[m\x1b[K\n'}
[9.520843] (printer_pkg) StderrLine: {'line': b'\x1b[01m\x1b[K/usr/include/c++/13/bits/std_function.h:435:9:\x1b[m\x1b[K \x1b[01;36m\x1b[Knote: \x1b[m\x1b[K  template argument deduction/substitution failed:\n'}
[9.520968] (printer_pkg) StderrLine: {'line': b'\x1b[01m\x1b[K/usr/include/c++/13/bits/std_function.h:404:7:\x1b[m\x1b[K \x1b[01;36m\x1b[Knote: \x1b[m\x1b[Kcandidate: \xe2\x80\x98\x1b[01m\x1b[Kstd::function<_Res(_ArgTypes ...)>::\x1b[01;32m\x1b[Kfunction\x1b[m\x1b[K(std::function<_Res(_ArgTypes ...)>&&) \x1b[35m\x1b[K[with _Res = void; _ArgTypes = {}]\x1b[m\x1b[K\x1b[m\x1b[K\xe2\x80\x99\n'}
[9.521080] (printer_pkg) StderrLine: {'line': b'  404 |       \x1b[01;36m\x1b[Kfunction\x1b[m\x1b[K(function&& __x) noexcept\n'}
[9.521190] (printer_pkg) StderrLine: {'line': b'      |       \x1b[01;36m\x1b[K^~~~~~~~\x1b[m\x1b[K\n'}
[9.521312] (printer_pkg) StderrLine: {'line': b'\x1b[01m\x1b[K/usr/include/c++/13/bits/std_function.h:404:27:\x1b[m\x1b[K \x1b[01;36m\x1b[Knote: \x1b[m\x1b[K  no known conversion for argument 1 from \xe2\x80\x98\x1b[01m\x1b[Kstd::_Bind<void (printingNode::*(printingNode*, std::_Placeholder<1>))()>\x1b[m\x1b[K\xe2\x80\x99 to \xe2\x80\x98\x1b[01m\x1b[Kstd::function<void()>&&\x1b[m\x1b[K\xe2\x80\x99\n'}
[9.527616] (printer_pkg) StderrLine: {'line': b'  404 |       function(\x1b[01;36m\x1b[Kfunction&& __x\x1b[m\x1b[K) noexcept\n'}
[9.527850] (printer_pkg) StderrLine: {'line': b'      |                \x1b[01;36m\x1b[K~~~~~~~~~~~^~~\x1b[m\x1b[K\n'}
[9.527956] (printer_pkg) StderrLine: {'line': b'\x1b[01m\x1b[K/usr/include/c++/13/bits/std_function.h:386:7:\x1b[m\x1b[K \x1b[01;36m\x1b[Knote: \x1b[m\x1b[Kcandidate: \xe2\x80\x98\x1b[01m\x1b[Kstd::function<_Res(_ArgTypes ...)>::\x1b[01;32m\x1b[Kfunction\x1b[m\x1b[K(const std::function<_Res(_ArgTypes ...)>&) \x1b[35m\x1b[K[with _Res = void; _ArgTypes = {}]\x1b[m\x1b[K\x1b[m\x1b[K\xe2\x80\x99\n'}
[9.528108] (printer_pkg) StderrLine: {'line': b'  386 |       \x1b[01;36m\x1b[Kfunction\x1b[m\x1b[K(const function& __x)\n'}
[9.528214] (printer_pkg) StderrLine: {'line': b'      |       \x1b[01;36m\x1b[K^~~~~~~~\x1b[m\x1b[K\n'}
[9.528313] (printer_pkg) StderrLine: {'line': b'\x1b[01m\x1b[K/usr/include/c++/13/bits/std_function.h:386:32:\x1b[m\x1b[K \x1b[01;36m\x1b[Knote: \x1b[m\x1b[K  no known conversion for argument 1 from \xe2\x80\x98\x1b[01m\x1b[Kstd::_Bind<void (printingNode::*(printingNode*, std::_Placeholder<1>))()>\x1b[m\x1b[K\xe2\x80\x99 to \xe2\x80\x98\x1b[01m\x1b[Kconst std::function<void()>&\x1b[m\x1b[K\xe2\x80\x99\n'}
[9.528448] (printer_pkg) StderrLine: {'line': b'  386 |       function(\x1b[01;36m\x1b[Kconst function& __x\x1b[m\x1b[K)\n'}
[9.528634] (printer_pkg) StderrLine: {'line': b'      |                \x1b[01;36m\x1b[K~~~~~~~~~~~~~~~~^~~\x1b[m\x1b[K\n'}
[9.528772] (printer_pkg) StderrLine: {'line': b'\x1b[01m\x1b[K/usr/include/c++/13/bits/std_function.h:375:7:\x1b[m\x1b[K \x1b[01;36m\x1b[Knote: \x1b[m\x1b[Kcandidate: \xe2\x80\x98\x1b[01m\x1b[Kstd::function<_Res(_ArgTypes ...)>::\x1b[01;32m\x1b[Kfunction\x1b[m\x1b[K(std::nullptr_t) \x1b[35m\x1b[K[with _Res = void; _ArgTypes = {}; std::nullptr_t = std::nullptr_t]\x1b[m\x1b[K\x1b[m\x1b[K\xe2\x80\x99\n'}
[9.528914] (printer_pkg) StderrLine: {'line': b'  375 |       \x1b[01;36m\x1b[Kfunction\x1b[m\x1b[K(nullptr_t) noexcept\n'}
[9.529040] (printer_pkg) StderrLine: {'line': b'      |       \x1b[01;36m\x1b[K^~~~~~~~\x1b[m\x1b[K\n'}
[9.529159] (printer_pkg) StderrLine: {'line': b'\x1b[01m\x1b[K/usr/include/c++/13/bits/std_function.h:375:16:\x1b[m\x1b[K \x1b[01;36m\x1b[Knote: \x1b[m\x1b[K  no known conversion for argument 1 from \xe2\x80\x98\x1b[01m\x1b[Kstd::_Bind<void (printingNode::*(printingNode*, std::_Placeholder<1>))()>\x1b[m\x1b[K\xe2\x80\x99 to \xe2\x80\x98\x1b[01m\x1b[Kstd::nullptr_t\x1b[m\x1b[K\xe2\x80\x99\n'}
[9.529333] (printer_pkg) StderrLine: {'line': b'  375 |       function(\x1b[01;36m\x1b[Knullptr_t\x1b[m\x1b[K) noexcept\n'}
[9.529495] (printer_pkg) StderrLine: {'line': b'      |                \x1b[01;36m\x1b[K^~~~~~~~~\x1b[m\x1b[K\n'}
[9.529606] (printer_pkg) StderrLine: {'line': b'\x1b[01m\x1b[K/usr/include/c++/13/bits/std_function.h:368:7:\x1b[m\x1b[K \x1b[01;36m\x1b[Knote: \x1b[m\x1b[Kcandidate: \xe2\x80\x98\x1b[01m\x1b[Kstd::function<_Res(_ArgTypes ...)>::\x1b[01;32m\x1b[Kfunction\x1b[m\x1b[K() \x1b[35m\x1b[K[with _Res = void; _ArgTypes = {}]\x1b[m\x1b[K\x1b[m\x1b[K\xe2\x80\x99\n'}
[9.529721] (printer_pkg) StderrLine: {'line': b'  368 |       \x1b[01;36m\x1b[Kfunction\x1b[m\x1b[K() noexcept\n'}
[9.529827] (printer_pkg) StderrLine: {'line': b'      |       \x1b[01;36m\x1b[K^~~~~~~~\x1b[m\x1b[K\n'}
[9.529924] (printer_pkg) StderrLine: {'line': b'\x1b[01m\x1b[K/usr/include/c++/13/bits/std_function.h:368:7:\x1b[m\x1b[K \x1b[01;36m\x1b[Knote: \x1b[m\x1b[K  candidate expects 0 arguments, 1 provided\n'}
[9.605568] (-) TimerEvent: {}
[9.706081] (-) TimerEvent: {}
[9.806571] (-) TimerEvent: {}
[9.907065] (-) TimerEvent: {}
[10.007519] (-) TimerEvent: {}
[10.107919] (-) TimerEvent: {}
[10.208340] (-) TimerEvent: {}
[10.308797] (-) TimerEvent: {}
[10.409151] (-) TimerEvent: {}
[10.509510] (-) TimerEvent: {}
[10.609863] (-) TimerEvent: {}
[10.710235] (-) TimerEvent: {}
[10.810644] (-) TimerEvent: {}
[10.911033] (-) TimerEvent: {}
[11.011429] (-) TimerEvent: {}
[11.111835] (-) TimerEvent: {}
[11.212216] (-) TimerEvent: {}
[11.312609] (-) TimerEvent: {}
[11.412988] (-) TimerEvent: {}
[11.513363] (-) TimerEvent: {}
[11.613753] (-) TimerEvent: {}
[11.714111] (-) TimerEvent: {}
[11.814482] (-) TimerEvent: {}
[11.914833] (-) TimerEvent: {}
[12.015218] (-) TimerEvent: {}
[12.115624] (-) TimerEvent: {}
[12.216014] (-) TimerEvent: {}
[12.316375] (-) TimerEvent: {}
[12.416762] (-) TimerEvent: {}
[12.517150] (-) TimerEvent: {}
[12.617630] (-) TimerEvent: {}
[12.718040] (-) TimerEvent: {}
[12.818542] (-) TimerEvent: {}
[12.892979] (printer_pkg) StderrLine: {'line': b'gmake[2]: *** [CMakeFiles/printing_node.dir/build.make:79: CMakeFiles/printing_node.dir/src/printingNode.cpp.o] Error 1\n'}
[12.893502] (printer_pkg) StderrLine: {'line': b'gmake[1]: *** [CMakeFiles/Makefile2:153: CMakeFiles/printing_node.dir/all] Error 2\n'}
[12.893660] (printer_pkg) StderrLine: {'line': b'gmake: *** [Makefile:146: all] Error 2\n'}
[12.895779] (printer_pkg) CommandEnded: {'returncode': 2}
[12.902397] (printer_pkg) JobEnded: {'identifier': 'printer_pkg', 'rc': 2}
[12.915716] (-) EventReactorShutdown: {}
